{
"type": "FeatureCollection",
"name": "all_direct_estimates",
"crs": { "type": "name", "properties": { "name": "urn:ogc:def:crs:OGC:1.3:CRS84" } },
"features": [
{ "type": "Feature", "properties": { "region": "AT11", "SampSize": 89.0, "F1_wgt_F1_wgt_Direct": 0.56693377310201365, "F1_wgt_F1_wgt_SD": 0.067435578391233042, "F1_wgt_F1_wgt_CV": 11.894789407633109, "F2_wgt_Direct": 0.54436292328659075, "F2_wgt_SD": 0.06476801910780175, "F2_wgt_CV": 11.897948287286884, "F3_wgt_Direct": 0.51346190240440304, "F3_wgt_SD": 0.061431455774383768, "F3_wgt_CV": 11.964170172454256, "F4_wgt_Direct": 0.4388562371542713, "F4_wgt_SD": 0.052637642226944663, "F4_wgt_CV": 11.994279167198195, "F5_wgt_Direct": 0.55787418053683002, "F5_wgt_SD": 0.06607197277592268, "F5_wgt_CV": 11.843525848846969 }, "geometry": { "type": "MultiPolygon", "coordinates": [ [ [ [ 16.9971293, 48.1029324 ], [ 16.975732, 48.040588 ], [ 16.8786026, 48.0662332 ], [ 16.7151215, 48.0088781 ], [ 16.5881735, 47.8999611 ], [ 16.49177, 47.9404138 ], [ 16.3911505, 47.882134 ], [ 16.2954216, 47.7462311 ], [ 16.3089547, 47.6977549 ], [ 16.3725435, 47.6421355 ], [ 16.3207327, 47.5704381 ], [ 16.3283391, 47.5090801 ], [ 16.2798395, 47.454832 ], [ 16.171081, 47.4213375 ], [ 16.0788146, 47.4010632 ], [ 16.0334947, 47.3546046 ], [ 16.1065615, 47.1638677 ], [ 16.0957366, 47.075998 ], [ 16.1295522, 47.0083137 ], [ 15.996236, 46.8353985 ], [ 16.113849, 46.869068 ], [ 16.2952341, 46.9978486 ], [ 16.4723331, 47.0017452 ], [ 16.4982613, 47.0603235 ], [ 16.4744137, 47.0929108 ], [ 16.5193648, 47.1337188 ], [ 16.4358775, 47.1938968 ], [ 16.4812825, 47.2852197 ], [ 16.4337615, 47.3529185 ], [ 16.4715065, 47.4007156 ], [ 16.64622, 47.446597 ], [ 16.7024465, 47.5394505 ], [ 16.6545381, 47.6112474 ], [ 16.4215425, 47.665298 ], [ 16.6046174, 47.7560958 ], [ 16.7102996, 47.7334073 ], [ 16.7699491, 47.6828348 ], [ 16.8612288, 47.709831 ], [ 16.9058439, 47.6890818 ], [ 17.0573578, 47.7077375 ], [ 17.0631581, 47.8112954 ], [ 17.0337164, 47.8600229 ], [ 17.0947771, 47.9029282 ], [ 17.1087463, 47.9754765 ], [ 17.1607975, 48.0066565 ], [ 17.0772068, 48.0377765 ], [ 17.066741, 48.1186815 ], [ 16.9971293, 48.1029324 ] ] ] ] } },
{ "type": "Feature", "properties": { "region": "AT12", "SampSize": 402.0, "F1_wgt_F1_wgt_Direct": 0.5675494408066083, "F1_wgt_F1_wgt_SD": 0.032573337562826751, "F1_wgt_F1_wgt_CV": 5.7392951557723535, "F2_wgt_Direct": 0.57640478061745393, "F2_wgt_SD": 0.033615399687765973, "F2_wgt_CV": 5.8319085507508497, "F3_wgt_Direct": 0.5122190078268557, "F3_wgt_SD": 0.030158362721405482, "F3_wgt_CV": 5.8877867202460097, "F4_wgt_Direct": 0.44850650198332809, "F4_wgt_SD": 0.026771119137368151, "F4_wgt_CV": 5.9689478344203106, "F5_wgt_Direct": 0.50840874459142771, "F5_wgt_SD": 0.030225757353741889, "F5_wgt_CV": 5.9451686611000776 }, "geometry": { "type": "MultiPolygon", "coordinates": [ [ [ [ 15.0071894, 49.0123065 ], [ 14.9660052, 48.7726798 ], [ 14.8174929, 48.7723267 ], [ 14.7329913, 48.6873951 ], [ 14.691014, 48.584302 ], [ 14.895315, 48.5125161 ], [ 14.8768681, 48.4658406 ], [ 14.9602695, 48.3764825 ], [ 14.9502577, 48.3332972 ], [ 14.9862731, 48.2724039 ], [ 14.9504054, 48.228209899999989 ], [ 14.6902531, 48.1615622 ], [ 14.5208075, 48.2373515 ], [ 14.4776649, 48.1803267 ], [ 14.4805443, 48.1055113 ], [ 14.4606308, 48.0609357 ], [ 14.4961066, 48.0038664 ], [ 14.7507639, 47.903746 ], [ 14.7581614, 47.8792355 ], [ 14.7190085, 47.843626 ], [ 14.738545, 47.7474265 ], [ 14.9078297, 47.712432899999989 ], [ 15.0059604, 47.7476663 ], [ 15.0880965, 47.740818 ], [ 15.1930794, 47.7600603 ], [ 15.2180295, 47.7941 ], [ 15.3824556, 47.8168679 ], [ 15.5281892, 47.7498819 ], [ 15.6073261, 47.7451355 ], [ 15.7617001, 47.6343822 ], [ 15.8437993, 47.6242759 ], [ 15.8479095, 47.5684685 ], [ 16.0509339, 47.4953934 ], [ 16.1050639, 47.514243 ], [ 16.171081, 47.4213375 ], [ 16.2798395, 47.454832 ], [ 16.3283391, 47.5090801 ], [ 16.3207327, 47.5704381 ], [ 16.3725435, 47.6421355 ], [ 16.3089547, 47.6977549 ], [ 16.2954216, 47.7462311 ], [ 16.3911505, 47.882134 ], [ 16.49177, 47.9404138 ], [ 16.5881735, 47.8999611 ], [ 16.7151215, 48.0088781 ], [ 16.8786026, 48.0662332 ], [ 16.975732, 48.040588 ], [ 16.9971293, 48.1029324 ], [ 17.066741, 48.1186815 ], [ 16.976203, 48.1722445 ], [ 16.9461936, 48.2614154 ], [ 16.8555712, 48.3528659 ], [ 16.851106, 48.438635 ], [ 16.949778, 48.535792 ], [ 16.940278, 48.6172455 ], [ 16.8840616, 48.710095699999989 ], [ 16.7084339, 48.7342917 ], [ 16.5634479, 48.8012698 ], [ 16.4754351, 48.8006306 ], [ 16.3944967, 48.7443783 ], [ 16.3067906, 48.7335335 ], [ 16.0748925, 48.7560122 ], [ 15.8475186, 48.86067 ], [ 15.7536335, 48.8521785 ], [ 15.5424495, 48.907697 ], [ 15.3609023, 48.9794896 ], [ 15.190021, 48.9511634 ], [ 15.1242789, 48.996431 ], [ 15.0071894, 49.0123065 ] ], [ [ 16.2049711, 48.2499823 ], [ 16.4125029, 48.3173265 ], [ 16.5403019, 48.2606264 ], [ 16.5438606, 48.1802097 ], [ 16.578036, 48.143312 ], [ 16.496198, 48.1561917 ], [ 16.4090916, 48.1241203 ], [ 16.2885959, 48.1246405 ], [ 16.1857727, 48.1723967 ], [ 16.2049711, 48.2499823 ] ] ] ] } },
{ "type": "Feature", "properties": { "region": "AT13", "SampSize": 342.0, "F1_wgt_F1_wgt_Direct": 0.61774038749948679, "F1_wgt_F1_wgt_SD": 0.040218579799205317, "F1_wgt_F1_wgt_CV": 6.5105958122640528, "F2_wgt_Direct": 0.65248036051577696, "F2_wgt_SD": 0.041899246578500249, "F2_wgt_CV": 6.4215337524304115, "F3_wgt_Direct": 0.66327052590092739, "F3_wgt_SD": 0.044453123005530309, "F3_wgt_CV": 6.7021104164321432, "F4_wgt_Direct": 0.51182358293892738, "F4_wgt_SD": 0.03534462200997722, "F4_wgt_CV": 6.9056259203661332, "F5_wgt_Direct": 0.54206571108008861, "F5_wgt_SD": 0.036886259843682732, "F5_wgt_CV": 6.8047580006832229 }, "geometry": { "type": "MultiPolygon", "coordinates": [ [ [ [ 16.5438606, 48.1802097 ], [ 16.5403019, 48.2606264 ], [ 16.4125029, 48.3173265 ], [ 16.2049711, 48.2499823 ], [ 16.1857727, 48.1723967 ], [ 16.2885959, 48.1246405 ], [ 16.4090916, 48.1241203 ], [ 16.496198, 48.1561917 ], [ 16.578036, 48.143312 ], [ 16.5438606, 48.1802097 ] ] ] ] } },
{ "type": "Feature", "properties": { "region": "AT21", "SampSize": 117.0, "F1_wgt_F1_wgt_Direct": 0.43855105456260246, "F1_wgt_F1_wgt_SD": 0.0481561877213324, "F1_wgt_F1_wgt_CV": 10.980748357648327, "F2_wgt_Direct": 0.44562953137162264, "F2_wgt_SD": 0.047759167855281288, "F2_wgt_CV": 10.717235841233697, "F3_wgt_Direct": 0.41053360331475619, "F3_wgt_SD": 0.04353135174738075, "F3_wgt_CV": 10.60360257866766, "F4_wgt_Direct": 0.35850479588054457, "F4_wgt_SD": 0.040260762388046427, "F4_wgt_CV": 11.230187950250324, "F5_wgt_Direct": 0.40479247439119098, "F5_wgt_SD": 0.04598716342649925, "F5_wgt_CV": 11.360676478895533 }, "geometry": { "type": "MultiPolygon", "coordinates": [ [ [ [ 12.7118508, 47.1271607 ], [ 12.656083, 47.099701 ], [ 12.7420472, 47.0328293 ], [ 12.7388786, 46.9760277 ], [ 12.8083552, 46.922375 ], [ 12.8345821, 46.907713 ], [ 12.8496008, 46.8608816 ], [ 12.9609184, 46.7899324 ], [ 12.933942, 46.7691056 ], [ 12.8083552, 46.7553996 ], [ 12.722763, 46.73248 ], [ 12.690635, 46.656972 ], [ 12.731393, 46.634288 ], [ 12.8083552, 46.632137 ], [ 13.1400227, 46.5931249 ], [ 13.2567851, 46.5530732 ], [ 13.5042495, 46.566304 ], [ 13.714185, 46.5227035 ], [ 13.9149187, 46.5164981 ], [ 14.1017617, 46.4793177 ], [ 14.1678442, 46.4400095 ], [ 14.4345005, 46.4429435 ], [ 14.5263335, 46.4149557 ], [ 14.5651755, 46.3724535 ], [ 14.5973837, 46.4275161 ], [ 14.6745805, 46.4506875 ], [ 14.7250223, 46.496642 ], [ 14.8131773, 46.5151785 ], [ 14.8747311, 46.601569 ], [ 15.0651205, 46.6521125 ], [ 15.032044, 46.6759121 ], [ 15.0281154, 46.7592979 ], [ 14.9869277, 46.7906458 ], [ 15.0150011, 46.9140638 ], [ 14.9610374, 46.9804113 ], [ 14.8420565, 47.0486135 ], [ 14.3979716, 46.9892009 ], [ 14.1913617, 47.0664808 ], [ 13.946626, 46.9416195 ], [ 13.8517612, 46.9166161 ], [ 13.7851325, 46.944048 ], [ 13.6777428, 47.0375893 ], [ 13.354584, 47.0973035 ], [ 13.0638298, 47.0192602 ], [ 12.8083552, 47.0975965 ], [ 12.7118508, 47.1271607 ] ] ] ] } },
{ "type": "Feature", "properties": { "region": "AT22", "SampSize": 321.0, "F1_wgt_F1_wgt_Direct": 0.47298810968994287, "F1_wgt_F1_wgt_SD": 0.03040032915985668, "F1_wgt_F1_wgt_CV": 6.4272924703720262, "F2_wgt_Direct": 0.4579441493298495, "F2_wgt_SD": 0.029619692432916081, "F2_wgt_CV": 6.4679704885980565, "F3_wgt_Direct": 0.44679453606393255, "F3_wgt_SD": 0.02885511954740895, "F3_wgt_CV": 6.458252556445772, "F4_wgt_Direct": 0.38423866040478294, "F4_wgt_SD": 0.02549909757057521, "F4_wgt_CV": 6.636265477220002, "F5_wgt_Direct": 0.41993618478615868, "F5_wgt_SD": 0.027243342640512619, "F5_wgt_CV": 6.4874958690177102 }, "geometry": { "type": "MultiPolygon", "coordinates": [ [ [ [ 15.5281892, 47.7498819 ], [ 15.3824556, 47.8168679 ], [ 15.2180295, 47.7941 ], [ 15.1930794, 47.7600603 ], [ 15.0880965, 47.740818 ], [ 15.0059604, 47.7476663 ], [ 14.9078297, 47.712432899999989 ], [ 14.738545, 47.7474265 ], [ 14.5596744, 47.7189428 ], [ 14.3158246, 47.6095325 ], [ 14.1971606, 47.6465461 ], [ 14.0667479, 47.6210174 ], [ 14.010663, 47.700511 ], [ 13.7711549, 47.7099412 ], [ 13.7027871, 47.6356458 ], [ 13.7007494, 47.5876116 ], [ 13.752597, 47.5307136 ], [ 13.7244588, 47.4760593 ], [ 13.5855845, 47.473993 ], [ 13.5694205, 47.4179924 ], [ 13.5900787, 47.3546046 ], [ 13.6068405, 47.2832955 ], [ 13.6969805, 47.2654801 ], [ 13.8089373, 47.286367 ], [ 13.8643725, 47.2516935 ], [ 13.9598478, 47.1420642 ], [ 13.8994572, 47.105415 ], [ 13.8549218, 46.9979645 ], [ 13.7851325, 46.944048 ], [ 13.8517612, 46.9166161 ], [ 13.946626, 46.9416195 ], [ 14.1913617, 47.0664808 ], [ 14.3979716, 46.9892009 ], [ 14.8420565, 47.0486135 ], [ 14.9610374, 46.9804113 ], [ 15.0150011, 46.9140638 ], [ 14.9869277, 46.7906458 ], [ 15.0281154, 46.7592979 ], [ 15.032044, 46.6759121 ], [ 15.0651205, 46.6521125 ], [ 15.4019795, 46.6535485 ], [ 15.4979118, 46.6180109 ], [ 15.649988, 46.705757 ], [ 15.786422, 46.7074695 ], [ 16.0084256, 46.6812887 ], [ 15.996236, 46.8353985 ], [ 16.1295522, 47.0083137 ], [ 16.0957366, 47.075998 ], [ 16.1065615, 47.1638677 ], [ 16.0334947, 47.3546046 ], [ 16.0788146, 47.4010632 ], [ 16.171081, 47.4213375 ], [ 16.1050639, 47.514243 ], [ 16.0509339, 47.4953934 ], [ 15.8479095, 47.5684685 ], [ 15.8437993, 47.6242759 ], [ 15.7617001, 47.6343822 ], [ 15.6073261, 47.7451355 ], [ 15.5281892, 47.7498819 ] ] ] ] } },
{ "type": "Feature", "properties": { "region": "AT31", "SampSize": 332.0, "F1_wgt_F1_wgt_Direct": 0.48891037976988871, "F1_wgt_F1_wgt_SD": 0.032699174915966057, "F1_wgt_F1_wgt_CV": 6.688173593564593, "F2_wgt_Direct": 0.46106071143119809, "F2_wgt_SD": 0.02906905185687067, "F2_wgt_CV": 6.3048208481343382, "F3_wgt_Direct": 0.4614665485740701, "F3_wgt_SD": 0.032151852788700648, "F3_wgt_CV": 6.9673203589837138, "F4_wgt_Direct": 0.36665598674476646, "F4_wgt_SD": 0.02584959844340122, "F4_wgt_CV": 7.0500958331263899, "F5_wgt_Direct": 0.4230855870290251, "F5_wgt_SD": 0.029107514252262819, "F5_wgt_CV": 6.8798170263044067 }, "geometry": { "type": "MultiPolygon", "coordinates": [ [ [ [ 14.0256237, 48.6367041 ], [ 14.0419502, 48.6602085 ], [ 14.0075856, 48.7002042 ], [ 13.839507, 48.771605 ], [ 13.796107, 48.7136005 ], [ 13.8193661, 48.6129297 ], [ 13.7270905, 48.5130195 ], [ 13.5133695, 48.590978 ], [ 13.4384305, 48.548895 ], [ 13.4498652, 48.5052554 ], [ 13.4016169, 48.3714917 ], [ 13.277131, 48.3024049 ], [ 13.177043, 48.29439 ], [ 13.0369182, 48.2612689 ], [ 12.9446845, 48.2066925 ], [ 12.8757152, 48.1970875 ], [ 12.751555, 48.1128105 ], [ 12.8601815, 47.99664 ], [ 13.0251803, 48.0348996 ], [ 13.1669544, 47.9733751 ], [ 13.303821, 48.0078245 ], [ 13.3379399, 47.9700197 ], [ 13.2902201, 47.9344798 ], [ 13.2996855, 47.8409239 ], [ 13.4359956, 47.7982441 ], [ 13.4586079, 47.7390922 ], [ 13.5290138, 47.7050056 ], [ 13.4876344, 47.5554801 ], [ 13.516362, 47.496776 ], [ 13.5855845, 47.473993 ], [ 13.7244588, 47.4760593 ], [ 13.752597, 47.5307136 ], [ 13.7007494, 47.5876116 ], [ 13.7027871, 47.6356458 ], [ 13.7711549, 47.7099412 ], [ 14.010663, 47.700511 ], [ 14.0667479, 47.6210174 ], [ 14.1971606, 47.6465461 ], [ 14.3158246, 47.6095325 ], [ 14.5596744, 47.7189428 ], [ 14.738545, 47.7474265 ], [ 14.7190085, 47.843626 ], [ 14.7581614, 47.8792355 ], [ 14.7507639, 47.903746 ], [ 14.4961066, 48.0038664 ], [ 14.4606308, 48.0609357 ], [ 14.4805443, 48.1055113 ], [ 14.4776649, 48.1803267 ], [ 14.5208075, 48.2373515 ], [ 14.6902531, 48.1615622 ], [ 14.9504054, 48.228209899999989 ], [ 14.9862731, 48.2724039 ], [ 14.9502577, 48.3332972 ], [ 14.9602695, 48.3764825 ], [ 14.8768681, 48.4658406 ], [ 14.895315, 48.5125161 ], [ 14.691014, 48.584302 ], [ 14.4719633, 48.6360474 ], [ 14.3341477, 48.5594414 ], [ 14.0919265, 48.5942054 ], [ 14.0256237, 48.6367041 ] ], [ [ 13.5378959, 47.8077686 ], [ 13.5512325, 47.7675664 ], [ 13.4935439, 47.7631578 ], [ 13.4781783, 47.7850593 ], [ 13.5378959, 47.8077686 ] ] ] ] } },
{ "type": "Feature", "properties": { "region": "AT32", "SampSize": 135.0, "F1_wgt_F1_wgt_Direct": 0.51037401731669163, "F1_wgt_F1_wgt_SD": 0.053410483242082168, "F1_wgt_F1_wgt_CV": 10.464969106948184, "F2_wgt_Direct": 0.45943554716926349, "F2_wgt_SD": 0.047349457121336383, "F2_wgt_CV": 10.306006449233688, "F3_wgt_Direct": 0.52389930983801614, "F3_wgt_SD": 0.057165238947930241, "F3_wgt_CV": 10.911493463430045, "F4_wgt_Direct": 0.43581225940123225, "F4_wgt_SD": 0.046299487038115747, "F4_wgt_CV": 10.623722953945164, "F5_wgt_Direct": 0.47253428981747558, "F5_wgt_SD": 0.049607761576229162, "F5_wgt_CV": 10.49823529111316 }, "geometry": { "type": "MultiPolygon", "coordinates": [ [ [ [ 12.8601815, 47.99664 ], [ 12.8757855, 47.962609 ], [ 12.9388765, 47.9360387 ], [ 12.9953713, 47.8554159 ], [ 12.9180406, 47.7220138 ], [ 13.0280435, 47.713987499999988 ], [ 13.0837838, 47.6687191 ], [ 13.0460555, 47.5205025 ], [ 13.0084417, 47.4716763 ], [ 12.9190264, 47.4947708 ], [ 12.8038348, 47.5590531 ], [ 12.7901653, 47.630667 ], [ 12.6957955, 47.682223 ], [ 12.6139715, 47.6711081 ], [ 12.5750265, 47.632316 ], [ 12.6515281, 47.5766832 ], [ 12.6410374, 47.5407796 ], [ 12.6873639, 47.4805066 ], [ 12.4868464, 47.3546046 ], [ 12.3884489, 47.316120299999987 ], [ 12.1006083, 47.2904728 ], [ 12.0874548, 47.1766284 ], [ 12.136014, 47.0806675 ], [ 12.2407455, 47.0691685 ], [ 12.3788443, 47.1395392 ], [ 12.4717772, 47.1540268 ], [ 12.656083, 47.099701 ], [ 12.7118508, 47.1271607 ], [ 12.8083552, 47.0975965 ], [ 13.0638298, 47.0192602 ], [ 13.354584, 47.0973035 ], [ 13.6777428, 47.0375893 ], [ 13.7851325, 46.944048 ], [ 13.8549218, 46.9979645 ], [ 13.8994572, 47.105415 ], [ 13.9598478, 47.1420642 ], [ 13.8643725, 47.2516935 ], [ 13.8089373, 47.286367 ], [ 13.6969805, 47.2654801 ], [ 13.6068405, 47.2832955 ], [ 13.5900787, 47.3546046 ], [ 13.5694205, 47.4179924 ], [ 13.5855845, 47.473993 ], [ 13.516362, 47.496776 ], [ 13.4876344, 47.5554801 ], [ 13.5290138, 47.7050056 ], [ 13.4586079, 47.7390922 ], [ 13.4359956, 47.7982441 ], [ 13.2996855, 47.8409239 ], [ 13.2902201, 47.9344798 ], [ 13.3379399, 47.9700197 ], [ 13.303821, 48.0078245 ], [ 13.1669544, 47.9733751 ], [ 13.0251803, 48.0348996 ], [ 12.8601815, 47.99664 ] ] ], [ [ [ 13.5378959, 47.8077686 ], [ 13.4781783, 47.7850593 ], [ 13.4935439, 47.7631578 ], [ 13.5512325, 47.7675664 ], [ 13.5378959, 47.8077686 ] ] ] ] } },
{ "type": "Feature", "properties": { "region": "AT33", "SampSize": 173.0, "F1_wgt_F1_wgt_Direct": 0.46804806041525371, "F1_wgt_F1_wgt_SD": 0.04340018834887964, "F1_wgt_F1_wgt_CV": 9.2725922868636292, "F2_wgt_Direct": 0.4794295578239603, "F2_wgt_SD": 0.044027874408214138, "F2_wgt_CV": 9.1833875675184284, "F3_wgt_Direct": 0.47700112366870207, "F3_wgt_SD": 0.044669761740675523, "F3_wgt_CV": 9.3647078642314927, "F4_wgt_Direct": 0.36378753242636958, "F4_wgt_SD": 0.033989213606322399, "F4_wgt_CV": 9.3431496620082246, "F5_wgt_Direct": 0.37464215052996258, "F5_wgt_SD": 0.034965806397814492, "F5_wgt_CV": 9.3331213127920716 }, "geometry": { "type": "MultiPolygon", "coordinates": [ [ [ [ 12.8083552, 46.7553996 ], [ 12.933942, 46.7691056 ], [ 12.9609184, 46.7899324 ], [ 12.8496008, 46.8608816 ], [ 12.8345821, 46.907713 ], [ 12.8083552, 46.922375 ], [ 12.7388786, 46.9760277 ], [ 12.7420472, 47.0328293 ], [ 12.656083, 47.099701 ], [ 12.4717772, 47.1540268 ], [ 12.3788443, 47.1395392 ], [ 12.2407455, 47.0691685 ], [ 12.1318994, 47.0086509 ], [ 12.1563608, 46.9163492 ], [ 12.2749477, 46.874102 ], [ 12.2926646, 46.7891622 ], [ 12.477924, 46.6798355 ], [ 12.690635, 46.656972 ], [ 12.722763, 46.73248 ], [ 12.8083552, 46.7553996 ] ] ], [ [ [ 12.2283597, 47.7209635 ], [ 12.1722235, 47.6950309 ], [ 12.1945969, 47.6167946 ], [ 12.060662, 47.6187435 ], [ 11.828887, 47.5855569 ], [ 11.632883, 47.592446 ], [ 11.5585673, 47.5151052 ], [ 11.410219, 47.495324 ], [ 11.3956188, 47.4720072 ], [ 11.4214275, 47.444852 ], [ 11.3328294, 47.4442533 ], [ 11.2650568, 47.4041775 ], [ 11.2083889, 47.4305332 ], [ 11.0165005, 47.396368 ], [ 10.9912025, 47.396131 ], [ 10.9577936, 47.4493567 ], [ 10.8842713, 47.4840445 ], [ 10.886199, 47.536848 ], [ 10.7873761, 47.5197767 ], [ 10.6370435, 47.5646806 ], [ 10.553154, 47.5371963 ], [ 10.454439, 47.555797 ], [ 10.4403131, 47.5083938 ], [ 10.4683086, 47.4370069 ], [ 10.3832478, 47.3546046 ], [ 10.3100811, 47.3018153 ], [ 10.178353, 47.270114 ], [ 10.212787, 47.157281 ], [ 10.1425609, 47.0856863 ], [ 10.1463372, 46.9900615 ], [ 10.1075983, 46.9209459 ], [ 10.1449745, 46.851009499999989 ], [ 10.2187794, 46.8675563 ], [ 10.2456122, 46.921561 ], [ 10.3763168, 46.9947411 ], [ 10.4784873, 46.9355931 ], [ 10.4696515, 46.854909 ], [ 10.6652251, 46.8690318 ], [ 10.8116104, 46.7820598 ], [ 11.0058982, 46.7688496 ], [ 11.1642815, 46.9657225 ], [ 11.3283518, 46.990249899999988 ], [ 11.4112505, 46.9705266 ], [ 11.4816303, 47.0031231 ], [ 11.5463018, 46.9894223 ], [ 11.6271995, 47.013299 ], [ 11.7508114, 46.9757264 ], [ 12.136014, 47.0806675 ], [ 12.0874548, 47.1766284 ], [ 12.1006083, 47.2904728 ], [ 12.3884489, 47.316120299999987 ], [ 12.4868464, 47.3546046 ], [ 12.6873639, 47.4805066 ], [ 12.6410374, 47.5407796 ], [ 12.6515281, 47.5766832 ], [ 12.5750265, 47.632316 ], [ 12.5047212, 47.6296239 ], [ 12.4290389, 47.6891211 ], [ 12.3380455, 47.6970875 ], [ 12.2640709, 47.68489 ], [ 12.2533542, 47.7241216 ], [ 12.2283597, 47.7209635 ] ] ] ] } },
{ "type": "Feature", "properties": { "region": "AT34", "SampSize": 104.0, "F1_wgt_F1_wgt_Direct": 0.42666810716286441, "F1_wgt_F1_wgt_SD": 0.04946885326730683, "F1_wgt_F1_wgt_CV": 11.594223340537608, "F2_wgt_Direct": 0.50061271130738894, "F2_wgt_SD": 0.058269549886024459, "F2_wgt_CV": 11.639646491166598, "F3_wgt_Direct": 0.39774971796077047, "F3_wgt_SD": 0.047350607375014113, "F3_wgt_CV": 11.904623746253476, "F4_wgt_Direct": 0.39079189577815338, "F4_wgt_SD": 0.047486609755345931, "F4_wgt_CV": 12.151380381312553, "F5_wgt_Direct": 0.37357806901060531, "F5_wgt_SD": 0.045617601539945769, "F5_wgt_CV": 12.210995592102266 }, "geometry": { "type": "MultiPolygon", "coordinates": [ [ [ [ 9.6965015, 47.531359 ], [ 9.5587205, 47.541893 ], [ 9.5783082, 47.4820723 ], [ 9.6513167, 47.429418 ], [ 9.6533973, 47.3758071 ], [ 9.6094199, 47.3546046 ], [ 9.530749, 47.270581 ], [ 9.6205805, 47.1516455 ], [ 9.607078, 47.0607745 ], [ 9.8709551, 47.01375 ], [ 9.88113, 46.9415781 ], [ 9.954927, 46.9149026 ], [ 10.0879179, 46.8491151 ], [ 10.1449745, 46.851009499999989 ], [ 10.1075983, 46.9209459 ], [ 10.1463372, 46.9900615 ], [ 10.1425609, 47.0856863 ], [ 10.212787, 47.157281 ], [ 10.178353, 47.270114 ], [ 10.2175059, 47.3546046 ], [ 10.1975072, 47.3842965 ], [ 10.1020687, 47.3665981 ], [ 10.0840138, 47.4476546 ], [ 9.999526, 47.483017 ], [ 9.9678135, 47.5462405 ], [ 9.8596105, 47.5394545 ], [ 9.7936304, 47.5827691 ], [ 9.6965015, 47.531359 ] ] ] ] } },
{ "type": "Feature", "properties": { "region": "BE10", "SampSize": 95.0, "F1_wgt_F1_wgt_Direct": 0.4932812077521152, "F1_wgt_F1_wgt_SD": 0.051864224542075371, "F1_wgt_F1_wgt_CV": 10.514129410771776, "F2_wgt_Direct": 0.47767073148316341, "F2_wgt_SD": 0.051213456757780787, "F2_wgt_CV": 10.721497756155889, "F3_wgt_Direct": 0.48304047546275608, "F3_wgt_SD": 0.051079980994685789, "F3_wgt_CV": 10.574679263834115, "F4_wgt_Direct": 0.44539250451196166, "F4_wgt_SD": 0.048768903742383352, "F4_wgt_CV": 10.94964626668377, "F5_wgt_Direct": 0.47940883203518742, "F5_wgt_SD": 0.051093998815414043, "F5_wgt_CV": 10.657709120315886 }, "geometry": { "type": "MultiPolygon", "coordinates": [ [ [ [ 4.4014417, 50.9061478 ], [ 4.3077608, 50.8904166 ], [ 4.2583775, 50.8224343 ], [ 4.3714031, 50.768245 ], [ 4.4804765, 50.794258 ], [ 4.4767835, 50.8203775 ], [ 4.4014417, 50.9061478 ] ] ] ] } },
{ "type": "Feature", "properties": { "region": "BE21", "SampSize": 291.0, "F1_wgt_F1_wgt_Direct": 0.51952477882742409, "F1_wgt_F1_wgt_SD": 0.031192724009670839, "F1_wgt_F1_wgt_CV": 6.0040878281250283, "F2_wgt_Direct": 0.50838046200092013, "F2_wgt_SD": 0.031028364736159011, "F2_wgt_CV": 6.1033747469435315, "F3_wgt_Direct": 0.49896596297382034, "F3_wgt_SD": 0.03020716827731949, "F3_wgt_CV": 6.0539536799836577, "F4_wgt_Direct": 0.43523232407878037, "F4_wgt_SD": 0.027272280683901431, "F4_wgt_CV": 6.2661432010194504, "F5_wgt_Direct": 0.46311654966676985, "F5_wgt_SD": 0.028418236792435641, "F5_wgt_CV": 6.1363034451875365 }, "geometry": { "type": "MultiPolygon", "coordinates": [ [ [ [ 4.759926, 51.5024645 ], [ 4.669544, 51.426384 ], [ 4.5482235, 51.4292322 ], [ 4.5278879, 51.4756477 ], [ 4.4861737, 51.4776545 ], [ 4.3896554, 51.4439831 ], [ 4.405945, 51.3651572 ], [ 4.279565, 51.3760175 ], [ 4.2436695, 51.3747295 ], [ 4.242049, 51.353967 ], [ 4.3066972, 51.2768334 ], [ 4.3272389, 51.1699011 ], [ 4.3078285, 51.1250345 ], [ 4.175792, 51.1012115 ], [ 4.2006867, 51.0443398 ], [ 4.240999, 51.036869 ], [ 4.528663, 50.9922645 ], [ 4.789319, 51.038929 ], [ 4.8292764, 51.0150245 ], [ 4.9815745, 51.0348855 ], [ 5.0202443, 51.0721653 ], [ 5.2610735, 51.146965 ], [ 5.2194414, 51.2258228 ], [ 5.2377165, 51.2616005 ], [ 5.2259005, 51.3094631 ], [ 5.1448117, 51.320924 ], [ 5.0877973, 51.3822964 ], [ 5.10218, 51.429005 ], [ 5.0415081, 51.4791235 ], [ 4.8993905, 51.4058874 ], [ 4.8410459, 51.42781 ], [ 4.8286325, 51.4802636 ], [ 4.759926, 51.5024645 ] ], [ [ 4.7818793, 51.4454281 ], [ 4.8305436, 51.4148266 ], [ 4.7881026, 51.3957225 ], [ 4.7464385, 51.4382283 ], [ 4.7818793, 51.4454281 ] ] ] ] } },
{ "type": "Feature", "properties": { "region": "BE22", "SampSize": 163.0, "F1_wgt_F1_wgt_Direct": 0.47427893070035287, "F1_wgt_F1_wgt_SD": 0.038729920841908169, "F1_wgt_F1_wgt_CV": 8.1660639625540412, "F2_wgt_Direct": 0.48281441013177279, "F2_wgt_SD": 0.039725026787141432, "F2_wgt_CV": 8.2278047120216264, "F3_wgt_Direct": 0.47870477639564862, "F3_wgt_SD": 0.039137944332143598, "F3_wgt_CV": 8.1757998378098833, "F4_wgt_Direct": 0.38924337901547296, "F4_wgt_SD": 0.032895513489404497, "F4_wgt_CV": 8.4511427201686207, "F5_wgt_Direct": 0.4183476236522693, "F5_wgt_SD": 0.034694313932990897, "F5_wgt_CV": 8.2931782019225313 }, "geometry": { "type": "MultiPolygon", "coordinates": [ [ [ [ 5.892073, 50.7552375 ], [ 5.7739669, 50.7745151 ], [ 5.6820005, 50.7574465 ], [ 5.7699419, 50.7466521 ], [ 5.819052, 50.7145575 ], [ 5.8871238, 50.7185278 ], [ 5.892073, 50.7552375 ] ] ], [ [ [ 5.653808, 50.865605699999989 ], [ 5.7325995, 50.9273671 ], [ 5.7661255, 51.0087155 ], [ 5.798274, 51.0598535 ], [ 5.8352033, 51.1562479 ], [ 5.5662835, 51.2208365 ], [ 5.5476848, 51.2688151 ], [ 5.4984314, 51.2958182 ], [ 5.2377165, 51.2616005 ], [ 5.2194414, 51.2258228 ], [ 5.2610735, 51.146965 ], [ 5.0202443, 51.0721653 ], [ 4.9815745, 51.0348855 ], [ 5.1211589, 51.0200769 ], [ 5.0637028, 50.9408841 ], [ 5.168051, 50.8863002 ], [ 5.1034805, 50.709064 ], [ 5.236913, 50.727273 ], [ 5.3771198, 50.7454774 ], [ 5.4316865, 50.719803 ], [ 5.687622, 50.811924 ], [ 5.653808, 50.865605699999989 ] ] ] ] } },
{ "type": "Feature", "properties": { "region": "BE23", "SampSize": 207.0, "F1_wgt_F1_wgt_Direct": 0.50787836818894938, "F1_wgt_F1_wgt_SD": 0.036153913829252669, "F1_wgt_F1_wgt_CV": 7.1186166006980018, "F2_wgt_Direct": 0.50359666635436118, "F2_wgt_SD": 0.036731463355921798, "F2_wgt_CV": 7.2938257558034172, "F3_wgt_Direct": 0.485235149886654, "F3_wgt_SD": 0.034843972282617937, "F3_wgt_CV": 7.1808425854468991, "F4_wgt_Direct": 0.42165202616361674, "F4_wgt_SD": 0.031256548118595379, "F4_wgt_CV": 7.4128774864387053, "F5_wgt_Direct": 0.45929274032372042, "F5_wgt_SD": 0.03329701876956366, "F5_wgt_CV": 7.2496287979851664 }, "geometry": { "type": "MultiPolygon", "coordinates": [ [ [ [ 4.242049, 51.353967 ], [ 4.2348175, 51.348254 ], [ 4.2159519, 51.3330928 ], [ 4.1657555, 51.2927285 ], [ 4.1052114, 51.2653992 ], [ 3.9776665, 51.225132 ], [ 3.8563395, 51.211056 ], [ 3.6017475, 51.3005669 ], [ 3.5343111, 51.2895125 ], [ 3.5002824, 51.2467507 ], [ 3.380661, 51.2742995 ], [ 3.41093, 51.159889 ], [ 3.331306, 51.098873 ], [ 3.4397572, 51.0259486 ], [ 3.44883, 50.9402639 ], [ 3.419824, 50.910935 ], [ 3.4667465, 50.9020965 ], [ 3.5133249, 50.8082358 ], [ 3.4603055, 50.765899 ], [ 3.5412725, 50.7337005 ], [ 3.6292444, 50.7264333 ], [ 3.7192507, 50.7750244 ], [ 3.7756765, 50.7478925 ], [ 3.8153905, 50.750725 ], [ 3.8957365, 50.7329445 ], [ 4.059374, 50.796891 ], [ 4.1052114, 50.9294467 ], [ 4.1368848, 50.9194287 ], [ 4.1565866, 50.9292911 ], [ 4.147153, 50.9693985 ], [ 4.240999, 51.036869 ], [ 4.2006867, 51.0443398 ], [ 4.175792, 51.1012115 ], [ 4.3078285, 51.1250345 ], [ 4.3272389, 51.1699011 ], [ 4.3066972, 51.2768334 ], [ 4.242049, 51.353967 ] ] ] ] } },
{ "type": "Feature", "properties": { "region": "BE24", "SampSize": 161.0, "F1_wgt_F1_wgt_Direct": 0.54106268089170417, "F1_wgt_F1_wgt_SD": 0.043438935670314517, "F1_wgt_F1_wgt_CV": 8.0284479422466397, "F2_wgt_Direct": 0.51018796332314476, "F2_wgt_SD": 0.041657617607904783, "F2_wgt_CV": 8.1651510036742145, "F3_wgt_Direct": 0.51937324814657904, "F3_wgt_SD": 0.042013270047265787, "F3_wgt_CV": 8.0892248873412669, "F4_wgt_Direct": 0.45689808827039946, "F4_wgt_SD": 0.037922574312655638, "F4_wgt_CV": 8.3000072195995855, "F5_wgt_Direct": 0.47641684088439062, "F5_wgt_SD": 0.039043952300624081, "F5_wgt_CV": 8.1953342010633623 }, "geometry": { "type": "MultiPolygon", "coordinates": [ [ [ [ 4.528663, 50.9922645 ], [ 4.240999, 51.036869 ], [ 4.147153, 50.9693985 ], [ 4.1565866, 50.9292911 ], [ 4.1368848, 50.9194287 ], [ 4.1052114, 50.9294467 ], [ 4.059374, 50.796891 ], [ 3.8957365, 50.7329445 ], [ 3.9394782, 50.6911638 ], [ 4.1052114, 50.7075457 ], [ 4.2726254, 50.6961714 ], [ 4.597269, 50.7635345 ], [ 4.6284394, 50.749574 ], [ 4.6634177, 50.78849 ], [ 4.7588413, 50.802515299999989 ], [ 5.0195665, 50.750762 ], [ 5.1034805, 50.709064 ], [ 5.168051, 50.8863002 ], [ 5.0637028, 50.9408841 ], [ 5.1211589, 51.0200769 ], [ 4.9815745, 51.0348855 ], [ 4.8292764, 51.0150245 ], [ 4.789319, 51.038929 ], [ 4.528663, 50.9922645 ] ], [ [ 4.3077608, 50.8904166 ], [ 4.4014417, 50.9061478 ], [ 4.4767835, 50.8203775 ], [ 4.4804765, 50.794258 ], [ 4.3714031, 50.768245 ], [ 4.2583775, 50.8224343 ], [ 4.3077608, 50.8904166 ] ] ] ] } },
{ "type": "Feature", "properties": { "region": "BE25", "SampSize": 175.0, "F1_wgt_F1_wgt_Direct": 0.51929574471306672, "F1_wgt_F1_wgt_SD": 0.039942751704013332, "F1_wgt_F1_wgt_CV": 7.6917155803160728, "F2_wgt_Direct": 0.5120536623218982, "F2_wgt_SD": 0.040521448068139877, "F2_wgt_CV": 7.913515916358473, "F3_wgt_Direct": 0.47914161544609096, "F3_wgt_SD": 0.037523937861524539, "F3_wgt_CV": 7.8314921208814141, "F4_wgt_Direct": 0.43545321277359478, "F4_wgt_SD": 0.034518109572036777, "F4_wgt_CV": 7.9269387753911875, "F5_wgt_Direct": 0.47119801533076383, "F5_wgt_SD": 0.036649216123297759, "F5_wgt_CV": 7.7778799848236533 }, "geometry": { "type": "MultiPolygon", "coordinates": [ [ [ [ 3.4667465, 50.9020965 ], [ 3.419824, 50.910935 ], [ 3.44883, 50.9402639 ], [ 3.4397572, 51.0259486 ], [ 3.331306, 51.098873 ], [ 3.41093, 51.159889 ], [ 3.380661, 51.2742995 ], [ 3.3657875, 51.3698355 ], [ 3.1953846, 51.3550153 ], [ 3.1106885, 51.3122595 ], [ 2.7490515, 51.16177 ], [ 2.703774, 51.1448255 ], [ 2.6792938, 51.1361205 ], [ 2.6510292, 51.1291479 ], [ 2.604628, 51.110096 ], [ 2.546011, 51.089382 ], [ 2.6226208, 50.9566082 ], [ 2.607036, 50.9126895 ], [ 2.6361432, 50.820799 ], [ 2.7066946, 50.8099287 ], [ 2.863276, 50.7083435 ], [ 2.8529767, 50.7504771 ], [ 2.9417009, 50.7690008 ], [ 2.9543678, 50.7974769 ], [ 3.0018815, 50.8051838 ], [ 3.0187085, 50.773533 ], [ 3.098481, 50.779019 ], [ 3.176996, 50.7561645 ], [ 3.1953846, 50.7553546 ], [ 3.2967188, 50.7508916 ], [ 3.324118, 50.722309 ], [ 3.4603055, 50.765899 ], [ 3.5133249, 50.8082358 ], [ 3.4667465, 50.9020965 ] ] ] ] } },
{ "type": "Feature", "properties": { "region": "BE31", "SampSize": 39.0, "F1_wgt_F1_wgt_Direct": 0.5568231079147915, "F1_wgt_F1_wgt_SD": 0.090832500538395838, "F1_wgt_F1_wgt_CV": 16.312631291209915, "F2_wgt_Direct": 0.54711943796967355, "F2_wgt_SD": 0.091058772559769685, "F2_wgt_CV": 16.643307884962592, "F3_wgt_Direct": 0.51429139903976417, "F3_wgt_SD": 0.085495496104287499, "F3_wgt_CV": 16.623940486641722, "F4_wgt_Direct": 0.44545144382698981, "F4_wgt_SD": 0.076049828938759945, "F4_wgt_CV": 17.072529451335029, "F5_wgt_Direct": 0.47925845210004658, "F5_wgt_SD": 0.080041723990884217, "F5_wgt_CV": 16.701160645190935 }, "geometry": { "type": "MultiPolygon", "coordinates": [ [ [ [ 4.7588413, 50.802515299999989 ], [ 4.6634177, 50.78849 ], [ 4.6284394, 50.749574 ], [ 4.597269, 50.7635345 ], [ 4.2726254, 50.6961714 ], [ 4.1052114, 50.7075457 ], [ 4.1064236, 50.6762869 ], [ 4.1076255, 50.6452928 ], [ 4.1812195, 50.6444982 ], [ 4.2472195, 50.596119 ], [ 4.5005922, 50.5308742 ], [ 4.577538, 50.542286 ], [ 4.671893, 50.5967342 ], [ 4.983341, 50.6422425 ], [ 5.0195665, 50.750762 ], [ 4.7588413, 50.802515299999989 ] ] ] ] } },
{ "type": "Feature", "properties": { "region": "BE32", "SampSize": 140.0, "F1_wgt_F1_wgt_Direct": 0.47592598514252288, "F1_wgt_F1_wgt_SD": 0.042318405710527848, "F1_wgt_F1_wgt_CV": 8.891803984574409, "F2_wgt_Direct": 0.48710215534437223, "F2_wgt_SD": 0.043778311924154031, "F2_wgt_CV": 8.9875011727680771, "F3_wgt_Direct": 0.46294972903290599, "F3_wgt_SD": 0.041251867876225458, "F3_wgt_CV": 8.9106581750031264, "F4_wgt_Direct": 0.40755634352422881, "F4_wgt_SD": 0.037224834588085412, "F4_wgt_CV": 9.1336658549328735, "F5_wgt_Direct": 0.449131779352334, "F5_wgt_SD": 0.040114626490249508, "F5_wgt_CV": 8.9315938738729237 }, "geometry": { "type": "MultiPolygon", "coordinates": [ [ [ [ 3.6292444, 50.7264333 ], [ 3.5412725, 50.7337005 ], [ 3.4603055, 50.765899 ], [ 3.324118, 50.722309 ], [ 3.2967188, 50.7508916 ], [ 3.1953846, 50.7553546 ], [ 3.245294, 50.7130095 ], [ 3.3033021, 50.5224229 ], [ 3.3858116, 50.4950332 ], [ 3.4909836, 50.5271565 ], [ 3.5239951, 50.4974771 ], [ 3.6150815, 50.490399 ], [ 3.65551, 50.4617355 ], [ 3.666698, 50.3557512 ], [ 3.7078889, 50.3223671 ], [ 3.7702335, 50.3504345 ], [ 3.8940678, 50.3325362 ], [ 4.0277745, 50.3583305 ], [ 4.0554307, 50.3407585 ], [ 4.1981926, 50.2500512 ], [ 4.148795, 50.1505554 ], [ 4.2085292, 50.0787877 ], [ 4.140853, 49.97876 ], [ 4.233133, 49.9578285 ], [ 4.432494, 49.941616 ], [ 4.378275, 50.1474761 ], [ 4.3849018, 50.2187538 ], [ 4.3314089, 50.257907 ], [ 4.474987, 50.32761 ], [ 4.5886625, 50.321316 ], [ 4.607539, 50.4119314 ], [ 4.577538, 50.542286 ], [ 4.5005922, 50.5308742 ], [ 4.2472195, 50.596119 ], [ 4.1812195, 50.6444982 ], [ 4.1076255, 50.6452928 ], [ 4.1064236, 50.6762869 ], [ 4.1052114, 50.7075457 ], [ 3.9394782, 50.6911638 ], [ 3.8957365, 50.7329445 ], [ 3.8153905, 50.750725 ], [ 3.7756765, 50.7478925 ], [ 3.7192507, 50.7750244 ], [ 3.6292444, 50.7264333 ] ] ], [ [ [ 3.0018815, 50.8051838 ], [ 2.9543678, 50.7974769 ], [ 2.9417009, 50.7690008 ], [ 2.8529767, 50.7504771 ], [ 2.863276, 50.7083435 ], [ 2.9081047, 50.7017415 ], [ 3.0187085, 50.773533 ], [ 3.0018815, 50.8051838 ] ] ] ] } },
{ "type": "Feature", "properties": { "region": "BE33", "SampSize": 116.0, "F1_wgt_F1_wgt_Direct": 0.53873772322789359, "F1_wgt_F1_wgt_SD": 0.050957598841087699, "F1_wgt_F1_wgt_CV": 9.4587025641662592, "F2_wgt_Direct": 0.52065388132309842, "F2_wgt_SD": 0.050592536825861768, "F2_wgt_CV": 9.7171150817688634, "F3_wgt_Direct": 0.52033550345898516, "F3_wgt_SD": 0.049465434233688661, "F3_wgt_CV": 9.5064499548583505, "F4_wgt_Direct": 0.47687305391700846, "F4_wgt_SD": 0.046370343832509188, "F4_wgt_CV": 9.7238339326631689, "F5_wgt_Direct": 0.50787117604430243, "F5_wgt_SD": 0.048792817133126748, "F5_wgt_CV": 9.6073215875654405 }, "geometry": { "type": "MultiPolygon", "coordinates": [ [ [ [ 5.6820005, 50.7574465 ], [ 5.687622, 50.811924 ], [ 5.4316865, 50.719803 ], [ 5.3771198, 50.7454774 ], [ 5.236913, 50.727273 ], [ 5.1034805, 50.709064 ], [ 5.0195665, 50.750762 ], [ 4.983341, 50.6422425 ], [ 5.028495, 50.5888215 ], [ 5.0632871, 50.5365721 ], [ 5.2028312, 50.4663801 ], [ 5.2212595, 50.4172975 ], [ 5.3029472, 50.3739602 ], [ 5.393235, 50.379364 ], [ 5.4250838, 50.4188547 ], [ 5.6758385, 50.368515 ], [ 5.7128986, 50.3512132 ], [ 5.7215495, 50.2619895 ], [ 5.836916, 50.2691669 ], [ 5.8755171, 50.3412009 ], [ 5.9801975, 50.329853 ], [ 6.0118735, 50.2912669 ], [ 6.0248995, 50.1827795 ], [ 6.1376625, 50.1299515 ], [ 6.1932736, 50.2405044 ], [ 6.3148009, 50.313061 ], [ 6.4050285, 50.3233085 ], [ 6.3546996, 50.3791044 ], [ 6.3677831, 50.445172 ], [ 6.315556, 50.4970425 ], [ 6.1922005, 50.5210555 ], [ 6.1893125, 50.566094 ], [ 6.2560622, 50.6220967 ], [ 6.1838202, 50.6384268 ], [ 6.1185855, 50.712414499999987 ], [ 6.020999, 50.7542955 ], [ 5.892073, 50.7552375 ], [ 5.8871238, 50.7185278 ], [ 5.819052, 50.7145575 ], [ 5.7699419, 50.7466521 ], [ 5.6820005, 50.7574465 ] ] ] ] } },
{ "type": "Feature", "properties": { "region": "BE34", "SampSize": 27.0, "F1_wgt_F1_wgt_Direct": 0.55586971637563776, "F1_wgt_F1_wgt_SD": 0.10874784971155067, "F1_wgt_F1_wgt_CV": 19.563549966457, "F2_wgt_Direct": 0.54334801946878963, "F2_wgt_SD": 0.10868234938736948, "F2_wgt_CV": 20.002345732965772, "F3_wgt_Direct": 0.51125591225874234, "F3_wgt_SD": 0.10116082485192636, "F3_wgt_CV": 19.786729586166569, "F4_wgt_Direct": 0.47249354369984431, "F4_wgt_SD": 0.094297526936689843, "F4_wgt_CV": 19.957421258774527, "F5_wgt_Direct": 0.52081299744640519, "F5_wgt_SD": 0.10262457703622677, "F5_wgt_CV": 19.704688158591409 }, "geometry": { "type": "MultiPolygon", "coordinates": [ [ [ [ 5.6758385, 50.368515 ], [ 5.4250838, 50.4188547 ], [ 5.393235, 50.379364 ], [ 5.3836938, 50.2876341 ], [ 5.246306, 50.2171607 ], [ 5.2630635, 50.10849 ], [ 5.0813144, 50.0913919 ], [ 5.0280749, 50.0473529 ], [ 5.0020444, 50.0029249 ], [ 5.0841526, 49.9675291 ], [ 5.0972261, 49.9303862 ], [ 4.969431, 49.801826 ], [ 5.1537385, 49.717926 ], [ 5.2906182, 49.6798476 ], [ 5.3199513, 49.6212796 ], [ 5.393511, 49.617111 ], [ 5.470883, 49.497238 ], [ 5.734556, 49.5456905 ], [ 5.818117, 49.5463105 ], [ 5.8608152, 49.5735238 ], [ 5.8990699, 49.6574145 ], [ 5.8714473, 49.7150901 ], [ 5.7589523, 49.8016971 ], [ 5.746319, 49.853595 ], [ 5.7758598, 49.947873 ], [ 5.8688302, 50.0473529 ], [ 5.9012364, 50.1084603 ], [ 6.0248995, 50.1827795 ], [ 6.0118735, 50.2912669 ], [ 5.9801975, 50.329853 ], [ 5.8755171, 50.3412009 ], [ 5.836916, 50.2691669 ], [ 5.7215495, 50.2619895 ], [ 5.7128986, 50.3512132 ], [ 5.6758385, 50.368515 ] ] ] ] } },
{ "type": "Feature", "properties": { "region": "BE35", "SampSize": 47.0, "F1_wgt_F1_wgt_Direct": 0.56542522942068685, "F1_wgt_F1_wgt_SD": 0.083938671387388961, "F1_wgt_F1_wgt_CV": 14.845229222153622, "F2_wgt_Direct": 0.53250169154810079, "F2_wgt_SD": 0.079840659178495199, "F2_wgt_CV": 14.993503390830677, "F3_wgt_Direct": 0.5339701922800435, "F3_wgt_SD": 0.080527672068074485, "F3_wgt_CV": 15.080930215265896, "F4_wgt_Direct": 0.47691268886189703, "F4_wgt_SD": 0.073715273379795457, "F4_wgt_CV": 15.456764959579784, "F5_wgt_Direct": 0.50234578920493478, "F5_wgt_SD": 0.075929028818483471, "F5_wgt_CV": 15.114893057759422 }, "geometry": { "type": "MultiPolygon", "coordinates": [ [ [ [ 5.2028312, 50.4663801 ], [ 5.0632871, 50.5365721 ], [ 5.028495, 50.5888215 ], [ 4.983341, 50.6422425 ], [ 4.671893, 50.5967342 ], [ 4.577538, 50.542286 ], [ 4.607539, 50.4119314 ], [ 4.5886625, 50.321316 ], [ 4.474987, 50.32761 ], [ 4.3314089, 50.257907 ], [ 4.3849018, 50.2187538 ], [ 4.378275, 50.1474761 ], [ 4.432494, 49.941616 ], [ 4.6776578, 49.9962822 ], [ 4.6952057, 50.0473529 ], [ 4.6973884, 50.0850445 ], [ 4.796697, 50.148678 ], [ 4.8690704, 50.1443824 ], [ 4.8357682, 50.0473529 ], [ 4.8016969, 49.9653318 ], [ 4.8786035, 49.9125466 ], [ 4.8644336, 49.811491 ], [ 4.969431, 49.801826 ], [ 5.0972261, 49.9303862 ], [ 5.0841526, 49.9675291 ], [ 5.0020444, 50.0029249 ], [ 5.0280749, 50.0473529 ], [ 5.0813144, 50.0913919 ], [ 5.2630635, 50.10849 ], [ 5.246306, 50.2171607 ], [ 5.3836938, 50.2876341 ], [ 5.393235, 50.379364 ], [ 5.3029472, 50.3739602 ], [ 5.2212595, 50.4172975 ], [ 5.2028312, 50.4663801 ] ] ] ] } },
{ "type": "Feature", "properties": { "region": "BG311", "SampSize": 20.0, "F1_wgt_F1_wgt_Direct": 0.4514725538874888, "F1_wgt_F1_wgt_SD": 0.11087213260343316, "F1_wgt_F1_wgt_CV": 24.557889875862426, "F2_wgt_Direct": 0.49781010435582829, "F2_wgt_SD": 0.12231262927935876, "F2_wgt_CV": 24.57013793193946, "F3_wgt_Direct": 0.4131569075565471, "F3_wgt_SD": 0.10335794363676136, "F3_wgt_CV": 25.016632118782912, "F4_wgt_Direct": 0.40691442590909088, "F4_wgt_SD": 0.10018624364128231, "F4_wgt_CV": 24.620961377187701, "F5_wgt_Direct": 0.42557675896044161, "F5_wgt_SD": 0.10596602265708968, "F5_wgt_CV": 24.899391337988803 }, "geometry": { "type": "MultiPolygon", "coordinates": [ [ [ [ 22.6751615, 44.215663 ], [ 22.6277869, 44.1702149 ], [ 22.6111789, 44.0671546 ], [ 22.536145, 44.0455115 ], [ 22.4172933, 43.9997289 ], [ 22.3659599, 43.8064367 ], [ 22.4110648, 43.7019014 ], [ 22.4795331, 43.6436778 ], [ 22.5048972, 43.563972 ], [ 22.5297637, 43.48583 ], [ 22.6669755, 43.4027475 ], [ 22.747454, 43.386613 ], [ 22.8132162, 43.4986577 ], [ 22.905803, 43.563972 ], [ 22.9395068, 43.587748 ], [ 22.9615185, 43.660335 ], [ 23.0485841, 43.701838 ], [ 22.9743053, 43.7609348 ], [ 23.0071552, 43.7775632 ], [ 22.997171, 43.8078675 ], [ 22.8871203, 43.8342854 ], [ 22.8472472, 43.8779147 ], [ 22.8919506, 43.9829063 ], [ 23.0339515, 44.0449334 ], [ 23.0244869, 44.0804922 ], [ 22.966369, 44.098288499999988 ], [ 22.6751615, 44.215663 ] ] ] ] } },
{ "type": "Feature", "properties": { "region": "BG312", "SampSize": 38.0, "F1_wgt_F1_wgt_Direct": 0.47743361271353446, "F1_wgt_F1_wgt_SD": 0.086909559453336338, "F1_wgt_F1_wgt_CV": 18.203485707547586, "F2_wgt_Direct": 0.49073581940443523, "F2_wgt_SD": 0.084562939279997015, "F2_wgt_CV": 17.231866095004833, "F3_wgt_Direct": 0.49218037853035679, "F3_wgt_SD": 0.083615355083475923, "F3_wgt_CV": 16.988762399092401, "F4_wgt_Direct": 0.40957717336826499, "F4_wgt_SD": 0.074381386758172297, "F4_wgt_CV": 18.160530321179159, "F5_wgt_Direct": 0.42839703965173448, "F5_wgt_SD": 0.075621977840348784, "F5_wgt_CV": 17.652311020128828 }, "geometry": { "type": "MultiPolygon", "coordinates": [ [ [ [ 23.4231036, 43.8515326 ], [ 23.2514648, 43.8339368 ], [ 22.997171, 43.8078675 ], [ 23.0071552, 43.7775632 ], [ 22.9743053, 43.7609348 ], [ 23.0485841, 43.701838 ], [ 22.9615185, 43.660335 ], [ 22.9395068, 43.587748 ], [ 22.905803, 43.563972 ], [ 22.8132162, 43.4986577 ], [ 22.747454, 43.386613 ], [ 22.8290345, 43.3014629 ], [ 22.8997252, 43.2276791 ], [ 23.00621, 43.1928785 ], [ 23.0977939, 43.1514666 ], [ 23.1856783, 43.1117276 ], [ 23.2514648, 43.125863099999989 ], [ 23.3706235, 43.1514666 ], [ 23.412767, 43.160522 ], [ 23.4455857, 43.2300795 ], [ 23.3441498, 43.3014629 ], [ 23.4374729, 43.477151 ], [ 23.5904147, 43.5328751 ], [ 23.5708914, 43.6005761 ], [ 23.630393, 43.79105 ], [ 23.4231036, 43.8515326 ] ] ] ] } },
{ "type": "Feature", "properties": { "region": "BG313", "SampSize": 53.0, "F1_wgt_F1_wgt_Direct": 0.40427068278637296, "F1_wgt_F1_wgt_SD": 0.062827043146206601, "F1_wgt_F1_wgt_CV": 15.540835836321584, "F2_wgt_Direct": 0.52817505366626427, "F2_wgt_SD": 0.07954618557444787, "F2_wgt_CV": 15.060572252000069, "F3_wgt_Direct": 0.58752440697079622, "F3_wgt_SD": 0.089795111192756072, "F3_wgt_CV": 15.283639305425394, "F4_wgt_Direct": 0.34931679839897217, "F4_wgt_SD": 0.054083784894354989, "F4_wgt_CV": 15.482732334155656, "F5_wgt_Direct": 0.44353066015202269, "F5_wgt_SD": 0.067125393911335748, "F5_wgt_CV": 15.134330034439587 }, "geometry": { "type": "MultiPolygon", "coordinates": [ [ [ [ 23.7301525, 43.8029022 ], [ 23.630393, 43.79105 ], [ 23.5708914, 43.6005761 ], [ 23.5904147, 43.5328751 ], [ 23.4374729, 43.477151 ], [ 23.3441498, 43.3014629 ], [ 23.4455857, 43.2300795 ], [ 23.412767, 43.160522 ], [ 23.4526534, 43.1514666 ], [ 23.4723451, 43.1469961 ], [ 23.4645928, 43.0938923 ], [ 23.5586752, 43.0033094 ], [ 23.6319795, 43.052455 ], [ 23.7004897, 43.0347421 ], [ 23.7703537, 43.0657354 ], [ 23.9451248, 43.0367945 ], [ 23.9715035, 43.0622515 ], [ 23.9717821, 43.1078476 ], [ 24.0200863, 43.1186774 ], [ 24.0232612, 43.1514666 ], [ 24.028557, 43.2061595 ], [ 23.9708354, 43.2279406 ], [ 23.9653748, 43.3014629 ], [ 23.9634306, 43.3276413 ], [ 24.0616025, 43.4432316 ], [ 24.0052712, 43.5111413 ], [ 24.0147586, 43.563972 ], [ 24.0179444, 43.5817122 ], [ 24.2810721, 43.6402485 ], [ 24.3235225, 43.697686 ], [ 24.1120435, 43.699946 ], [ 23.7301525, 43.8029022 ] ] ] ] } },
{ "type": "Feature", "properties": { "region": "BG314", "SampSize": 59.0, "F1_wgt_F1_wgt_Direct": 0.39331812299675051, "F1_wgt_F1_wgt_SD": 0.057389221703208773, "F1_wgt_F1_wgt_CV": 14.591044334787211, "F2_wgt_Direct": 0.48580845658543659, "F2_wgt_SD": 0.072757761403489579, "F2_wgt_CV": 14.976635424355578, "F3_wgt_Direct": 0.41902935944138786, "F3_wgt_SD": 0.063590737999360186, "F3_wgt_CV": 15.175723745021976, "F4_wgt_Direct": 0.31621842182801757, "F4_wgt_SD": 0.047107480518189117, "F4_wgt_CV": 14.897133521148737, "F5_wgt_Direct": 0.34306203231469262, "F5_wgt_SD": 0.051048955327791488, "F5_wgt_CV": 14.880386204021557 }, "geometry": { "type": "MultiPolygon", "coordinates": [ [ [ [ 24.5000912, 43.7593855 ], [ 24.3235225, 43.697686 ], [ 24.2810721, 43.6402485 ], [ 24.0179444, 43.5817122 ], [ 24.0147586, 43.563972 ], [ 24.0052712, 43.5111413 ], [ 24.0616025, 43.4432316 ], [ 23.9634306, 43.3276413 ], [ 23.9653748, 43.3014629 ], [ 23.9708354, 43.2279406 ], [ 24.028557, 43.2061595 ], [ 24.12207, 43.242928 ], [ 24.2673982, 43.2286501 ], [ 24.3739852, 43.2720013 ], [ 24.4556411, 43.2256381 ], [ 24.5833697, 43.2081742 ], [ 24.7508408, 43.3014629 ], [ 24.7694885, 43.3118505 ], [ 24.9154527, 43.3014629 ], [ 24.9676238, 43.3014629 ], [ 25.0347801, 43.3744944 ], [ 25.1064454, 43.3014629 ], [ 25.14043, 43.2668305 ], [ 25.1799498, 43.3014629 ], [ 25.2397523, 43.3538696 ], [ 25.1997042, 43.4298727 ], [ 25.1343575, 43.446084 ], [ 25.204254, 43.5026867 ], [ 25.2098523, 43.563972 ], [ 25.216476, 43.6364837 ], [ 25.2963725, 43.655419 ], [ 24.993966, 43.7232242 ], [ 24.7362744, 43.6921155 ], [ 24.6547795, 43.7235865 ], [ 24.5000912, 43.7593855 ] ] ] ] } },
{ "type": "Feature", "properties": { "region": "BG315", "SampSize": 42.0, "F1_wgt_F1_wgt_Direct": 0.42603490259268784, "F1_wgt_F1_wgt_SD": 0.071658164434022578, "F1_wgt_F1_wgt_CV": 16.819787298631638, "F2_wgt_Direct": 0.57308529718396561, "F2_wgt_SD": 0.093951960318831407, "F2_wgt_CV": 16.394062241780382, "F3_wgt_Direct": 0.52577577058615022, "F3_wgt_SD": 0.089744643362772727, "F3_wgt_CV": 17.068995640997827, "F4_wgt_Direct": 0.2241545324284987, "F4_wgt_SD": 0.036518072037171188, "F4_wgt_CV": 16.291471620731027, "F5_wgt_Direct": 0.20466201216621463, "F5_wgt_SD": 0.034066412071278938, "F5_wgt_CV": 16.645205287834351 }, "geometry": { "type": "MultiPolygon", "coordinates": [ [ [ [ 25.1064454, 43.3014629 ], [ 25.0347801, 43.3744944 ], [ 24.9676238, 43.3014629 ], [ 24.9154527, 43.3014629 ], [ 24.7694885, 43.3118505 ], [ 24.7508408, 43.3014629 ], [ 24.5833697, 43.2081742 ], [ 24.4556411, 43.2256381 ], [ 24.3739852, 43.2720013 ], [ 24.2673982, 43.2286501 ], [ 24.12207, 43.242928 ], [ 24.028557, 43.2061595 ], [ 24.0232612, 43.1514666 ], [ 24.0200863, 43.1186774 ], [ 23.9717821, 43.1078476 ], [ 23.9715035, 43.0622515 ], [ 24.0351616, 43.0525312 ], [ 24.0789437, 42.9543341 ], [ 24.163463, 42.9174553 ], [ 24.1630744, 42.7764596 ], [ 24.385927, 42.7499535 ], [ 24.5319231, 42.7923265 ], [ 24.7394658, 42.7126535 ], [ 25.0071955, 42.737619 ], [ 25.014535, 42.748024 ], [ 24.9636248, 42.8663459 ], [ 24.8909199, 42.8966256 ], [ 24.8752637, 42.9853587 ], [ 24.9296101, 43.0411891 ], [ 24.9266198, 43.0975128 ], [ 24.9560455, 43.1514666 ], [ 24.9732255, 43.1829673 ], [ 25.076597, 43.1777805 ], [ 25.14043, 43.2668305 ], [ 25.1064454, 43.3014629 ] ] ] ] } },
{ "type": "Feature", "properties": { "region": "BG321", "SampSize": 96.0, "F1_wgt_F1_wgt_Direct": 0.55361791298773633, "F1_wgt_F1_wgt_SD": 0.060356001651118568, "F1_wgt_F1_wgt_CV": 10.902104183261059, "F2_wgt_Direct": 0.5735378982724858, "F2_wgt_SD": 0.063374509688373049, "F2_wgt_CV": 11.0497510067354, "F3_wgt_Direct": 0.34606766437680392, "F3_wgt_SD": 0.043306188274606507, "F3_wgt_CV": 12.513792166220435, "F4_wgt_Direct": 0.36352408299431438, "F4_wgt_SD": 0.040951629363389627, "F4_wgt_CV": 11.265176443352756, "F5_wgt_Direct": 0.3874696238830635, "F5_wgt_SD": 0.043415615554446528, "F5_wgt_CV": 11.204908173020849 }, "geometry": { "type": "MultiPolygon", "coordinates": [ [ [ [ 25.3914627, 43.622888 ], [ 25.2963725, 43.655419 ], [ 25.216476, 43.6364837 ], [ 25.2098523, 43.563972 ], [ 25.204254, 43.5026867 ], [ 25.1343575, 43.446084 ], [ 25.1997042, 43.4298727 ], [ 25.2397523, 43.3538696 ], [ 25.1799498, 43.3014629 ], [ 25.14043, 43.2668305 ], [ 25.076597, 43.1777805 ], [ 25.0936199, 43.1514666 ], [ 25.1282806, 43.0978884 ], [ 25.2863126, 43.1075397 ], [ 25.3249976, 43.0558414 ], [ 25.5757788, 43.025675 ], [ 25.558912, 42.9396144 ], [ 25.5972948, 42.8968823 ], [ 25.6149615, 42.7868085 ], [ 25.6800981, 42.8029874 ], [ 25.837491, 42.7772275 ], [ 26.0311234, 42.814577 ], [ 26.0725467, 42.8733095 ], [ 26.1211819, 42.8962202 ], [ 26.1549686, 42.9121362 ], [ 26.1674145, 42.9521555 ], [ 26.1211819, 42.9688921 ], [ 26.0887166, 42.9806449 ], [ 26.1154853, 43.0266461 ], [ 26.0601261, 43.0909781 ], [ 26.0712752, 43.1514666 ], [ 26.1037232, 43.1912214 ], [ 26.0738398, 43.2863155 ], [ 26.004585, 43.3187545 ], [ 25.9484927, 43.331636599999989 ], [ 25.9439539, 43.3572754 ], [ 25.95983, 43.369547 ], [ 25.9437855, 43.385801 ], [ 25.8142921, 43.3697352 ], [ 25.5807746, 43.4239393 ], [ 25.5623118, 43.4975542 ], [ 25.4728642, 43.563972 ], [ 25.5445395, 43.6428455 ], [ 25.3914627, 43.622888 ] ] ] ] } },
{ "type": "Feature", "properties": { "region": "BG322", "SampSize": 29.0, "F1_wgt_F1_wgt_Direct": 0.37705557735708745, "F1_wgt_F1_wgt_SD": 0.080850480815010464, "F1_wgt_F1_wgt_CV": 21.442589811751191, "F2_wgt_Direct": 0.4748169929948019, "F2_wgt_SD": 0.10325749211118636, "F2_wgt_CV": 21.746797952599131, "F3_wgt_Direct": 0.56906341671929372, "F3_wgt_SD": 0.11658376254103904, "F3_wgt_CV": 20.486954373759577, "F4_wgt_Direct": 0.3137920448169923, "F4_wgt_SD": 0.066228530449568015, "F4_wgt_CV": 21.105866622015029, "F5_wgt_Direct": 0.32045593520061832, "F5_wgt_SD": 0.065713969704466052, "F5_wgt_CV": 20.506398067904861 }, "geometry": { "type": "MultiPolygon", "coordinates": [ [ [ [ 24.9732255, 43.1829673 ], [ 24.9560455, 43.1514666 ], [ 24.9266198, 43.0975128 ], [ 24.9296101, 43.0411891 ], [ 24.8752637, 42.9853587 ], [ 24.8909199, 42.8966256 ], [ 24.9636248, 42.8663459 ], [ 25.014535, 42.748024 ], [ 25.1857835, 42.7835789 ], [ 25.3986843, 42.7358648 ], [ 25.4619373, 42.7626569 ], [ 25.5952877, 42.7591786 ], [ 25.6149615, 42.7868085 ], [ 25.5972948, 42.8968823 ], [ 25.558912, 42.9396144 ], [ 25.5757788, 43.025675 ], [ 25.3249976, 43.0558414 ], [ 25.2863126, 43.1075397 ], [ 25.1282806, 43.0978884 ], [ 25.0936199, 43.1514666 ], [ 25.076597, 43.1777805 ], [ 24.9732255, 43.1829673 ] ] ] ] } },
{ "type": "Feature", "properties": { "region": "BG323", "SampSize": 52.0, "F1_wgt_F1_wgt_Direct": 0.47704217285769929, "F1_wgt_F1_wgt_SD": 0.073570102335387355, "F1_wgt_F1_wgt_CV": 15.422138024960988, "F2_wgt_Direct": 0.38016488442939739, "F2_wgt_SD": 0.06224339436290624, "F2_wgt_CV": 16.372736386825814, "F3_wgt_Direct": 0.4862858574513369, "F3_wgt_SD": 0.078999789306887613, "F3_wgt_CV": 16.245545309693323, "F4_wgt_Direct": 0.41069492052680767, "F4_wgt_SD": 0.06415096309912563, "F4_wgt_CV": 15.620101416603289, "F5_wgt_Direct": 0.42380446206578382, "F5_wgt_SD": 0.064781634114232947, "F5_wgt_CV": 15.285736681124751 }, "geometry": { "type": "MultiPolygon", "coordinates": [ [ [ [ 26.4370796, 43.7651132 ], [ 26.3745312, 43.7874868 ], [ 26.3518454, 43.8305143 ], [ 26.3892225, 43.948152 ], [ 26.3967055, 44.0099678 ], [ 26.358182, 44.0371605 ], [ 26.1117431, 43.9688143 ], [ 25.7745045, 43.7096509 ], [ 25.672201, 43.6881485 ], [ 25.5445395, 43.6428455 ], [ 25.4728642, 43.563972 ], [ 25.5623118, 43.4975542 ], [ 25.5807746, 43.4239393 ], [ 25.8142921, 43.3697352 ], [ 25.9437855, 43.385801 ], [ 26.0180358, 43.4409223 ], [ 26.0560668, 43.5131754 ], [ 26.188978, 43.5173935 ], [ 26.1602793, 43.563972 ], [ 26.2035625, 43.6410459 ], [ 26.3381722, 43.6324612 ], [ 26.4264478, 43.664394 ], [ 26.4370796, 43.7651132 ] ] ], [ [ [ 25.95983, 43.369547 ], [ 25.9439539, 43.3572754 ], [ 25.9484927, 43.331636599999989 ], [ 26.004585, 43.3187545 ], [ 26.0093465, 43.3607648 ], [ 25.95983, 43.369547 ] ] ] ] } },
{ "type": "Feature", "properties": { "region": "BG324", "SampSize": 46.0, "F1_wgt_F1_wgt_Direct": 0.36218279123249714, "F1_wgt_F1_wgt_SD": 0.05774341574628624, "F1_wgt_F1_wgt_CV": 15.9431693454532, "F2_wgt_Direct": 0.59173659213456919, "F2_wgt_SD": 0.092854011170108858, "F2_wgt_CV": 15.691781174991551, "F3_wgt_Direct": 0.55275440133208364, "F3_wgt_SD": 0.085284475690462325, "F3_wgt_CV": 15.428999838795519, "F4_wgt_Direct": 0.33637740408473804, "F4_wgt_SD": 0.053962941908900643, "F4_wgt_CV": 16.042380152058797, "F5_wgt_Direct": 0.32508598132601968, "F5_wgt_SD": 0.051976783424063651, "F5_wgt_CV": 15.988626520298205 }, "geometry": { "type": "MultiPolygon", "coordinates": [ [ [ [ 26.8346859, 43.8355747 ], [ 26.7658423, 43.825778 ], [ 26.6209362, 43.8760894 ], [ 26.5676048, 43.9251945 ], [ 26.3892225, 43.948152 ], [ 26.3518454, 43.8305143 ], [ 26.3745312, 43.7874868 ], [ 26.4370796, 43.7651132 ], [ 26.4264478, 43.664394 ], [ 26.3381722, 43.6324612 ], [ 26.2035625, 43.6410459 ], [ 26.1602793, 43.563972 ], [ 26.188978, 43.5173935 ], [ 26.2437395, 43.5495027 ], [ 26.2805913, 43.5399725 ], [ 26.360707, 43.4917854 ], [ 26.3784176, 43.4425712 ], [ 26.4598569, 43.436143 ], [ 26.5062785, 43.3489432 ], [ 26.6368367, 43.333239 ], [ 26.681475, 43.3977998 ], [ 26.7304395, 43.4101035 ], [ 26.7391054, 43.452933 ], [ 26.8140448, 43.5055627 ], [ 26.8138972, 43.5510846 ], [ 26.8389814, 43.563972 ], [ 27.016146, 43.6549929 ], [ 27.0018885, 43.6968675 ], [ 26.8346859, 43.8355747 ] ] ] ] } },
{ "type": "Feature", "properties": { "region": "BG325", "SampSize": 17.0, "F1_wgt_F1_wgt_Direct": 0.39382971472997308, "F1_wgt_F1_wgt_SD": 0.10112850427801195, "F1_wgt_F1_wgt_CV": 25.678231097252301, "F2_wgt_Direct": 0.34097401385278658, "F2_wgt_SD": 0.088847920584208026, "F2_wgt_CV": 26.057094375106125, "F3_wgt_Direct": 0.3893423825143707, "F3_wgt_SD": 0.097759012182234484, "F3_wgt_CV": 25.108751724101388, "F4_wgt_Direct": 0.35023613237582174, "F4_wgt_SD": 0.089361820782174584, "F4_wgt_CV": 25.514734923547135, "F5_wgt_Direct": 0.35364511233523066, "F5_wgt_SD": 0.088687944051665746, "F5_wgt_CV": 25.078232657036079 }, "geometry": { "type": "MultiPolygon", "coordinates": [ [ [ [ 26.9220285, 44.1369219 ], [ 26.7655612, 44.0816886 ], [ 26.381823, 44.038612 ], [ 26.358182, 44.0371605 ], [ 26.3967055, 44.0099678 ], [ 26.3892225, 43.948152 ], [ 26.5676048, 43.9251945 ], [ 26.6209362, 43.8760894 ], [ 26.7658423, 43.825778 ], [ 26.8346859, 43.8355747 ], [ 27.0018885, 43.6968675 ], [ 27.08381, 43.7081752 ], [ 27.2195365, 43.6646205 ], [ 27.2075847, 43.7284373 ], [ 27.2816211, 43.7934239 ], [ 27.4425843, 43.8614578 ], [ 27.5121674, 43.8489128 ], [ 27.5422102, 43.901754 ], [ 27.6154271, 43.904937 ], [ 27.69541, 43.987343 ], [ 27.6478223, 44.0389987 ], [ 27.5970348, 44.0150228 ], [ 27.4028571, 44.0187914 ], [ 27.2954323, 44.0808321 ], [ 27.2713405, 44.1263355 ], [ 26.9220285, 44.1369219 ] ] ] ] } },
{ "type": "Feature", "properties": { "region": "BG331", "SampSize": 121.0, "F1_wgt_F1_wgt_Direct": 0.62128878139266241, "F1_wgt_F1_wgt_SD": 0.061553489623790078, "F1_wgt_F1_wgt_CV": 9.9073879115946077, "F2_wgt_Direct": 0.63157734259358189, "F2_wgt_SD": 0.062771552112274281, "F2_wgt_CV": 9.9388543380137655, "F3_wgt_Direct": 0.55591541660397614, "F3_wgt_SD": 0.058661095481474711, "F3_wgt_CV": 10.552162024904554, "F4_wgt_Direct": 0.58213699525307872, "F4_wgt_SD": 0.056854055023575038, "F4_wgt_CV": 9.7664390834425951, "F5_wgt_Direct": 0.5856255171622694, "F5_wgt_SD": 0.057229284239287879, "F5_wgt_CV": 9.7723344632591154 }, "geometry": { "type": "MultiPolygon", "coordinates": [ [ [ [ 27.9681419, 43.3919487 ], [ 27.8620887, 43.3667884 ], [ 27.6129936, 43.5233917 ], [ 27.5137888, 43.502704 ], [ 27.4608338, 43.563972 ], [ 27.4294635, 43.600267 ], [ 27.3810402, 43.563972 ], [ 27.3207443, 43.5187781 ], [ 27.3356821, 43.4451661 ], [ 27.2814834, 43.3855556 ], [ 27.2927299, 43.3158853 ], [ 27.2782429, 43.3014629 ], [ 27.2497181, 43.2730655 ], [ 27.2788018, 43.1995464 ], [ 27.2189751, 43.1514666 ], [ 27.1739812, 43.1153073 ], [ 27.2105569, 43.0491411 ], [ 27.0835686, 43.0152208 ], [ 27.0944335, 42.9539105 ], [ 27.2622675, 42.9793635 ], [ 27.4104301, 42.893446 ], [ 27.6368769, 42.8939128 ], [ 27.7889389, 42.8326851 ], [ 27.88262, 42.8384135 ], [ 27.9289469, 43.1514666 ], [ 27.9343385, 43.1879005 ], [ 28.0133826, 43.2407314 ], [ 28.0601805, 43.316445 ], [ 27.9681419, 43.3919487 ] ] ] ] } },
{ "type": "Feature", "properties": { "region": "BG332", "SampSize": 27.0, "F1_wgt_F1_wgt_Direct": 0.50099957708130816, "F1_wgt_F1_wgt_SD": 0.10912995348912467, "F1_wgt_F1_wgt_CV": 21.782444233763051, "F2_wgt_Direct": 0.5549577714027657, "F2_wgt_SD": 0.12517884994680556, "F2_wgt_CV": 22.55646400452979, "F3_wgt_Direct": 0.72211523521568388, "F3_wgt_SD": 0.15901522727577511, "F3_wgt_CV": 22.020755070799733, "F4_wgt_Direct": 0.43985586553805506, "F4_wgt_SD": 0.10284966946759436, "F4_wgt_CV": 23.382584506809561, "F5_wgt_Direct": 0.49532985757151393, "F5_wgt_SD": 0.10837946296721961, "F5_wgt_CV": 21.880260458874556 }, "geometry": { "type": "MultiPolygon", "coordinates": [ [ [ [ 28.2207313, 43.7639597 ], [ 28.0027078, 43.8432199 ], [ 27.9220635, 43.9985477 ], [ 27.7562143, 43.9617785 ], [ 27.69541, 43.987343 ], [ 27.6154271, 43.904937 ], [ 27.5422102, 43.901754 ], [ 27.5121674, 43.8489128 ], [ 27.4425843, 43.8614578 ], [ 27.2816211, 43.7934239 ], [ 27.2075847, 43.7284373 ], [ 27.2195365, 43.6646205 ], [ 27.3123392, 43.5963348 ], [ 27.4294635, 43.600267 ], [ 27.4608338, 43.563972 ], [ 27.5137888, 43.502704 ], [ 27.6129936, 43.5233917 ], [ 27.8620887, 43.3667884 ], [ 27.9681419, 43.3919487 ], [ 28.0601805, 43.316445 ], [ 28.151491, 43.4010854 ], [ 28.3161913, 43.4150661 ], [ 28.4733906, 43.3811949 ], [ 28.5989333, 43.5237336 ], [ 28.595181, 43.563972 ], [ 28.578884, 43.738739 ], [ 28.2207313, 43.7639597 ] ] ] ] } },
{ "type": "Feature", "properties": { "region": "BG333", "SampSize": 29.0, "F1_wgt_F1_wgt_Direct": 0.39422505737828611, "F1_wgt_F1_wgt_SD": 0.078759555440640061, "F1_wgt_F1_wgt_CV": 19.978323033146225, "F2_wgt_Direct": 0.41787020804315639, "F2_wgt_SD": 0.087326485398308909, "F2_wgt_CV": 20.897992658354362, "F3_wgt_Direct": 0.29802727242866112, "F3_wgt_SD": 0.062318175714024683, "F3_wgt_CV": 20.910225834765441, "F4_wgt_Direct": 0.32516584781719676, "F4_wgt_SD": 0.068017848739305622, "F4_wgt_CV": 20.917894420924615, "F5_wgt_Direct": 0.33580276670044673, "F5_wgt_SD": 0.069838849610926651, "F5_wgt_CV": 20.797580168011681 }, "geometry": { "type": "MultiPolygon", "coordinates": [ [ [ [ 27.08381, 43.7081752 ], [ 27.0018885, 43.6968675 ], [ 27.016146, 43.6549929 ], [ 26.8389814, 43.563972 ], [ 26.8138972, 43.5510846 ], [ 26.8140448, 43.5055627 ], [ 26.7391054, 43.452933 ], [ 26.7304395, 43.4101035 ], [ 26.7876844, 43.3783785 ], [ 26.7408891, 43.3014629 ], [ 26.7545185, 43.2212136 ], [ 26.6923821, 43.1514666 ], [ 26.6607587, 43.0682912 ], [ 26.5777255, 42.985697 ], [ 26.5621988, 42.9484076 ], [ 26.5899885, 42.9201185 ], [ 26.7337263, 42.904902 ], [ 26.8102948, 42.9451938 ], [ 27.0201561, 42.9323529 ], [ 27.0944335, 42.9539105 ], [ 27.0835686, 43.0152208 ], [ 27.2105569, 43.0491411 ], [ 27.1739812, 43.1153073 ], [ 27.2189751, 43.1514666 ], [ 27.2788018, 43.1995464 ], [ 27.2497181, 43.2730655 ], [ 27.2782429, 43.3014629 ], [ 27.2927299, 43.3158853 ], [ 27.2814834, 43.3855556 ], [ 27.3356821, 43.4451661 ], [ 27.3207443, 43.5187781 ], [ 27.3810402, 43.563972 ], [ 27.4294635, 43.600267 ], [ 27.3123392, 43.5963348 ], [ 27.2195365, 43.6646205 ], [ 27.08381, 43.7081752 ] ] ] ] } },
{ "type": "Feature", "properties": { "region": "BG334", "SampSize": 23.0, "F1_wgt_F1_wgt_Direct": 0.56416576289061948, "F1_wgt_F1_wgt_SD": 0.14124403706514643, "F1_wgt_F1_wgt_CV": 25.035910782932575, "F2_wgt_Direct": 0.53496900924903779, "F2_wgt_SD": 0.13078219299653568, "F2_wgt_CV": 24.446685833282391, "F3_wgt_Direct": 0.51471004310863033, "F3_wgt_SD": 0.12208529986927633, "F3_wgt_CV": 23.719237948405453, "F4_wgt_Direct": 0.36444727854903214, "F4_wgt_SD": 0.088641057455460887, "F4_wgt_CV": 24.322052234376962, "F5_wgt_Direct": 0.45143017487169607, "F5_wgt_SD": 0.10944090427482064, "F5_wgt_CV": 24.243152178723005 }, "geometry": { "type": "MultiPolygon", "coordinates": [ [ [ [ 26.681475, 43.3977998 ], [ 26.6368367, 43.333239 ], [ 26.5062785, 43.3489432 ], [ 26.4598569, 43.436143 ], [ 26.3784176, 43.4425712 ], [ 26.360707, 43.4917854 ], [ 26.2805913, 43.5399725 ], [ 26.2437395, 43.5495027 ], [ 26.188978, 43.5173935 ], [ 26.0560668, 43.5131754 ], [ 26.0180358, 43.4409223 ], [ 25.9437855, 43.385801 ], [ 25.95983, 43.369547 ], [ 26.0093465, 43.3607648 ], [ 26.004585, 43.3187545 ], [ 26.0738398, 43.2863155 ], [ 26.1037232, 43.1912214 ], [ 26.0712752, 43.1514666 ], [ 26.0601261, 43.0909781 ], [ 26.1154853, 43.0266461 ], [ 26.0887166, 42.9806449 ], [ 26.1211819, 42.9688921 ], [ 26.1674145, 42.9521555 ], [ 26.3256315, 43.034246 ], [ 26.5777255, 42.985697 ], [ 26.6607587, 43.0682912 ], [ 26.6923821, 43.1514666 ], [ 26.7545185, 43.2212136 ], [ 26.7408891, 43.3014629 ], [ 26.7876844, 43.3783785 ], [ 26.7304395, 43.4101035 ], [ 26.681475, 43.3977998 ] ] ] ] } },
{ "type": "Feature", "properties": { "region": "BG341", "SampSize": 104.0, "F1_wgt_F1_wgt_Direct": 0.6156194417696722, "F1_wgt_F1_wgt_SD": 0.065432408696421016, "F1_wgt_F1_wgt_CV": 10.628710572935722, "F2_wgt_Direct": 0.54560089317031701, "F2_wgt_SD": 0.058813656155116148, "F2_wgt_CV": 10.77961141400783, "F3_wgt_Direct": 0.44734147823200282, "F3_wgt_SD": 0.050055098190921882, "F3_wgt_CV": 11.189460541139898, "F4_wgt_Direct": 0.52914183648696411, "F4_wgt_SD": 0.057945070711654167, "F4_wgt_CV": 10.950763427885123, "F5_wgt_Direct": 0.54870370752316788, "F5_wgt_SD": 0.060637273996363927, "F5_wgt_CV": 11.051004971349434 }, "geometry": { "type": "MultiPolygon", "coordinates": [ [ [ [ 27.7889389, 42.8326851 ], [ 27.6368769, 42.8939128 ], [ 27.4104301, 42.893446 ], [ 27.2622675, 42.9793635 ], [ 27.0944335, 42.9539105 ], [ 27.0201561, 42.9323529 ], [ 26.8102948, 42.9451938 ], [ 26.7337263, 42.904902 ], [ 26.5899885, 42.9201185 ], [ 26.6108263, 42.7837037 ], [ 26.7140095, 42.6845615 ], [ 26.8266977, 42.5378804 ], [ 26.8792282, 42.4695039 ], [ 26.9320746, 42.4341105 ], [ 26.8886613, 42.3656321 ], [ 26.9542766, 42.1646632 ], [ 27.0596505, 42.088337 ], [ 27.1656003, 42.070992499999988 ], [ 27.2849298, 42.0911682 ], [ 27.5537578, 41.9212648 ], [ 27.70161, 41.9685184 ], [ 27.8052384, 41.9600928 ], [ 27.865719, 41.9972402 ], [ 28.0355125, 41.9830795 ], [ 27.9628897, 42.0848009 ], [ 27.7911759, 42.2226837 ], [ 27.7639129, 42.2777865 ], [ 27.7829491, 42.3214605 ], [ 27.7273523, 42.346708 ], [ 27.6983908, 42.4081594 ], [ 27.6292452, 42.4427157 ], [ 27.506081, 42.444912599999988 ], [ 27.4863441, 42.4695039 ], [ 27.5299251, 42.5392975 ], [ 27.6963856, 42.6560583 ], [ 27.8573992, 42.7251076 ], [ 27.88262, 42.8384135 ], [ 27.7889389, 42.8326851 ] ] ] ] } },
{ "type": "Feature", "properties": { "region": "BG342", "SampSize": 48.0, "F1_wgt_F1_wgt_Direct": 0.57138589585345412, "F1_wgt_F1_wgt_SD": 0.088663423462606944, "F1_wgt_F1_wgt_CV": 15.5172579697954, "F2_wgt_Direct": 0.58987060971119087, "F2_wgt_SD": 0.094404741271495618, "F2_wgt_CV": 16.004313440487827, "F3_wgt_Direct": 0.36323896746462125, "F3_wgt_SD": 0.062950188849106081, "F3_wgt_CV": 17.330241105048096, "F4_wgt_Direct": 0.4706303992459987, "F4_wgt_SD": 0.075505667728780382, "F4_wgt_CV": 16.04351691895566, "F5_wgt_Direct": 0.47104158732109502, "F5_wgt_SD": 0.075110411869609886, "F5_wgt_CV": 15.945600959944404 }, "geometry": { "type": "MultiPolygon", "coordinates": [ [ [ [ 26.3256315, 43.034246 ], [ 26.1674145, 42.9521555 ], [ 26.1549686, 42.9121362 ], [ 26.1211819, 42.8962202 ], [ 26.0725467, 42.8733095 ], [ 26.0311234, 42.814577 ], [ 25.837491, 42.7772275 ], [ 25.8993648, 42.4695039 ], [ 25.894883, 42.4202785 ], [ 25.9464799, 42.3295545 ], [ 26.0810639, 42.266207 ], [ 26.175732, 42.261461 ], [ 26.2356162, 42.34604 ], [ 26.1942559, 42.3934218 ], [ 26.2225228, 42.4390955 ], [ 26.355804, 42.4695039 ], [ 26.405412, 42.5378804 ], [ 26.4167047, 42.5534454 ], [ 26.5603737, 42.5775794 ], [ 26.6558455, 42.625264 ], [ 26.66238, 42.688278 ], [ 26.7140095, 42.6845615 ], [ 26.6108263, 42.7837037 ], [ 26.5899885, 42.9201185 ], [ 26.5621988, 42.9484076 ], [ 26.5777255, 42.985697 ], [ 26.3256315, 43.034246 ] ] ] ] } },
{ "type": "Feature", "properties": { "region": "BG343", "SampSize": 29.0, "F1_wgt_F1_wgt_Direct": 0.44192200432539808, "F1_wgt_F1_wgt_SD": 0.092762589551727073, "F1_wgt_F1_wgt_CV": 20.990715249251021, "F2_wgt_Direct": 0.57302625850282574, "F2_wgt_SD": 0.13051136102845751, "F2_wgt_CV": 22.775808105103433, "F3_wgt_Direct": 0.4873451352572345, "F3_wgt_SD": 0.10326492672042067, "F3_wgt_CV": 21.18928029637857, "F4_wgt_Direct": 0.31287894206543421, "F4_wgt_SD": 0.06504369947752689, "F4_wgt_CV": 20.788775060458981, "F5_wgt_Direct": 0.37429181198663025, "F5_wgt_SD": 0.07929025812389455, "F5_wgt_CV": 21.184074987653432 }, "geometry": { "type": "MultiPolygon", "coordinates": [ [ [ [ 26.66238, 42.688278 ], [ 26.6558455, 42.625264 ], [ 26.5603737, 42.5775794 ], [ 26.4167047, 42.5534454 ], [ 26.405412, 42.5378804 ], [ 26.355804, 42.4695039 ], [ 26.2225228, 42.4390955 ], [ 26.1942559, 42.3934218 ], [ 26.2356162, 42.34604 ], [ 26.175732, 42.261461 ], [ 26.1927335, 42.20813 ], [ 26.4977436, 42.1470831 ], [ 26.5187216, 41.99489 ], [ 26.5615445, 41.9262735 ], [ 26.575412, 41.9379874 ], [ 26.6274557, 41.9723013 ], [ 26.7375544, 41.9611271 ], [ 26.9492285, 42.0002135 ], [ 27.0596505, 42.088337 ], [ 26.9542766, 42.1646632 ], [ 26.8886613, 42.3656321 ], [ 26.9320746, 42.4341105 ], [ 26.8792282, 42.4695039 ], [ 26.8266977, 42.5378804 ], [ 26.7140095, 42.6845615 ], [ 26.66238, 42.688278 ] ] ] ] } },
{ "type": "Feature", "properties": { "region": "BG344", "SampSize": 92.0, "F1_wgt_F1_wgt_Direct": 0.49581394284702379, "F1_wgt_F1_wgt_SD": 0.055565939986208943, "F1_wgt_F1_wgt_CV": 11.207014402850911, "F2_wgt_Direct": 0.62471429766914033, "F2_wgt_SD": 0.069770676467712414, "F2_wgt_CV": 11.168413581701662, "F3_wgt_Direct": 0.55208330515079862, "F3_wgt_SD": 0.061701022287823051, "F3_wgt_CV": 11.176034796228761, "F4_wgt_Direct": 0.30220238291753893, "F4_wgt_SD": 0.033851250044589089, "F4_wgt_CV": 11.201516585600842, "F5_wgt_Direct": 0.30540061004378005, "F5_wgt_SD": 0.034669599695078109, "F5_wgt_CV": 11.35217106806307 }, "geometry": { "type": "MultiPolygon", "coordinates": [ [ [ [ 25.6800981, 42.8029874 ], [ 25.6149615, 42.7868085 ], [ 25.5952877, 42.7591786 ], [ 25.4619373, 42.7626569 ], [ 25.3986843, 42.7358648 ], [ 25.1857835, 42.7835789 ], [ 25.014535, 42.748024 ], [ 25.0071955, 42.737619 ], [ 25.0164145, 42.5502397 ], [ 25.0313164, 42.5378804 ], [ 25.0735295, 42.5028696 ], [ 25.1739555, 42.495956 ], [ 25.1687179, 42.4695039 ], [ 25.1752723, 42.4237866 ], [ 25.1362766, 42.3839484 ], [ 25.1386388, 42.2927832 ], [ 25.0977416, 42.2027487 ], [ 25.1487796, 42.170725 ], [ 25.2606476, 42.1648075 ], [ 25.348064, 42.1143775 ], [ 25.4306651, 42.0981608 ], [ 25.4782325, 42.1642041 ], [ 25.6126336, 42.1901645 ], [ 25.6278261, 42.1353832 ], [ 25.6944635, 42.1316102 ], [ 25.7558863, 42.0676681 ], [ 25.8786341, 42.1184422 ], [ 25.9756959, 42.0924635 ], [ 26.0598629, 42.0248758 ], [ 26.1211819, 42.0420562 ], [ 26.1478752, 42.0495351 ], [ 26.1373206, 42.142212 ], [ 26.1927335, 42.20813 ], [ 26.175732, 42.261461 ], [ 26.0810639, 42.266207 ], [ 25.9464799, 42.3295545 ], [ 25.894883, 42.4202785 ], [ 25.8993648, 42.4695039 ], [ 25.837491, 42.7772275 ], [ 25.6800981, 42.8029874 ] ] ] ] } },
{ "type": "Feature", "properties": { "region": "BG411", "SampSize": 340.0, "F1_wgt_F1_wgt_Direct": 0.63855092933736701, "F1_wgt_F1_wgt_SD": 0.038210613963495871, "F1_wgt_F1_wgt_CV": 5.9839571454617637, "F2_wgt_Direct": 0.63525888793363661, "F2_wgt_SD": 0.037576380775253708, "F2_wgt_CV": 5.9151286961890071, "F3_wgt_Direct": 0.53249762290822533, "F3_wgt_SD": 0.032358466488014208, "F3_wgt_CV": 6.0767344483697556, "F4_wgt_Direct": 0.56648234608770953, "F4_wgt_SD": 0.034425914297042157, "F4_wgt_CV": 6.0771380670196447, "F5_wgt_Direct": 0.60364152203535215, "F5_wgt_SD": 0.036582245815755803, "F5_wgt_CV": 6.060260018629628 }, "geometry": { "type": "MultiPolygon", "coordinates": [ [ [ [ 23.5110029, 42.6589093 ], [ 23.5995584, 42.7311774 ], [ 23.6336253, 42.8397131 ], [ 23.2785794, 42.878481 ], [ 23.1968922, 42.7436864 ], [ 23.056514, 42.712734 ], [ 23.1479135, 42.6575715 ], [ 23.1858918, 42.589807 ], [ 23.290187, 42.532709 ], [ 23.4039746, 42.480368899999988 ], [ 23.4785087, 42.5129398 ], [ 23.5179701, 42.4695039 ], [ 23.553699, 42.4374797 ], [ 23.6142161, 42.4320428 ], [ 23.6359271, 42.4371572 ], [ 23.6356854, 42.4695039 ], [ 23.5110029, 42.6589093 ] ] ] ] } },
{ "type": "Feature", "properties": { "region": "BG412", "SampSize": 94.0, "F1_wgt_F1_wgt_Direct": 0.40560489432081503, "F1_wgt_F1_wgt_SD": 0.04607094509642215, "F1_wgt_F1_wgt_CV": 11.358577211837618, "F2_wgt_Direct": 0.49949369559454659, "F2_wgt_SD": 0.056516533525726158, "F2_wgt_CV": 11.314764135001669, "F3_wgt_Direct": 0.48532794985586886, "F3_wgt_SD": 0.054809049053490537, "F3_wgt_CV": 11.293198561872968, "F4_wgt_Direct": 0.28256823178629176, "F4_wgt_SD": 0.033371784553643279, "F4_wgt_CV": 11.810168589256907, "F5_wgt_Direct": 0.28476221533468332, "F5_wgt_SD": 0.033697300422242407, "F5_wgt_CV": 11.833487242202304 }, "geometry": { "type": "MultiPolygon", "coordinates": [ [ [ [ 23.00621, 43.1928785 ], [ 22.9901706, 43.1514666 ], [ 22.9757688, 43.114283 ], [ 22.7937057, 42.9794149 ], [ 22.774327, 42.9410789 ], [ 22.7483995, 42.8897875 ], [ 22.774327, 42.8748886 ], [ 23.056514, 42.712734 ], [ 23.1968922, 42.7436864 ], [ 23.2785794, 42.878481 ], [ 23.6336253, 42.8397131 ], [ 23.5995584, 42.7311774 ], [ 23.5110029, 42.6589093 ], [ 23.6356854, 42.4695039 ], [ 23.6359271, 42.4371572 ], [ 23.6142161, 42.4320428 ], [ 23.553699, 42.4374797 ], [ 23.5179701, 42.4695039 ], [ 23.4785087, 42.5129398 ], [ 23.4039746, 42.480368899999988 ], [ 23.290187, 42.532709 ], [ 23.2339109, 42.4695039 ], [ 23.224096, 42.3770215 ], [ 23.3016808, 42.3531385 ], [ 23.3782232, 42.2807654 ], [ 23.3275705, 42.1777456 ], [ 23.4347459, 42.1784821 ], [ 23.5163444, 42.1326343 ], [ 23.4955625, 42.0975575 ], [ 23.5630775, 42.0922959 ], [ 23.6107316, 42.1542504 ], [ 23.6745294, 42.1648888 ], [ 23.77226, 42.1811855 ], [ 23.8949693, 42.279017 ], [ 23.965318, 42.2904806 ], [ 23.961591, 42.3610081 ], [ 24.0204329, 42.4081594 ], [ 24.0357422, 42.420427 ], [ 24.0331652, 42.4614457 ], [ 24.0087297, 42.4695039 ], [ 23.9210144, 42.4984303 ], [ 23.9137251, 42.5378804 ], [ 24.0531669, 42.5580946 ], [ 24.2320956, 42.621771599999988 ], [ 24.4210095, 42.553064 ], [ 24.4721618, 42.594153299999988 ], [ 24.3686455, 42.6751678 ], [ 24.385927, 42.7499535 ], [ 24.1630744, 42.7764596 ], [ 24.163463, 42.9174553 ], [ 24.0789437, 42.9543341 ], [ 24.0351616, 43.0525312 ], [ 23.9715035, 43.0622515 ], [ 23.9451248, 43.0367945 ], [ 23.7703537, 43.0657354 ], [ 23.7004897, 43.0347421 ], [ 23.6319795, 43.052455 ], [ 23.5586752, 43.0033094 ], [ 23.4645928, 43.0938923 ], [ 23.4723451, 43.1469961 ], [ 23.4526534, 43.1514666 ], [ 23.412767, 43.160522 ], [ 23.3706235, 43.1514666 ], [ 23.2514648, 43.125863099999989 ], [ 23.1856783, 43.1117276 ], [ 23.0977939, 43.1514666 ], [ 23.00621, 43.1928785 ] ] ] ] } },
{ "type": "Feature", "properties": { "region": "BG413", "SampSize": 109.0, "F1_wgt_F1_wgt_Direct": 0.41421810227905281, "F1_wgt_F1_wgt_SD": 0.045409643583443113, "F1_wgt_F1_wgt_CV": 10.96273758524713, "F2_wgt_Direct": 0.51730639660064015, "F2_wgt_SD": 0.055436789793163389, "F2_wgt_CV": 10.716432303457582, "F3_wgt_Direct": 0.55664692824973938, "F3_wgt_SD": 0.05871546905885227, "F3_wgt_CV": 10.548063068176962, "F4_wgt_Direct": 0.30323223695590362, "F4_wgt_SD": 0.032619943511896732, "F4_wgt_CV": 10.757412813150326, "F5_wgt_Direct": 0.31173265550411144, "F5_wgt_SD": 0.033212795930416192, "F5_wgt_CV": 10.654256249383582 }, "geometry": { "type": "MultiPolygon", "coordinates": [ [ [ [ 23.7999233, 41.8320542 ], [ 23.7604037, 41.9379874 ], [ 23.7638182, 41.9862992 ], [ 23.8109869, 42.0411051 ], [ 23.77226, 42.1811855 ], [ 23.6745294, 42.1648888 ], [ 23.6107316, 42.1542504 ], [ 23.5630775, 42.0922959 ], [ 23.4955625, 42.0975575 ], [ 23.4072092, 42.0554007 ], [ 23.211531, 42.0942808 ], [ 23.0490328, 42.0519564 ], [ 22.935654, 42.0868211 ], [ 22.867214, 42.0221995 ], [ 22.8748461, 41.9379874 ], [ 23.0258223, 41.7229416 ], [ 22.9543741, 41.6302888 ], [ 22.9683275, 41.5198355 ], [ 22.9596327, 41.3654184 ], [ 22.9275915, 41.3385395 ], [ 23.1886805, 41.3239638 ], [ 23.29336, 41.3975465 ], [ 23.3465424, 41.3736916 ], [ 23.4963643, 41.4039867 ], [ 23.624223, 41.3757275 ], [ 23.6745294, 41.3917599 ], [ 23.9114335, 41.4672603 ], [ 24.0537155, 41.4600329 ], [ 24.059744, 41.522112 ], [ 24.0988106, 41.6447641 ], [ 24.0745475, 41.672704 ], [ 23.7999233, 41.8320542 ] ] ] ] } },
{ "type": "Feature", "properties": { "region": "BG414", "SampSize": 36.0, "F1_wgt_F1_wgt_Direct": 0.47673755994424449, "F1_wgt_F1_wgt_SD": 0.089174706328493641, "F1_wgt_F1_wgt_CV": 18.705198377682432, "F2_wgt_Direct": 0.48523699525148511, "F2_wgt_SD": 0.090947022876581296, "F2_wgt_CV": 18.742804808080624, "F3_wgt_Direct": 0.48531634598893608, "F3_wgt_SD": 0.092964839375112462, "F3_wgt_CV": 19.155513747569469, "F4_wgt_Direct": 0.3985892707185491, "F4_wgt_SD": 0.076190140015862176, "F4_wgt_CV": 19.114950053349872, "F5_wgt_Direct": 0.37306703119186346, "F5_wgt_SD": 0.072832145812463348, "F5_wgt_CV": 19.52253609218198 }, "geometry": { "type": "MultiPolygon", "coordinates": [ [ [ [ 22.774327, 42.8748886 ], [ 22.7483995, 42.8897875 ], [ 22.5155105, 42.8685385 ], [ 22.4428215, 42.8254565 ], [ 22.491635, 42.7399662 ], [ 22.461472, 42.6484905 ], [ 22.5928332, 42.6154598 ], [ 22.710935, 42.4695039 ], [ 22.8646256, 42.3736969 ], [ 23.224096, 42.3770215 ], [ 23.2339109, 42.4695039 ], [ 23.290187, 42.532709 ], [ 23.1858918, 42.589807 ], [ 23.1479135, 42.6575715 ], [ 23.056514, 42.712734 ], [ 22.774327, 42.8748886 ] ] ] ] } },
{ "type": "Feature", "properties": { "region": "BG415", "SampSize": 34.0, "F1_wgt_F1_wgt_Direct": 0.49983255720972092, "F1_wgt_F1_wgt_SD": 0.089124517904345515, "F1_wgt_F1_wgt_CV": 17.830874883756412, "F2_wgt_Direct": 0.48345863734211469, "F2_wgt_SD": 0.088080219443565241, "F2_wgt_CV": 18.218770467686596, "F3_wgt_Direct": 0.51519632852977559, "F3_wgt_SD": 0.093610805596807303, "F3_wgt_CV": 18.169928707362107, "F4_wgt_Direct": 0.34162973138408609, "F4_wgt_SD": 0.062968308329623926, "F4_wgt_CV": 18.431741310837541, "F5_wgt_Direct": 0.39121851603318752, "F5_wgt_SD": 0.070801519397161825, "F5_wgt_CV": 18.09769131457869 }, "geometry": { "type": "MultiPolygon", "coordinates": [ [ [ [ 22.8646256, 42.3736969 ], [ 22.710935, 42.4695039 ], [ 22.5928332, 42.6154598 ], [ 22.461472, 42.6484905 ], [ 22.4568656, 42.5730752 ], [ 22.5276921, 42.5153844 ], [ 22.5429483, 42.4695039 ], [ 22.4538212, 42.3469705 ], [ 22.3602065, 42.311157 ], [ 22.510412, 42.1551585 ], [ 22.6708772, 42.0711091 ], [ 22.7035649, 42.0629663 ], [ 22.774327, 42.0453386 ], [ 22.867214, 42.0221995 ], [ 22.935654, 42.0868211 ], [ 23.0490328, 42.0519564 ], [ 23.211531, 42.0942808 ], [ 23.4072092, 42.0554007 ], [ 23.4955625, 42.0975575 ], [ 23.5163444, 42.1326343 ], [ 23.4347459, 42.1784821 ], [ 23.3275705, 42.1777456 ], [ 23.3782232, 42.2807654 ], [ 23.3016808, 42.3531385 ], [ 23.224096, 42.3770215 ], [ 22.8646256, 42.3736969 ] ] ] ] } },
{ "type": "Feature", "properties": { "region": "BG421", "SampSize": 166.0, "F1_wgt_F1_wgt_Direct": 0.53560900104174036, "F1_wgt_F1_wgt_SD": 0.046980056387105479, "F1_wgt_F1_wgt_CV": 8.771334368117591, "F2_wgt_Direct": 0.55251851677605246, "F2_wgt_SD": 0.048844876955180007, "F2_wgt_CV": 8.840405429340187, "F3_wgt_Direct": 0.50665110127262369, "F3_wgt_SD": 0.044502692611016088, "F3_wgt_CV": 8.7836960186670261, "F4_wgt_Direct": 0.38663253226465866, "F4_wgt_SD": 0.034122322428603753, "F4_wgt_CV": 8.8255176636937147, "F5_wgt_Direct": 0.43566819551394509, "F5_wgt_SD": 0.038598382137049837, "F5_wgt_CV": 8.8595822542236409 }, "geometry": { "type": "MultiPolygon", "coordinates": [ [ [ [ 24.7394658, 42.7126535 ], [ 24.5319231, 42.7923265 ], [ 24.385927, 42.7499535 ], [ 24.3686455, 42.6751678 ], [ 24.4721618, 42.594153299999988 ], [ 24.4210095, 42.553064 ], [ 24.4103191, 42.4695039 ], [ 24.4433514, 42.4081594 ], [ 24.5070885, 42.1796355 ], [ 24.4599424, 42.1211636 ], [ 24.439807, 41.9382185 ], [ 24.5507129, 41.8850404 ], [ 24.740601, 41.8822709 ], [ 24.7665438, 41.8486542 ], [ 24.7601953, 41.7822898 ], [ 24.8410451, 41.7031592 ], [ 24.935288, 41.7436439 ], [ 24.9947691, 41.818016 ], [ 25.0742245, 41.7934765 ], [ 25.1638282, 41.8813254 ], [ 25.218167, 41.895591 ], [ 25.2814705, 41.9379874 ], [ 25.348064, 42.1143775 ], [ 25.2606476, 42.1648075 ], [ 25.1487796, 42.170725 ], [ 25.0977416, 42.2027487 ], [ 25.1386388, 42.2927832 ], [ 25.1362766, 42.3839484 ], [ 25.1752723, 42.4237866 ], [ 25.1687179, 42.4695039 ], [ 25.1739555, 42.495956 ], [ 25.0735295, 42.5028696 ], [ 25.0313164, 42.5378804 ], [ 25.0164145, 42.5502397 ], [ 25.0071955, 42.737619 ], [ 24.7394658, 42.7126535 ] ] ] ] } },
{ "type": "Feature", "properties": { "region": "BG422", "SampSize": 68.0, "F1_wgt_F1_wgt_Direct": 0.58639299122375188, "F1_wgt_F1_wgt_SD": 0.078856895046216874, "F1_wgt_F1_wgt_CV": 13.447789490397779, "F2_wgt_Direct": 0.53053441650512967, "F2_wgt_SD": 0.07347405080675784, "F2_wgt_CV": 13.849063985474244, "F3_wgt_Direct": 0.35023439718018151, "F3_wgt_SD": 0.047641116029282921, "F3_wgt_CV": 13.60263766576116, "F4_wgt_Direct": 0.52675933679907949, "F4_wgt_SD": 0.07148211067708099, "F4_wgt_CV": 13.570164908979342, "F5_wgt_Direct": 0.56799760284997958, "F5_wgt_SD": 0.076077130755118183, "F5_wgt_CV": 13.39391757524931 }, "geometry": { "type": "MultiPolygon", "coordinates": [ [ [ [ 26.5187216, 41.99489 ], [ 26.4977436, 42.1470831 ], [ 26.1927335, 42.20813 ], [ 26.1373206, 42.142212 ], [ 26.1478752, 42.0495351 ], [ 26.1211819, 42.0420562 ], [ 26.0598629, 42.0248758 ], [ 25.9756959, 42.0924635 ], [ 25.8786341, 42.1184422 ], [ 25.7558863, 42.0676681 ], [ 25.6944635, 42.1316102 ], [ 25.6278261, 42.1353832 ], [ 25.6126336, 42.1901645 ], [ 25.4782325, 42.1642041 ], [ 25.4306651, 42.0981608 ], [ 25.348064, 42.1143775 ], [ 25.2814705, 41.9379874 ], [ 25.218167, 41.895591 ], [ 25.2354665, 41.8407628 ], [ 25.2836317, 41.8113014 ], [ 25.3695399, 41.831972 ], [ 25.4106887, 41.7953049 ], [ 25.614585, 41.7381211 ], [ 25.6394545, 41.6968345 ], [ 25.6158535, 41.6287736 ], [ 25.7159228, 41.6154036 ], [ 25.780009, 41.6546004 ], [ 25.8270148, 41.6452804 ], [ 25.7776585, 41.5292961 ], [ 25.8570791, 41.4661676 ], [ 25.8340061, 41.4069343 ], [ 25.9158726, 41.3824124 ], [ 25.948626, 41.320342 ], [ 26.1211819, 41.3592885 ], [ 26.1792256, 41.4413237 ], [ 26.1683037, 41.5569624 ], [ 26.1211819, 41.6279076 ], [ 26.078597, 41.6485303 ], [ 26.0810761, 41.7092749 ], [ 26.1211819, 41.7243393 ], [ 26.1721553, 41.7434857 ], [ 26.357879, 41.7111045 ], [ 26.3350922, 41.7516004 ], [ 26.3623425, 41.8076422 ], [ 26.5368689, 41.8307472 ], [ 26.5754511, 41.8925667 ], [ 26.5615445, 41.9262735 ], [ 26.5187216, 41.99489 ] ] ] ] } },
{ "type": "Feature", "properties": { "region": "BG423", "SampSize": 45.0, "F1_wgt_F1_wgt_Direct": 0.45937354585632567, "F1_wgt_F1_wgt_SD": 0.082567796690163869, "F1_wgt_F1_wgt_CV": 17.973999033019609, "F2_wgt_Direct": 0.51198306687681372, "F2_wgt_SD": 0.094530268839342443, "F2_wgt_CV": 18.463553768680988, "F3_wgt_Direct": 0.32056329658094285, "F3_wgt_SD": 0.060423820255991217, "F3_wgt_CV": 18.849263437348664, "F4_wgt_Direct": 0.34025950968974333, "F4_wgt_SD": 0.061902771708528287, "F4_wgt_CV": 18.1928116469023, "F5_wgt_Direct": 0.35696981794058341, "F5_wgt_SD": 0.064903942882458099, "F5_wgt_CV": 18.181913321663838 }, "geometry": { "type": "MultiPolygon", "coordinates": [ [ [ [ 24.2320956, 42.621771599999988 ], [ 24.0531669, 42.5580946 ], [ 23.9137251, 42.5378804 ], [ 23.9210144, 42.4984303 ], [ 24.0087297, 42.4695039 ], [ 24.0331652, 42.4614457 ], [ 24.0357422, 42.420427 ], [ 24.0204329, 42.4081594 ], [ 23.961591, 42.3610081 ], [ 23.965318, 42.2904806 ], [ 23.8949693, 42.279017 ], [ 23.77226, 42.1811855 ], [ 23.8109869, 42.0411051 ], [ 23.7638182, 41.9862992 ], [ 23.7604037, 41.9379874 ], [ 23.7999233, 41.8320542 ], [ 24.0745475, 41.672704 ], [ 24.1503399, 41.7129415 ], [ 24.2835198, 41.729377 ], [ 24.439807, 41.9382185 ], [ 24.4599424, 42.1211636 ], [ 24.5070885, 42.1796355 ], [ 24.4433514, 42.4081594 ], [ 24.4103191, 42.4695039 ], [ 24.4210095, 42.553064 ], [ 24.2320956, 42.621771599999988 ] ] ] ] } },
{ "type": "Feature", "properties": { "region": "BG424", "SampSize": 40.0, "F1_wgt_F1_wgt_Direct": 0.46611979003647619, "F1_wgt_F1_wgt_SD": 0.082224022308313632, "F1_wgt_F1_wgt_CV": 17.640105411932669, "F2_wgt_Direct": 0.43464485453264678, "F2_wgt_SD": 0.082030214301734738, "F2_wgt_CV": 18.872928885799872, "F3_wgt_Direct": 0.44579535858800134, "F3_wgt_SD": 0.082252905251570557, "F3_wgt_CV": 18.45082136164358, "F4_wgt_Direct": 0.47308651128503409, "F4_wgt_SD": 0.084717262480774658, "F4_wgt_CV": 17.907351078486489, "F5_wgt_Direct": 0.48003357192489754, "F5_wgt_SD": 0.085847291800145192, "F5_wgt_CV": 17.883601652256154 }, "geometry": { "type": "MultiPolygon", "coordinates": [ [ [ [ 24.9947691, 41.818016 ], [ 24.935288, 41.7436439 ], [ 24.8410451, 41.7031592 ], [ 24.7601953, 41.7822898 ], [ 24.7665438, 41.8486542 ], [ 24.740601, 41.8822709 ], [ 24.5507129, 41.8850404 ], [ 24.439807, 41.9382185 ], [ 24.2835198, 41.729377 ], [ 24.1503399, 41.7129415 ], [ 24.0745475, 41.672704 ], [ 24.0988106, 41.6447641 ], [ 24.059744, 41.522112 ], [ 24.143203, 41.5368317 ], [ 24.1770981, 41.5247924 ], [ 24.2601915, 41.5659837 ], [ 24.3192058, 41.5198043 ], [ 24.5276052, 41.5613836 ], [ 24.6176214, 41.4322851 ], [ 24.7234488, 41.4104567 ], [ 24.783956, 41.360189 ], [ 24.8324661, 41.3962731 ], [ 24.9148582, 41.4011526 ], [ 25.1793755, 41.310188 ], [ 25.1378913, 41.3504529 ], [ 25.1680352, 41.4141823 ], [ 25.1576457, 41.4976046 ], [ 25.057032, 41.5042138 ], [ 25.0113166, 41.5646588 ], [ 25.0911761, 41.6260593 ], [ 25.0585056, 41.7517711 ], [ 25.0742245, 41.7934765 ], [ 24.9947691, 41.818016 ] ] ] ] } },
{ "type": "Feature", "properties": { "region": "BG425", "SampSize": 28.0, "F1_wgt_F1_wgt_Direct": 0.39924253115442976, "F1_wgt_F1_wgt_SD": 0.082382127074176664, "F1_wgt_F1_wgt_CV": 20.634606948303983, "F2_wgt_Direct": 0.43133804273209592, "F2_wgt_SD": 0.093158990796346541, "F2_wgt_CV": 21.597675504408869, "F3_wgt_Direct": 0.43649159898032208, "F3_wgt_SD": 0.090279613661963465, "F3_wgt_CV": 20.683012885669186, "F4_wgt_Direct": 0.28132728077476132, "F4_wgt_SD": 0.06326223748698831, "F4_wgt_CV": 22.487061088696144, "F5_wgt_Direct": 0.32037057989253154, "F5_wgt_SD": 0.072247533782928086, "F5_wgt_CV": 22.551238571020956 }, "geometry": { "type": "MultiPolygon", "coordinates": [ [ [ [ 25.9158726, 41.3824124 ], [ 25.8340061, 41.4069343 ], [ 25.8570791, 41.4661676 ], [ 25.7776585, 41.5292961 ], [ 25.8270148, 41.6452804 ], [ 25.780009, 41.6546004 ], [ 25.7159228, 41.6154036 ], [ 25.6158535, 41.6287736 ], [ 25.6394545, 41.6968345 ], [ 25.614585, 41.7381211 ], [ 25.4106887, 41.7953049 ], [ 25.3695399, 41.831972 ], [ 25.2836317, 41.8113014 ], [ 25.2354665, 41.8407628 ], [ 25.218167, 41.895591 ], [ 25.1638282, 41.8813254 ], [ 25.0742245, 41.7934765 ], [ 25.0585056, 41.7517711 ], [ 25.0911761, 41.6260593 ], [ 25.0113166, 41.5646588 ], [ 25.057032, 41.5042138 ], [ 25.1576457, 41.4976046 ], [ 25.1680352, 41.4141823 ], [ 25.1378913, 41.3504529 ], [ 25.1793755, 41.310188 ], [ 25.2246985, 41.264631 ], [ 25.3128904, 41.2390739 ], [ 25.5674508, 41.3135363 ], [ 25.7021321, 41.3002262 ], [ 25.8218396, 41.33944 ], [ 25.9064375, 41.307575 ], [ 25.948626, 41.320342 ], [ 25.9158726, 41.3824124 ] ] ] ] } },
{ "type": "Feature", "properties": { "region": "CH01", "SampSize": 216.0, "F1_wgt_F1_wgt_Direct": 0.54005025502550263, "F1_wgt_F1_wgt_SD": 0.037662636019381732, "F1_wgt_F1_wgt_CV": 6.9739131995416237, "F2_wgt_Direct": 0.51712678936605327, "F2_wgt_SD": 0.036400930158327779, "F2_wgt_CV": 7.0390726040226514, "F3_wgt_Direct": 0.57920356299045117, "F3_wgt_SD": 0.040089471259660607, "F3_wgt_CV": 6.9214821560622095, "F4_wgt_Direct": 0.55496375148054977, "F4_wgt_SD": 0.038794616782934263, "F4_wgt_CV": 6.9904776085711475, "F5_wgt_Direct": 0.61225758040385458, "F5_wgt_SD": 0.04235218581467029, "F5_wgt_CV": 6.917380391882471 }, "geometry": { "type": "MultiPolygon", "coordinates": [ [ [ [ 6.780046, 46.852643 ], [ 6.7070451, 46.9286748 ], [ 6.460011, 46.8515515 ], [ 6.435801, 46.7670532 ], [ 6.1389547, 46.5943038 ], [ 6.138106, 46.557667 ], [ 6.064003, 46.416229 ], [ 6.156247, 46.3709388 ], [ 6.125608, 46.31723 ], [ 6.11163, 46.254024199999989 ], [ 5.9821894, 46.2067023 ], [ 5.956067, 46.1320955 ], [ 6.144433, 46.1473407 ], [ 6.281627, 46.224007 ], [ 6.2911907, 46.2509857 ], [ 6.219547, 46.311878 ], [ 6.3175228, 46.3939486 ], [ 6.5219525, 46.4538408 ], [ 6.821064, 46.4271545 ], [ 6.7814936, 46.3489229 ], [ 6.8538898, 46.2744991 ], [ 6.8007892, 46.1555415 ], [ 6.889227, 46.1185196 ], [ 6.8846921, 46.054519 ], [ 6.9503256, 46.0466261 ], [ 7.044886, 45.922413 ], [ 7.1109895, 45.8699084 ], [ 7.1868943, 45.8671553 ], [ 7.2952417, 45.9149385 ], [ 7.3966561, 45.904299 ], [ 7.562174, 45.9783738 ], [ 7.8640765, 45.9167505 ], [ 7.8771375, 45.926955 ], [ 7.9043775, 45.9857225 ], [ 7.9957859, 46.0062063 ], [ 8.0374227, 46.0934186 ], [ 8.1467368, 46.1478791 ], [ 8.1551542, 46.1950485 ], [ 8.0979531, 46.2700122 ], [ 8.2745421, 46.3559761 ], [ 8.3065792, 46.4164234 ], [ 8.384717, 46.4521585 ], [ 8.3995251, 46.488722 ], [ 8.4776735, 46.5276025 ], [ 8.4185093, 46.5658594 ], [ 8.4104115, 46.6530205 ], [ 8.3458309, 46.5702715 ], [ 8.2594251, 46.5318137 ], [ 8.0192212, 46.5570568 ], [ 7.9312338, 46.4967712 ], [ 7.7196964, 46.421216 ], [ 7.6317406, 46.437286 ], [ 7.5180611, 46.3769242 ], [ 7.2845404, 46.3608016 ], [ 7.221457, 46.3292125 ], [ 7.2037084, 46.4287051 ], [ 7.2370205, 46.5538 ], [ 6.9982437, 46.4451894 ], [ 6.9389331, 46.5022881 ], [ 6.8303339, 46.5115359 ], [ 6.8716421, 46.5613184 ], [ 6.8104562, 46.5941317 ], [ 6.8044968, 46.6393537 ], [ 6.9237655, 46.7276023 ], [ 6.9878297, 46.8429989 ], [ 6.8962095, 46.925326 ], [ 6.8662335, 46.9092935 ], [ 6.9199096, 46.8538599 ], [ 6.8646127, 46.7349613 ], [ 6.7563692, 46.8192436 ], [ 6.780046, 46.852643 ] ], [ [ 6.7760698, 46.7656266 ], [ 6.7972845, 46.7359094 ], [ 6.7580576, 46.703355 ], [ 6.7305142, 46.7290785 ], [ 6.7760698, 46.7656266 ] ] ], [ [ [ 7.051847, 46.977115 ], [ 7.0399715, 46.979881 ], [ 7.0022865, 46.9867235 ], [ 6.927902, 46.9531745 ], [ 7.0457871, 46.865732 ], [ 7.0766719, 46.9098486 ], [ 7.051847, 46.977115 ] ] ] ] } },
{ "type": "Feature", "properties": { "region": "CH02", "SampSize": 296.0, "F1_wgt_F1_wgt_Direct": 0.54376505218089377, "F1_wgt_F1_wgt_SD": 0.032351636413759308, "F1_wgt_F1_wgt_CV": 5.9495615402287605, "F2_wgt_Direct": 0.52127993462349298, "F2_wgt_SD": 0.031156129675971079, "F2_wgt_CV": 5.9768518998288984, "F3_wgt_Direct": 0.5210350171694933, "F3_wgt_SD": 0.0312492774339122, "F3_wgt_CV": 5.9975388225676154, "F4_wgt_Direct": 0.5017878213283351, "F4_wgt_SD": 0.03008983922767652, "F4_wgt_CV": 5.9965264099121729, "F5_wgt_Direct": 0.56179943219961614, "F5_wgt_SD": 0.033334757031793512, "F5_wgt_CV": 5.9335690143505078 }, "geometry": { "type": "MultiPolygon", "coordinates": [ [ [ [ 7.1907, 47.442753 ], [ 7.130353, 47.5030405 ], [ 7.0239161, 47.5041415 ], [ 6.939186, 47.4337045 ], [ 6.9151094, 47.3679774 ], [ 7.0161589, 47.3337468 ], [ 6.858914, 47.1652945 ], [ 6.6373774, 47.0069324 ], [ 6.4587172, 46.9466457 ], [ 6.460011, 46.8515515 ], [ 6.7070451, 46.9286748 ], [ 6.780046, 46.852643 ], [ 6.7563692, 46.8192436 ], [ 6.8646127, 46.7349613 ], [ 6.9199096, 46.8538599 ], [ 6.8662335, 46.9092935 ], [ 6.8962095, 46.925326 ], [ 6.9878297, 46.8429989 ], [ 6.9237655, 46.7276023 ], [ 6.8044968, 46.6393537 ], [ 6.8104562, 46.5941317 ], [ 6.8716421, 46.5613184 ], [ 6.8303339, 46.5115359 ], [ 6.9389331, 46.5022881 ], [ 6.9982437, 46.4451894 ], [ 7.2370205, 46.5538 ], [ 7.2037084, 46.4287051 ], [ 7.221457, 46.3292125 ], [ 7.2845404, 46.3608016 ], [ 7.5180611, 46.3769242 ], [ 7.6317406, 46.437286 ], [ 7.7196964, 46.421216 ], [ 7.9312338, 46.4967712 ], [ 8.0192212, 46.5570568 ], [ 8.2594251, 46.5318137 ], [ 8.3458309, 46.5702715 ], [ 8.4104115, 46.6530205 ], [ 8.4489595, 46.764517 ], [ 8.395225, 46.771538 ], [ 8.3688895, 46.7879755 ], [ 8.2804971, 46.7584245 ], [ 8.049088, 46.788008 ], [ 7.9814032, 46.7816869 ], [ 7.8719869, 46.8542101 ], [ 7.8809131, 46.9183128 ], [ 7.9494719, 46.9926566 ], [ 7.8765587, 47.0493786 ], [ 7.8822179, 47.1579344 ], [ 7.838686, 47.234414 ], [ 7.824728, 47.2656375 ], [ 7.898393, 47.329464 ], [ 7.9655279, 47.3244811 ], [ 8.0116401, 47.3546046 ], [ 8.0163006, 47.3949246 ], [ 7.956853, 47.4552005 ], [ 7.9251438, 47.409371 ], [ 7.7733064, 47.3452216 ], [ 7.6556981, 47.3823134 ], [ 7.6901993, 47.4573762 ], [ 7.6490712, 47.4842069 ], [ 7.5776156, 47.4201525 ], [ 7.43689, 47.3799705 ], [ 7.3756845, 47.414077 ], [ 7.326466, 47.4398535 ], [ 7.1907, 47.442753 ] ], [ [ 7.0022865, 46.9867235 ], [ 7.0399715, 46.979881 ], [ 7.051847, 46.977115 ], [ 7.0766719, 46.9098486 ], [ 7.0457871, 46.865732 ], [ 6.927902, 46.9531745 ], [ 7.0022865, 46.9867235 ] ] ], [ [ [ 7.4314657, 47.4142458 ], [ 7.5209418, 47.462337 ], [ 7.5109055, 47.5025825 ], [ 7.445019, 47.4617235 ], [ 7.446276, 47.4589119 ], [ 7.4470268, 47.4561618 ], [ 7.4468786, 47.4533202 ], [ 7.4458472, 47.4506681 ], [ 7.4440368, 47.4484729 ], [ 7.4416296, 47.4469556 ], [ 7.4388668, 47.4462688 ], [ 7.4377885, 47.4462485 ], [ 7.427169, 47.4438195 ], [ 7.4240135, 47.4441785 ], [ 7.4211395, 47.446388 ], [ 7.380894, 47.4318925 ], [ 7.3756845, 47.414077 ], [ 7.4314657, 47.4142458 ] ] ], [ [ [ 6.7580576, 46.703355 ], [ 6.7972845, 46.7359094 ], [ 6.7760698, 46.7656266 ], [ 6.7305142, 46.7290785 ], [ 6.7580576, 46.703355 ] ] ] ] } },
{ "type": "Feature", "properties": { "region": "CH03", "SampSize": 141.0, "F1_wgt_F1_wgt_Direct": 0.57619230008107203, "F1_wgt_F1_wgt_SD": 0.049366829109792162, "F1_wgt_F1_wgt_CV": 8.5677696669750869, "F2_wgt_Direct": 0.50088574785089601, "F2_wgt_SD": 0.043407667145181919, "F2_wgt_CV": 8.6661813260663081, "F3_wgt_Direct": 0.50160981252483028, "F3_wgt_SD": 0.043209986291319821, "F3_wgt_CV": 8.6142625627326375, "F4_wgt_Direct": 0.52262724800778793, "F4_wgt_SD": 0.045371499982987257, "F4_wgt_CV": 8.6814264192959101, "F5_wgt_Direct": 0.59434783150260062, "F5_wgt_SD": 0.05091259835590304, "F5_wgt_CV": 8.5661283944097768 }, "geometry": { "type": "MultiPolygon", "coordinates": [ [ [ [ 7.43689, 47.3799705 ], [ 7.5776156, 47.4201525 ], [ 7.6490712, 47.4842069 ], [ 7.6901993, 47.4573762 ], [ 7.6556981, 47.3823134 ], [ 7.7733064, 47.3452216 ], [ 7.9251438, 47.409371 ], [ 7.956853, 47.4552005 ], [ 8.0163006, 47.3949246 ], [ 8.0116401, 47.3546046 ], [ 7.9655279, 47.3244811 ], [ 7.898393, 47.329464 ], [ 7.824728, 47.2656375 ], [ 7.838686, 47.234414 ], [ 7.9365784, 47.2429247 ], [ 7.9770254, 47.2760362 ], [ 8.190781, 47.2279213 ], [ 8.2669402, 47.2808869 ], [ 8.3551415, 47.1587212 ], [ 8.4121295, 47.1407375 ], [ 8.410716, 47.2480375 ], [ 8.408943, 47.3546046 ], [ 8.3647525, 47.4914452 ], [ 8.4264345, 47.567549 ], [ 8.2204613, 47.616822 ], [ 8.0386355, 47.5534534 ], [ 7.922759, 47.5549397 ], [ 7.8941075, 47.586375 ], [ 7.7137845, 47.539405 ], [ 7.634097, 47.5611135 ], [ 7.589039, 47.589878 ], [ 7.5551595, 47.564564 ], [ 7.5109055, 47.5025825 ], [ 7.5209418, 47.462337 ], [ 7.4314657, 47.4142458 ], [ 7.3756845, 47.414077 ], [ 7.43689, 47.3799705 ] ] ], [ [ [ 7.380894, 47.4318925 ], [ 7.3527539, 47.4344133 ], [ 7.3374028, 47.440884 ], [ 7.326466, 47.4398535 ], [ 7.3756845, 47.414077 ], [ 7.380894, 47.4318925 ] ] ], [ [ [ 7.4388668, 47.4462688 ], [ 7.4416296, 47.4469556 ], [ 7.4440368, 47.4484729 ], [ 7.4458472, 47.4506681 ], [ 7.4468786, 47.4533202 ], [ 7.4470268, 47.4561618 ], [ 7.446276, 47.4589119 ], [ 7.445019, 47.4617235 ], [ 7.4211395, 47.446388 ], [ 7.4240135, 47.4441785 ], [ 7.427169, 47.4438195 ], [ 7.4377885, 47.4462485 ], [ 7.4388668, 47.4462688 ] ] ] ] } },
{ "type": "Feature", "properties": { "region": "CH04", "SampSize": 168.0, "F1_wgt_F1_wgt_Direct": 0.56919816981698179, "F1_wgt_F1_wgt_SD": 0.044884150957598949, "F1_wgt_F1_wgt_CV": 7.8855051434952559, "F2_wgt_Direct": 0.52362954384207672, "F2_wgt_SD": 0.041759971609024928, "F2_wgt_CV": 7.975098445098328, "F3_wgt_Direct": 0.53839701192369516, "F3_wgt_SD": 0.042532930869917877, "F3_wgt_CV": 7.8999195626936158, "F4_wgt_Direct": 0.51744541690193868, "F4_wgt_SD": 0.04131392438434895, "F4_wgt_CV": 7.9842091619449738, "F5_wgt_Direct": 0.584487269859855, "F5_wgt_SD": 0.046035478034258143, "F5_wgt_CV": 7.8762156864932686 }, "geometry": { "type": "MultiPolygon", "coordinates": [ [ [ [ 8.663354, 47.6858925 ], [ 8.6063695, 47.6690055 ], [ 8.595602, 47.6055445 ], [ 8.5541039, 47.5571664 ], [ 8.5384182, 47.582641 ], [ 8.562841, 47.5994325 ], [ 8.5185479, 47.6256443 ], [ 8.4264345, 47.567549 ], [ 8.3647525, 47.4914452 ], [ 8.408943, 47.3546046 ], [ 8.410716, 47.2480375 ], [ 8.449012, 47.2174589 ], [ 8.577121, 47.2152273 ], [ 8.6924835, 47.163625 ], [ 8.7151982, 47.201884 ], [ 8.8077845, 47.22056 ], [ 8.8201346, 47.2459168 ], [ 8.9265306, 47.2653057 ], [ 8.9737944, 47.3178828 ], [ 8.9612546, 47.3546046 ], [ 8.9436355, 47.3758375 ], [ 8.8730769, 47.5255937 ], [ 8.7586802, 47.5975254 ], [ 8.7726926, 47.6406479 ], [ 8.670461, 47.6848625 ], [ 8.663354, 47.6858925 ] ] ] ] } },
{ "type": "Feature", "properties": { "region": "CH05", "SampSize": 148.0, "F1_wgt_F1_wgt_Direct": 0.5353692801712604, "F1_wgt_F1_wgt_SD": 0.045129610681667577, "F1_wgt_F1_wgt_CV": 8.4296227581886978, "F2_wgt_Direct": 0.51259119548996845, "F2_wgt_SD": 0.043119112956502961, "F2_wgt_CV": 8.4119886053225859, "F3_wgt_Direct": 0.49487541968545679, "F3_wgt_SD": 0.041901647662381553, "F3_wgt_CV": 8.4671103060673882, "F4_wgt_Direct": 0.50945533208379057, "F4_wgt_SD": 0.04337761168299939, "F4_wgt_CV": 8.5145073475970676, "F5_wgt_Direct": 0.58866060590991587, "F5_wgt_SD": 0.04935540254425258, "F5_wgt_CV": 8.3843562910009908 }, "geometry": { "type": "MultiPolygon", "coordinates": [ [ [ [ 8.7815239, 47.7125348 ], [ 8.7957085, 47.6755955 ], [ 8.670461, 47.6848625 ], [ 8.7726926, 47.6406479 ], [ 8.7586802, 47.5975254 ], [ 8.8730769, 47.5255937 ], [ 8.9436355, 47.3758375 ], [ 8.9612546, 47.3546046 ], [ 8.9737944, 47.3178828 ], [ 8.9265306, 47.2653057 ], [ 8.8201346, 47.2459168 ], [ 8.8077845, 47.22056 ], [ 8.9411136, 47.2131701 ], [ 9.0045655, 47.1731455 ], [ 8.9042089, 47.0253613 ], [ 8.9616913, 46.9560475 ], [ 8.935079, 46.920208 ], [ 8.9460822, 46.8786752 ], [ 8.8771685, 46.8131235 ], [ 8.8140733, 46.7464579 ], [ 8.6846063, 46.6908955 ], [ 8.6617076, 46.6373925 ], [ 8.678729, 46.5791895 ], [ 8.8410512, 46.5681255 ], [ 8.9337715, 46.6183611 ], [ 9.02672, 46.5957772 ], [ 9.0266949, 46.516929 ], [ 9.0979341, 46.4206735 ], [ 9.0633228, 46.2843361 ], [ 9.0957914, 46.212237 ], [ 9.1593775, 46.169601 ], [ 9.2485315, 46.233768 ], [ 9.2920692, 46.3299838 ], [ 9.2592915, 46.4464255 ], [ 9.3022834, 46.4968153 ], [ 9.4117431, 46.4764386 ], [ 9.4560012, 46.4955842 ], [ 9.4677414, 46.3801507 ], [ 9.5383171, 46.3150316 ], [ 9.617288, 46.2921089 ], [ 9.954927, 46.3785516 ], [ 10.0546825, 46.236159 ], [ 10.141732, 46.2347481 ], [ 10.1666049, 46.2672165 ], [ 10.1143771, 46.3466172 ], [ 10.1560592, 46.4086878 ], [ 10.0458301, 46.4600242 ], [ 10.0557224, 46.5288571 ], [ 10.1063778, 46.6016192 ], [ 10.2317009, 46.6282519 ], [ 10.3060253, 46.5515166 ], [ 10.452801, 46.530683 ], [ 10.4787516, 46.6124441 ], [ 10.3900214, 46.6787669 ], [ 10.4696515, 46.854909 ], [ 10.4784873, 46.9355931 ], [ 10.3763168, 46.9947411 ], [ 10.2456122, 46.921561 ], [ 10.2187794, 46.8675563 ], [ 10.1449745, 46.851009499999989 ], [ 10.0879179, 46.8491151 ], [ 9.954927, 46.9149026 ], [ 9.88113, 46.9415781 ], [ 9.8709551, 47.01375 ], [ 9.607078, 47.0607745 ], [ 9.4760475, 47.0517975 ], [ 9.5114165, 47.1046153 ], [ 9.4927385, 47.1842775 ], [ 9.530749, 47.270581 ], [ 9.6094199, 47.3546046 ], [ 9.6533973, 47.3758071 ], [ 9.6513167, 47.429418 ], [ 9.5783082, 47.4820723 ], [ 9.5587205, 47.541893 ], [ 9.495604, 47.551455 ], [ 9.3794304, 47.6239249 ], [ 9.182192, 47.6558905 ], [ 9.0358646, 47.6839455 ], [ 8.874888, 47.65467 ], [ 8.8143867, 47.7200078 ], [ 8.7815239, 47.7125348 ] ] ], [ [ [ 8.663354, 47.6858925 ], [ 8.7067285, 47.7102527 ], [ 8.7053363, 47.7371793 ], [ 8.6138315, 47.801079 ], [ 8.510115, 47.7761905 ], [ 8.4184186, 47.7002617 ], [ 8.4247689, 47.6772556 ], [ 8.5028235, 47.64896 ], [ 8.6063695, 47.6690055 ], [ 8.663354, 47.6858925 ] ] ], [ [ [ 8.562841, 47.5994325 ], [ 8.5384182, 47.582641 ], [ 8.5541039, 47.5571664 ], [ 8.595602, 47.6055445 ], [ 8.562841, 47.5994325 ] ] ] ] } },
{ "type": "Feature", "properties": { "region": "CH06", "SampSize": 128.0, "F1_wgt_F1_wgt_Direct": 0.5796966415391539, "F1_wgt_F1_wgt_SD": 0.052129071681082779, "F1_wgt_F1_wgt_CV": 8.9924743297933833, "F2_wgt_Direct": 0.50379498521034183, "F2_wgt_SD": 0.045635496552305171, "F2_wgt_CV": 9.0583467267447446, "F3_wgt_Direct": 0.50645542498674678, "F3_wgt_SD": 0.045832838446065179, "F3_wgt_CV": 9.0497280085931688, "F4_wgt_Direct": 0.52962882905138331, "F4_wgt_SD": 0.048065169360637872, "F4_wgt_CV": 9.0752554853796887, "F5_wgt_Direct": 0.60025900100359619, "F5_wgt_SD": 0.053854627750813899, "F5_wgt_CV": 8.9718984073162211 }, "geometry": { "type": "MultiPolygon", "coordinates": [ [ [ [ 8.190781, 47.2279213 ], [ 7.9770254, 47.2760362 ], [ 7.9365784, 47.2429247 ], [ 7.838686, 47.234414 ], [ 7.8822179, 47.1579344 ], [ 7.8765587, 47.0493786 ], [ 7.9494719, 46.9926566 ], [ 7.8809131, 46.9183128 ], [ 7.8719869, 46.8542101 ], [ 7.9814032, 46.7816869 ], [ 8.049088, 46.788008 ], [ 8.2804971, 46.7584245 ], [ 8.3688895, 46.7879755 ], [ 8.395225, 46.771538 ], [ 8.4489595, 46.764517 ], [ 8.4104115, 46.6530205 ], [ 8.4185093, 46.5658594 ], [ 8.4776735, 46.5276025 ], [ 8.5420648, 46.5802898 ], [ 8.678729, 46.5791895 ], [ 8.6617076, 46.6373925 ], [ 8.6846063, 46.6908955 ], [ 8.8140733, 46.7464579 ], [ 8.8771685, 46.8131235 ], [ 8.9460822, 46.8786752 ], [ 8.935079, 46.920208 ], [ 8.9616913, 46.9560475 ], [ 8.9042089, 47.0253613 ], [ 9.0045655, 47.1731455 ], [ 8.9411136, 47.2131701 ], [ 8.8077845, 47.22056 ], [ 8.7151982, 47.201884 ], [ 8.6924835, 47.163625 ], [ 8.577121, 47.2152273 ], [ 8.449012, 47.2174589 ], [ 8.410716, 47.2480375 ], [ 8.4121295, 47.1407375 ], [ 8.3551415, 47.1587212 ], [ 8.2669402, 47.2808869 ], [ 8.190781, 47.2279213 ] ] ] ] } },
{ "type": "Feature", "properties": { "region": "CH07", "SampSize": 34.0, "F1_wgt_F1_wgt_Direct": 0.4716868745698099, "F1_wgt_F1_wgt_SD": 0.084051736573579436, "F1_wgt_F1_wgt_CV": 17.819392716881659, "F2_wgt_Direct": 0.52403077795535402, "F2_wgt_SD": 0.093151063354407759, "F2_wgt_CV": 17.775876393722804, "F3_wgt_Direct": 0.55781784351839336, "F3_wgt_SD": 0.098258962951074905, "F3_wgt_CV": 17.614883441396213, "F4_wgt_Direct": 0.49412927226226455, "F4_wgt_SD": 0.088436135573031704, "F4_wgt_CV": 17.897368267244296, "F5_wgt_Direct": 0.55472305171964242, "F5_wgt_SD": 0.097568243006077846, "F5_wgt_CV": 17.588640440237 }, "geometry": { "type": "MultiPolygon", "coordinates": [ [ [ [ 9.0957914, 46.212237 ], [ 9.0633228, 46.2843361 ], [ 9.0979341, 46.4206735 ], [ 9.0266949, 46.516929 ], [ 9.02672, 46.5957772 ], [ 8.9337715, 46.6183611 ], [ 8.8410512, 46.5681255 ], [ 8.678729, 46.5791895 ], [ 8.5420648, 46.5802898 ], [ 8.4776735, 46.5276025 ], [ 8.3995251, 46.488722 ], [ 8.384717, 46.4521585 ], [ 8.4620426, 46.4351196 ], [ 8.4366064, 46.2959082 ], [ 8.4650661, 46.2431396 ], [ 8.6183703, 46.1241762 ], [ 8.713936, 46.097272 ], [ 8.7453964, 46.1121873 ], [ 8.8390132, 46.072378 ], [ 8.7951379, 45.9976469 ], [ 8.8874851, 45.9536286 ], [ 8.9346737, 45.8719909 ], [ 8.912147, 45.830445 ], [ 9.0402304, 45.840713 ], [ 9.0754657, 45.8960015 ], [ 9.0090667, 45.9524264 ], [ 9.0167195, 46.0366348 ], [ 9.1593775, 46.169601 ], [ 9.0957914, 46.212237 ] ] ] ] } },
{ "type": "Feature", "properties": { "region": "CY0", "SampSize": 579.0, "F1_wgt_F1_wgt_Direct": 0.50669088084630842, "F1_wgt_F1_wgt_SD": 0.024194413194480579, "F1_wgt_F1_wgt_CV": 4.7749849284971315, "F2_wgt_Direct": 0.47024518375870183, "F2_wgt_SD": 0.022779392446049609, "F2_wgt_CV": 4.844152206721688, "F3_wgt_Direct": 0.49032065579246659, "F3_wgt_SD": 0.023625968253744349, "F3_wgt_CV": 4.8184729675643716, "F4_wgt_Direct": 0.41909596323310255, "F4_wgt_SD": 0.02078699299184212, "F4_wgt_CV": 4.9599602037398602, "F5_wgt_Direct": 0.46038366124525087, "F5_wgt_SD": 0.022169894707001099, "F5_wgt_CV": 4.8155259565545236 }, "geometry": { "type": "MultiPolygon", "coordinates": [ [ [ [ 32.3275374, 34.8896811 ], [ 32.4120349, 34.7660629 ], [ 32.5954048, 34.6794054 ], [ 32.7051588, 34.6450986 ], [ 32.866269699999989, 34.6579138 ], [ 32.9400912, 34.5806248 ], [ 32.9871337, 34.5718121 ], [ 33.0219951, 34.646931 ], [ 33.0663598, 34.6804573 ], [ 33.3342978, 34.7293125 ], [ 33.5810953, 34.8197409 ], [ 33.6934708, 34.9619316 ], [ 33.8540892, 34.954117 ], [ 34.0453014, 34.9800637 ], [ 34.0405676, 35.026075 ], [ 33.9236043, 35.1698658 ], [ 33.9313444, 35.2704729 ], [ 34.3935219, 35.5840969 ], [ 34.386632899999988, 35.6003261 ], [ 34.2179588, 35.5649634 ], [ 33.9712732, 35.4486582 ], [ 33.6613372, 35.3662143 ], [ 33.3320317, 35.3404292 ], [ 32.9410074, 35.3893879 ], [ 32.9289701, 35.2668607 ], [ 32.8847624, 35.1778841 ], [ 32.827194, 35.1509411 ], [ 32.6761405, 35.1902922 ], [ 32.546901, 35.1644812 ], [ 32.4311497, 35.0507672 ], [ 32.3684616, 35.0481613 ], [ 32.2918903, 35.0942309 ], [ 32.2742348, 35.066079 ], [ 32.3275374, 34.8896811 ] ] ] ] } },
{ "type": "Feature", "properties": { "region": "DE1", "SampSize": 309.0, "F1_wgt_F1_wgt_Direct": 0.52043330871269655, "F1_wgt_F1_wgt_SD": 0.030438578744273741, "F1_wgt_F1_wgt_CV": 5.8486991963608661, "F2_wgt_Direct": 0.48952295500506288, "F2_wgt_SD": 0.029083400931514659, "F2_wgt_CV": 5.9411720398717289, "F3_wgt_Direct": 0.49695569768154629, "F3_wgt_SD": 0.02965200915838111, "F3_wgt_CV": 5.9667308970833828, "F4_wgt_Direct": 0.45377127565679048, "F4_wgt_SD": 0.02743355706879547, "F4_wgt_CV": 6.0456795175252172, "F5_wgt_Direct": 0.50066058109698908, "F5_wgt_SD": 0.02973127650940742, "F5_wgt_CV": 5.9384096994941595 }, "geometry": { "type": "MultiPolygon", "coordinates": [ [ [ [ 9.4714975, 49.7797265 ], [ 9.3249819, 49.7606173 ], [ 9.3501187, 49.715539 ], [ 9.4040932, 49.7145896 ], [ 9.41092, 49.663508 ], [ 9.2959337, 49.6449424 ], [ 9.2241018, 49.580147 ], [ 9.103006, 49.577456 ], [ 9.1223487, 49.5184868 ], [ 9.083276, 49.5258277 ], [ 8.93188, 49.470637 ], [ 8.8833848, 49.4154835 ], [ 8.8190362, 49.4043766 ], [ 8.8386305, 49.4706623 ], [ 8.899355, 49.48455 ], [ 8.8995725, 49.5036555 ], [ 8.7240046, 49.5304464 ], [ 8.6549883, 49.6177498 ], [ 8.6044889, 49.6067886 ], [ 8.6120318, 49.5490612 ], [ 8.581375, 49.5197805 ], [ 8.4224395, 49.5833855 ], [ 8.4227005, 49.5741925 ], [ 8.423068, 49.541821 ], [ 8.4725055, 49.4435135 ], [ 8.5015251, 49.4348559 ], [ 8.497316, 49.411347 ], [ 8.4709155, 49.340713 ], [ 8.487268, 49.2900265 ], [ 8.4669855, 49.2829755 ], [ 8.4130725, 49.2498165 ], [ 8.33997, 49.08015 ], [ 8.277349, 48.989939 ], [ 8.261284, 48.980917 ], [ 8.232633, 48.9665715 ], [ 8.1688877, 48.9266264 ], [ 8.0896384, 48.8089707 ], [ 7.9596305, 48.718581 ], [ 7.9436758, 48.7058139 ], [ 7.8125877, 48.5990022 ], [ 7.7361284, 48.3357969 ], [ 7.680713, 48.257267 ], [ 7.5779195, 48.121392 ], [ 7.577291, 48.115655 ], [ 7.5740786, 48.0403272 ], [ 7.6143858, 47.975755 ], [ 7.5382383, 47.7928169 ], [ 7.5459905, 47.743574 ], [ 7.5205008, 47.678195 ], [ 7.589039, 47.589878 ], [ 7.634097, 47.5611135 ], [ 7.7137845, 47.539405 ], [ 7.8941075, 47.586375 ], [ 7.922759, 47.5549397 ], [ 8.0386355, 47.5534534 ], [ 8.2204613, 47.616822 ], [ 8.4264345, 47.567549 ], [ 8.5185479, 47.6256443 ], [ 8.562841, 47.5994325 ], [ 8.595602, 47.6055445 ], [ 8.6063695, 47.6690055 ], [ 8.5028235, 47.64896 ], [ 8.4247689, 47.6772556 ], [ 8.4184186, 47.7002617 ], [ 8.510115, 47.7761905 ], [ 8.6138315, 47.801079 ], [ 8.7053363, 47.7371793 ], [ 8.7067285, 47.7102527 ], [ 8.663354, 47.6858925 ], [ 8.670461, 47.6848625 ], [ 8.7957085, 47.6755955 ], [ 8.7815239, 47.7125348 ], [ 8.8143867, 47.7200078 ], [ 8.874888, 47.65467 ], [ 9.0358646, 47.6839455 ], [ 9.182192, 47.6558905 ], [ 9.3794304, 47.6239249 ], [ 9.495604, 47.551455 ], [ 9.5587205, 47.541893 ], [ 9.6921515, 47.6104235 ], [ 9.850835, 47.671623 ], [ 9.954927, 47.6538744 ], [ 10.0371841, 47.6786928 ], [ 10.0772925, 47.6392745 ], [ 10.1299587, 47.6897299 ], [ 10.0918523, 47.7856823 ], [ 10.1319285, 47.8200875 ], [ 10.1065024, 47.8550306 ], [ 10.1101365, 47.93715 ], [ 10.0919119, 47.9552706 ], [ 10.104207, 47.9743585 ], [ 10.1149545, 47.9762575 ], [ 10.136457, 48.1084595 ], [ 10.0953575, 48.164015 ], [ 10.0578453, 48.279578 ], [ 9.997606, 48.350118 ], [ 10.0326945, 48.4571965 ], [ 10.1338955, 48.4548715 ], [ 10.2307795, 48.510511 ], [ 10.2782485, 48.5161015 ], [ 10.3108512, 48.5490717 ], [ 10.2723486, 48.6919769 ], [ 10.3629749, 48.6672227 ], [ 10.487258, 48.696662 ], [ 10.423689, 48.744496 ], [ 10.4537621, 48.9043786 ], [ 10.4101498, 48.977456 ], [ 10.2567635, 49.059495 ], [ 10.2306979, 49.0967867 ], [ 10.2436511, 49.1446544 ], [ 10.1350896, 49.2159999 ], [ 10.1461202, 49.2826563 ], [ 10.1119665, 49.3849105 ], [ 10.1341577, 49.4122323 ], [ 10.1183275, 49.4731695 ], [ 10.0837235, 49.543561 ], [ 10.018797, 49.4907985 ], [ 9.954927, 49.4822879 ], [ 9.9221092, 49.5002859 ], [ 9.9082525, 49.5642861 ], [ 9.8395286, 49.5622697 ], [ 9.8606721, 49.6147001 ], [ 9.8139674, 49.708938 ], [ 9.6381121, 49.7017683 ], [ 9.648736, 49.7914775 ], [ 9.4714975, 49.7797265 ] ] ] ] } },
{ "type": "Feature", "properties": { "region": "DE2", "SampSize": 369.0, "F1_wgt_F1_wgt_Direct": 0.50959455350699467, "F1_wgt_F1_wgt_SD": 0.027213234320508359, "F1_wgt_F1_wgt_CV": 5.3401736995085116, "F2_wgt_Direct": 0.49218963647875807, "F2_wgt_SD": 0.026702153682590601, "F2_wgt_CV": 5.425175928860301, "F3_wgt_Direct": 0.48951457354803801, "F3_wgt_SD": 0.026553623227511449, "F3_wgt_CV": 5.4244806308929299, "F4_wgt_Direct": 0.42759357652872609, "F4_wgt_SD": 0.02370628456781608, "F4_wgt_CV": 5.5441161582144298, "F5_wgt_Direct": 0.46817720195055779, "F5_wgt_SD": 0.02565134035209625, "F5_wgt_CV": 5.4789810877645388 }, "geometry": { "type": "MultiPolygon", "coordinates": [ [ [ [ 10.3285911, 50.488587 ], [ 10.203337, 50.548085799999988 ], [ 10.1047266, 50.5554916 ], [ 10.0413385, 50.5164695 ], [ 9.954927, 50.4236873 ], [ 9.935655, 50.4196065 ], [ 9.8675316, 50.4022204 ], [ 9.7744566, 50.4212665 ], [ 9.7329145, 50.3561495 ], [ 9.7327598, 50.3043935 ], [ 9.623151, 50.22904 ], [ 9.5098089, 50.2338126 ], [ 9.5085412, 50.1063641 ], [ 9.4049845, 50.0877345 ], [ 9.3594265, 50.129025 ], [ 9.2245146, 50.1456772 ], [ 9.1572393, 50.115243199999988 ], [ 9.0326629, 50.1114723 ], [ 8.99056, 50.067119 ], [ 8.9781676, 50.0473529 ], [ 9.0289745, 50.0293993 ], [ 9.0160885, 49.9913405 ], [ 9.05008, 49.866315 ], [ 9.0360805, 49.846504 ], [ 9.119612, 49.7882899 ], [ 9.1407327, 49.7384078 ], [ 9.0771726, 49.620275 ], [ 9.103006, 49.577456 ], [ 9.2241018, 49.580147 ], [ 9.2959337, 49.6449424 ], [ 9.41092, 49.663508 ], [ 9.4040932, 49.7145896 ], [ 9.3501187, 49.715539 ], [ 9.3249819, 49.7606173 ], [ 9.4714975, 49.7797265 ], [ 9.648736, 49.7914775 ], [ 9.6381121, 49.7017683 ], [ 9.8139674, 49.708938 ], [ 9.8606721, 49.6147001 ], [ 9.8395286, 49.5622697 ], [ 9.9082525, 49.5642861 ], [ 9.9221092, 49.5002859 ], [ 9.954927, 49.4822879 ], [ 10.018797, 49.4907985 ], [ 10.0837235, 49.543561 ], [ 10.1183275, 49.4731695 ], [ 10.1341577, 49.4122323 ], [ 10.1119665, 49.3849105 ], [ 10.1461202, 49.2826563 ], [ 10.1350896, 49.2159999 ], [ 10.2436511, 49.1446544 ], [ 10.2306979, 49.0967867 ], [ 10.2567635, 49.059495 ], [ 10.4101498, 48.977456 ], [ 10.4537621, 48.9043786 ], [ 10.423689, 48.744496 ], [ 10.487258, 48.696662 ], [ 10.3629749, 48.6672227 ], [ 10.2723486, 48.6919769 ], [ 10.3108512, 48.5490717 ], [ 10.2782485, 48.5161015 ], [ 10.2307795, 48.510511 ], [ 10.1338955, 48.4548715 ], [ 10.0326945, 48.4571965 ], [ 9.997606, 48.350118 ], [ 10.0578453, 48.279578 ], [ 10.0953575, 48.164015 ], [ 10.136457, 48.1084595 ], [ 10.1149545, 47.9762575 ], [ 10.104207, 47.9743585 ], [ 10.0919119, 47.9552706 ], [ 10.1101365, 47.93715 ], [ 10.1065024, 47.8550306 ], [ 10.1319285, 47.8200875 ], [ 10.0918523, 47.7856823 ], [ 10.1299587, 47.6897299 ], [ 10.0772925, 47.6392745 ], [ 10.0371841, 47.6786928 ], [ 9.954927, 47.6538744 ], [ 9.850835, 47.671623 ], [ 9.6921515, 47.6104235 ], [ 9.5587205, 47.541893 ], [ 9.6965015, 47.531359 ], [ 9.7936304, 47.5827691 ], [ 9.8596105, 47.5394545 ], [ 9.9678135, 47.5462405 ], [ 9.999526, 47.483017 ], [ 10.0840138, 47.4476546 ], [ 10.1020687, 47.3665981 ], [ 10.1975072, 47.3842965 ], [ 10.2175059, 47.3546046 ], [ 10.178353, 47.270114 ], [ 10.3100811, 47.3018153 ], [ 10.3832478, 47.3546046 ], [ 10.4683086, 47.4370069 ], [ 10.4403131, 47.5083938 ], [ 10.454439, 47.555797 ], [ 10.553154, 47.5371963 ], [ 10.6370435, 47.5646806 ], [ 10.7873761, 47.5197767 ], [ 10.886199, 47.536848 ], [ 10.8842713, 47.4840445 ], [ 10.9577936, 47.4493567 ], [ 10.9912025, 47.396131 ], [ 11.0165005, 47.396368 ], [ 11.2083889, 47.4305332 ], [ 11.2650568, 47.4041775 ], [ 11.3328294, 47.4442533 ], [ 11.4214275, 47.444852 ], [ 11.3956188, 47.4720072 ], [ 11.410219, 47.495324 ], [ 11.5585673, 47.5151052 ], [ 11.632883, 47.592446 ], [ 11.828887, 47.5855569 ], [ 12.060662, 47.6187435 ], [ 12.1945969, 47.6167946 ], [ 12.1722235, 47.6950309 ], [ 12.2283597, 47.7209635 ], [ 12.2533542, 47.7241216 ], [ 12.2640709, 47.68489 ], [ 12.3380455, 47.6970875 ], [ 12.4290389, 47.6891211 ], [ 12.5047212, 47.6296239 ], [ 12.5750265, 47.632316 ], [ 12.6139715, 47.6711081 ], [ 12.6957955, 47.682223 ], [ 12.7901653, 47.630667 ], [ 12.8038348, 47.5590531 ], [ 12.9190264, 47.4947708 ], [ 13.0084417, 47.4716763 ], [ 13.0460555, 47.5205025 ], [ 13.0837838, 47.6687191 ], [ 13.0280435, 47.713987499999988 ], [ 12.9180406, 47.7220138 ], [ 12.9953713, 47.8554159 ], [ 12.9388765, 47.9360387 ], [ 12.8757855, 47.962609 ], [ 12.8601815, 47.99664 ], [ 12.751555, 48.1128105 ], [ 12.8757152, 48.1970875 ], [ 12.9446845, 48.2066925 ], [ 13.0369182, 48.2612689 ], [ 13.177043, 48.29439 ], [ 13.277131, 48.3024049 ], [ 13.4016169, 48.3714917 ], [ 13.4498652, 48.5052554 ], [ 13.4384305, 48.548895 ], [ 13.5133695, 48.590978 ], [ 13.7270905, 48.5130195 ], [ 13.8193661, 48.6129297 ], [ 13.796107, 48.7136005 ], [ 13.839507, 48.771605 ], [ 13.7359617, 48.8767957 ], [ 13.6728509, 48.8876035 ], [ 13.5515785, 48.9677875 ], [ 13.493185, 48.950579 ], [ 13.4166515, 48.9800355 ], [ 13.3762975, 49.0648173 ], [ 13.1989413, 49.1311737 ], [ 13.170908, 49.1735795 ], [ 13.0107617, 49.3064705 ], [ 12.9318698, 49.3440364 ], [ 12.7917431, 49.3498561 ], [ 12.6337635, 49.476195 ], [ 12.6359935, 49.5186506 ], [ 12.5937785, 49.5421915 ], [ 12.5158561, 49.6799767 ], [ 12.401524, 49.758373 ], [ 12.4634648, 49.7884747 ], [ 12.5509885, 49.905088 ], [ 12.4920335, 49.9363024 ], [ 12.4815029, 49.9754556 ], [ 12.260799, 50.058156499999988 ], [ 12.2612591, 50.0829972 ], [ 12.2065176, 50.1135764 ], [ 12.2044448, 50.1713215 ], [ 12.160679, 50.219849 ], [ 12.111386, 50.2455202 ], [ 12.1272843, 50.2850898 ], [ 12.1009005, 50.318028 ], [ 12.0213778, 50.3395026 ], [ 11.919323, 50.424728 ], [ 11.8370072, 50.3973953 ], [ 11.6032905, 50.398766 ], [ 11.5253377, 50.383953 ], [ 11.481568, 50.4316215 ], [ 11.4309054, 50.4410098 ], [ 11.4012186, 50.5175778 ], [ 11.265938, 50.479421 ], [ 11.2768177, 50.3712442 ], [ 11.2504877, 50.2901094 ], [ 11.189943, 50.2711855 ], [ 11.1207002, 50.3582563 ], [ 11.0372889, 50.3515163 ], [ 10.9457185, 50.3864665 ], [ 10.7402792, 50.3592916 ], [ 10.7364803, 50.3202026 ], [ 10.8126737, 50.2646582 ], [ 10.729202, 50.2300055 ], [ 10.610115, 50.227995 ], [ 10.5907595, 50.329123499999987 ], [ 10.450532, 50.4018595 ], [ 10.3997652, 50.4038154 ], [ 10.3285911, 50.488587 ] ] ] ] } },
{ "type": "Feature", "properties": { "region": "DE3", "SampSize": 70.0, "F1_wgt_F1_wgt_Direct": 0.53378794844477306, "F1_wgt_F1_wgt_SD": 0.065280637534648397, "F1_wgt_F1_wgt_CV": 12.229694905036336, "F2_wgt_Direct": 0.50181072565199691, "F2_wgt_SD": 0.062945197204288691, "F2_wgt_CV": 12.543613355913172, "F3_wgt_Direct": 0.51934108892674113, "F3_wgt_SD": 0.065121444496927236, "F3_wgt_CV": 12.539243646503261, "F4_wgt_Direct": 0.45992332147618176, "F4_wgt_SD": 0.058464454015701571, "F4_wgt_CV": 12.711782874600171, "F5_wgt_Direct": 0.50948772534737563, "F5_wgt_SD": 0.063367432050422251, "F5_wgt_CV": 12.437479628624512 }, "geometry": { "type": "MultiPolygon", "coordinates": [ [ [ [ 13.334076, 52.6289458 ], [ 13.2877424, 52.6536497 ], [ 13.164263, 52.5989005 ], [ 13.1274679, 52.527029 ], [ 13.1536955, 52.5018215 ], [ 13.1101387, 52.4325245 ], [ 13.165898, 52.3942755 ], [ 13.2287962, 52.4158577 ], [ 13.311926, 52.3991855 ], [ 13.420985, 52.376247 ], [ 13.447915, 52.4143353 ], [ 13.6567037, 52.3505368 ], [ 13.699738, 52.377883 ], [ 13.7354208, 52.4386616 ], [ 13.66698, 52.474167 ], [ 13.6108275, 52.5442355 ], [ 13.5123672, 52.5962975 ], [ 13.5015319, 52.6505711 ], [ 13.39854, 52.6481945 ], [ 13.334076, 52.6289458 ] ] ] ] } },
{ "type": "Feature", "properties": { "region": "DE4", "SampSize": 72.0, "F1_wgt_F1_wgt_Direct": 0.49903858575002502, "F1_wgt_F1_wgt_SD": 0.059968019329063912, "F1_wgt_F1_wgt_CV": 12.016709938157502, "F2_wgt_Direct": 0.45555182342919226, "F2_wgt_SD": 0.055745176205320879, "F2_wgt_CV": 12.236846246316368, "F3_wgt_Direct": 0.46669303635757198, "F3_wgt_SD": 0.057476916837934107, "F3_wgt_CV": 12.31578625782115, "F4_wgt_Direct": 0.39960410972030086, "F4_wgt_SD": 0.05043431328028767, "F4_wgt_CV": 12.621069717122957, "F5_wgt_Direct": 0.44159725494082958, "F5_wgt_SD": 0.054599501904645013, "F5_wgt_CV": 12.364094498721666 }, "geometry": { "type": "MultiPolygon", "coordinates": [ [ [ [ 14.1666499, 53.3123963 ], [ 14.2223822, 53.3651503 ], [ 14.2335218, 53.4165608 ], [ 13.9308141, 53.4275132 ], [ 13.799324, 53.5397355 ], [ 13.7951418, 53.4833603 ], [ 13.7100655, 53.4790625 ], [ 13.5613867, 53.3958988 ], [ 13.5001767, 53.3123963 ], [ 13.4010304, 53.2603188 ], [ 13.2925252, 53.269378599999989 ], [ 13.2414035, 53.232401 ], [ 13.1389511, 53.2452238 ], [ 12.984683, 53.1649855 ], [ 12.654485, 53.2430592 ], [ 12.4578711, 53.2568043 ], [ 12.3317515, 53.318011 ], [ 12.3251015, 53.3213015 ], [ 12.0591281, 53.3549482 ], [ 12.0151285, 53.3123963 ], [ 11.8222021, 53.233466 ], [ 11.6089975, 53.2275167 ], [ 11.5105632, 53.1309201 ], [ 11.265732, 53.121978 ], [ 11.3361795, 53.0618885 ], [ 11.4516336, 53.0727308 ], [ 11.5977845, 53.0359265 ], [ 11.8242077, 52.9498056 ], [ 11.8691102, 52.9028041 ], [ 12.1268115, 52.8901995 ], [ 12.1400928, 52.8634477 ], [ 12.2195891, 52.8616052 ], [ 12.2512934, 52.8116882 ], [ 12.2492035, 52.791862 ], [ 12.2143615, 52.7655132 ], [ 12.2341375, 52.647664 ], [ 12.1760326, 52.6137222 ], [ 12.171555, 52.5063365 ], [ 12.2593568, 52.5071074 ], [ 12.31718, 52.4540955 ], [ 12.2291654, 52.1681395 ], [ 12.2767245, 52.104018 ], [ 12.3761225, 52.0451195 ], [ 12.5534962, 51.9854051 ], [ 12.6640752, 52.0068702 ], [ 12.7697805, 51.9792745 ], [ 13.1509135, 51.8596105 ], [ 13.1644375, 51.7061192 ], [ 13.051025, 51.647677 ], [ 13.1403936, 51.6037951 ], [ 13.1930187, 51.5422344 ], [ 13.21015, 51.404736 ], [ 13.2646799, 51.3929818 ], [ 13.40816, 51.4427652 ], [ 13.547188, 51.378591 ], [ 13.6912505, 51.374013 ], [ 13.835313, 51.37679 ], [ 14.0017456, 51.3845184 ], [ 14.1079438, 51.5141579 ], [ 14.1633245, 51.541043 ], [ 14.3283553, 51.5195353 ], [ 14.447771, 51.542069 ], [ 14.5636659, 51.5737557 ], [ 14.660033, 51.5526536 ], [ 14.729862, 51.581777 ], [ 14.759195, 51.6139648 ], [ 14.7520377, 51.6632588 ], [ 14.5999785, 51.8259609 ], [ 14.7010605, 51.917865 ], [ 14.716716, 52.001188 ], [ 14.755227, 52.070025 ], [ 14.6853953, 52.123903 ], [ 14.7033943, 52.2407478 ], [ 14.6008915, 52.272052 ], [ 14.534362, 52.395008 ], [ 14.621086, 52.4879758 ], [ 14.6251561, 52.5762421 ], [ 14.565063, 52.624497 ], [ 14.436438, 52.6799005 ], [ 14.2230177, 52.8116882 ], [ 14.1393043, 52.8333875 ], [ 14.156692, 52.895591 ], [ 14.143658, 52.9613685 ], [ 14.3552165, 53.067485 ], [ 14.3760776, 53.1902557 ], [ 14.438383, 53.2584326 ], [ 14.4185068, 53.3123963 ], [ 14.412157, 53.329636 ], [ 14.371637, 53.3123963 ], [ 14.2234997, 53.2610264 ], [ 14.1453918, 53.2694626 ], [ 14.1666499, 53.3123963 ] ], [ [ 13.164263, 52.5989005 ], [ 13.2877424, 52.6536497 ], [ 13.334076, 52.6289458 ], [ 13.39854, 52.6481945 ], [ 13.5015319, 52.6505711 ], [ 13.5123672, 52.5962975 ], [ 13.6108275, 52.5442355 ], [ 13.66698, 52.474167 ], [ 13.7354208, 52.4386616 ], [ 13.699738, 52.377883 ], [ 13.6567037, 52.3505368 ], [ 13.447915, 52.4143353 ], [ 13.420985, 52.376247 ], [ 13.311926, 52.3991855 ], [ 13.2287962, 52.4158577 ], [ 13.165898, 52.3942755 ], [ 13.1101387, 52.4325245 ], [ 13.1536955, 52.5018215 ], [ 13.1274679, 52.527029 ], [ 13.164263, 52.5989005 ] ] ] ] } },
{ "type": "Feature", "properties": { "region": "DE6", "SampSize": 35.0, "F1_wgt_F1_wgt_Direct": 0.55438375642921434, "F1_wgt_F1_wgt_SD": 0.095513608390801918, "F1_wgt_F1_wgt_CV": 17.228789134444533, "F2_wgt_Direct": 0.5223474500313009, "F2_wgt_SD": 0.090052928802075813, "F2_wgt_CV": 17.240043728878071, "F3_wgt_Direct": 0.53622886764572242, "F3_wgt_SD": 0.093065500029511597, "F3_wgt_CV": 17.355555742104965, "F4_wgt_Direct": 0.51112189388506746, "F4_wgt_SD": 0.090645046475969618, "F4_wgt_CV": 17.73452625693087, "F5_wgt_Direct": 0.56461959293659425, "F5_wgt_SD": 0.0992499934009652, "F5_wgt_CV": 17.578205687968534 }, "geometry": { "type": "MultiPolygon", "coordinates": [ [ [ [ 10.1522624, 53.7117988 ], [ 10.07143, 53.6970235 ], [ 9.945376, 53.652928 ], [ 9.8625959, 53.6074567 ], [ 9.7628302, 53.6076132 ], [ 9.730104, 53.557581 ], [ 9.7662566, 53.5468153 ], [ 9.768861, 53.505279 ], [ 9.8625959, 53.439645 ], [ 9.984188, 53.4226925 ], [ 10.0590934, 53.4553448 ], [ 10.2044956, 53.3967475 ], [ 10.307954, 53.433201 ], [ 10.2366785, 53.4963545 ], [ 10.1660275, 53.5511113 ], [ 10.189639, 53.6102712 ], [ 10.1522624, 53.7117988 ] ] ], [ [ [ 8.5019282, 53.9546606 ], [ 8.4636981, 53.9004562 ], [ 8.5023795, 53.8936117 ], [ 8.5296492, 53.9195356 ], [ 8.5019282, 53.9546606 ] ] ] ] } },
{ "type": "Feature", "properties": { "region": "DE7", "SampSize": 167.0, "F1_wgt_F1_wgt_Direct": 0.51647261505861364, "F1_wgt_F1_wgt_SD": 0.041207500139294383, "F1_wgt_F1_wgt_CV": 7.9786418365314118, "F2_wgt_Direct": 0.48484417504920041, "F2_wgt_SD": 0.039209539669138649, "F2_wgt_CV": 8.0870394421382485, "F3_wgt_Direct": 0.49845002750612932, "F3_wgt_SD": 0.040383991310290551, "F3_wgt_CV": 8.1019137489753597, "F4_wgt_Direct": 0.44619397843857372, "F4_wgt_SD": 0.037219785451074738, "F4_wgt_CV": 8.3416153622966664, "F5_wgt_Direct": 0.49249254921674918, "F5_wgt_SD": 0.040135695601194288, "F5_wgt_CV": 8.1495031072095099 }, "geometry": { "type": "MultiPolygon", "coordinates": [ [ [ [ 9.440457, 51.650394 ], [ 9.3517679, 51.6123127 ], [ 9.2999957, 51.5181068 ], [ 9.1554105, 51.442675 ], [ 9.0993274, 51.4521831 ], [ 9.0689703, 51.4961016 ], [ 8.9706535, 51.5067735 ], [ 8.9031342, 51.4793178 ], [ 8.9401889, 51.4267698 ], [ 8.9312881, 51.3962757 ], [ 8.6991461, 51.372325 ], [ 8.5832523, 51.3021411 ], [ 8.5671004, 51.2781501 ], [ 8.5902582, 51.2574983 ], [ 8.7195974, 51.2643458 ], [ 8.7527881, 51.188886 ], [ 8.6726645, 51.102662 ], [ 8.549085, 51.101868 ], [ 8.5153362, 51.0802372 ], [ 8.5277812, 51.0160705 ], [ 8.477892, 50.9690475 ], [ 8.355496, 50.862001 ], [ 8.2592456, 50.871099699999988 ], [ 8.1544546, 50.8052758 ], [ 8.1569901, 50.7303669 ], [ 8.1257765, 50.685814 ], [ 8.151592, 50.599371 ], [ 8.1173706, 50.5430076 ], [ 8.0417074, 50.5498952 ], [ 7.9993567, 50.5227866 ], [ 7.9715595, 50.4062205 ], [ 8.0545383, 50.3723074 ], [ 8.1219135, 50.277225 ], [ 8.0378266, 50.2605682 ], [ 8.0277305, 50.222474 ], [ 7.9123578, 50.2004105 ], [ 7.8945525, 50.1800237 ], [ 7.9180863, 50.1267186 ], [ 7.773997, 50.06654 ], [ 7.7865866, 50.0473529 ], [ 7.9081473, 49.9749104 ], [ 8.1751355, 50.0342555 ], [ 8.1900385, 50.035296 ], [ 8.2441289, 50.0253526 ], [ 8.288245, 49.995134 ], [ 8.3430305, 49.940506 ], [ 8.400055, 49.803675 ], [ 8.4571124, 49.756170399999988 ], [ 8.448365, 49.7336615 ], [ 8.4463775, 49.730799499999989 ], [ 8.3633567, 49.6855211 ], [ 8.414774, 49.595052 ], [ 8.4224395, 49.5833855 ], [ 8.581375, 49.5197805 ], [ 8.6120318, 49.5490612 ], [ 8.6044889, 49.6067886 ], [ 8.6549883, 49.6177498 ], [ 8.7240046, 49.5304464 ], [ 8.8995725, 49.5036555 ], [ 8.899355, 49.48455 ], [ 8.8386305, 49.4706623 ], [ 8.8190362, 49.4043766 ], [ 8.8833848, 49.4154835 ], [ 8.93188, 49.470637 ], [ 9.083276, 49.5258277 ], [ 9.1223487, 49.5184868 ], [ 9.103006, 49.577456 ], [ 9.0771726, 49.620275 ], [ 9.1407327, 49.7384078 ], [ 9.119612, 49.7882899 ], [ 9.0360805, 49.846504 ], [ 9.05008, 49.866315 ], [ 9.0160885, 49.9913405 ], [ 9.0289745, 50.0293993 ], [ 8.9781676, 50.0473529 ], [ 8.99056, 50.067119 ], [ 9.0326629, 50.1114723 ], [ 9.1572393, 50.115243199999988 ], [ 9.2245146, 50.1456772 ], [ 9.3594265, 50.129025 ], [ 9.4049845, 50.0877345 ], [ 9.5085412, 50.1063641 ], [ 9.5098089, 50.2338126 ], [ 9.623151, 50.22904 ], [ 9.7327598, 50.3043935 ], [ 9.7329145, 50.3561495 ], [ 9.7744566, 50.4212665 ], [ 9.8675316, 50.4022204 ], [ 9.935655, 50.4196065 ], [ 9.954927, 50.4236873 ], [ 10.0413385, 50.5164695 ], [ 10.0461128, 50.6089717 ], [ 10.0775555, 50.637624 ], [ 10.0169097, 50.6683249 ], [ 9.9436804, 50.6363431 ], [ 9.8999586, 50.6499206 ], [ 9.9261765, 50.76739 ], [ 10.0170973, 50.8760317 ], [ 9.9899139, 50.9232958 ], [ 10.0215585, 50.9929495 ], [ 10.1823485, 50.9984875 ], [ 10.202181, 51.012009 ], [ 10.1558218, 51.059626 ], [ 10.1465557, 51.1361953 ], [ 10.210013, 51.144083 ], [ 10.206942, 51.190649 ], [ 9.954927, 51.3043156 ], [ 9.928339, 51.375299 ], [ 9.8981596, 51.4132032 ], [ 9.7997474, 51.4006562 ], [ 9.7243843, 51.361691 ], [ 9.7653566, 51.3209616 ], [ 9.7323045, 51.295232 ], [ 9.568025, 51.3400015 ], [ 9.557291, 51.3513785 ], [ 9.6324315, 51.4209699 ], [ 9.6073574, 51.5129504 ], [ 9.6477555, 51.552511 ], [ 9.6285604, 51.568197399999988 ], [ 9.629719, 51.5821324 ], [ 9.6430313, 51.5818908 ], [ 9.6723775, 51.568404 ], [ 9.685331, 51.5820165 ], [ 9.6149302, 51.6307458 ], [ 9.440457, 51.650394 ] ] ] ] } },
{ "type": "Feature", "properties": { "region": "DE8", "SampSize": 34.0, "F1_wgt_F1_wgt_Direct": 0.51045975487329909, "F1_wgt_F1_wgt_SD": 0.090423650853810364, "F1_wgt_F1_wgt_CV": 17.714158656102938, "F2_wgt_Direct": 0.46596144488116725, "F2_wgt_SD": 0.083614029229817061, "F2_wgt_CV": 17.944409381583252, "F3_wgt_Direct": 0.46939453202207831, "F3_wgt_SD": 0.084996983266365914, "F3_wgt_CV": 18.107791520325598, "F4_wgt_Direct": 0.41483911158821418, "F4_wgt_SD": 0.076076013083015023, "F4_wgt_CV": 18.338679010220979, "F5_wgt_Direct": 0.46018790053003661, "F5_wgt_SD": 0.083344477605767978, "F5_wgt_CV": 18.1109667398411 }, "geometry": { "type": "MultiPolygon", "coordinates": [ [ [ [ 12.4956439, 54.417024 ], [ 12.5034768, 54.3600497 ], [ 12.4692661, 54.3167461 ], [ 12.4168766, 54.2947455 ], [ 12.3569971, 54.3177953 ], [ 12.2855305, 54.274952 ], [ 12.201068, 54.2446955 ], [ 12.1291214, 54.1856874 ], [ 11.9990881, 54.1747516 ], [ 11.6865694, 54.1452065 ], [ 11.5617785, 54.0280885 ], [ 11.3881873, 53.9956185 ], [ 11.3989176, 53.9709262 ], [ 11.4761737, 53.957326599999988 ], [ 11.4445549, 53.914289 ], [ 11.3370023, 53.9496731 ], [ 11.2674827, 53.9382501 ], [ 11.1577037, 54.013805 ], [ 10.9036615, 53.956822 ], [ 10.7630555, 53.8620005 ], [ 10.7629645, 53.811153 ], [ 10.7702337, 53.7493729 ], [ 10.9254612, 53.6887326 ], [ 10.9519185, 53.6476225 ], [ 10.9010023, 53.5747293 ], [ 10.834767, 53.5671406 ], [ 10.786234, 53.5021273 ], [ 10.6392839, 53.4481682 ], [ 10.595047, 53.363927499999988 ], [ 10.6990075, 53.3627692 ], [ 10.8262246, 53.3159312 ], [ 10.9657862, 53.3303622 ], [ 11.1718615, 53.156644 ], [ 11.265732, 53.121978 ], [ 11.5105632, 53.1309201 ], [ 11.6089975, 53.2275167 ], [ 11.8222021, 53.233466 ], [ 12.0151285, 53.3123963 ], [ 12.0591281, 53.3549482 ], [ 12.3251015, 53.3213015 ], [ 12.3317515, 53.318011 ], [ 12.4578711, 53.2568043 ], [ 12.654485, 53.2430592 ], [ 12.984683, 53.1649855 ], [ 13.1389511, 53.2452238 ], [ 13.2414035, 53.232401 ], [ 13.2925252, 53.269378599999989 ], [ 13.4010304, 53.2603188 ], [ 13.5001767, 53.3123963 ], [ 13.5613867, 53.3958988 ], [ 13.7100655, 53.4790625 ], [ 13.7951418, 53.4833603 ], [ 13.799324, 53.5397355 ], [ 13.9308141, 53.4275132 ], [ 14.2335218, 53.4165608 ], [ 14.2223822, 53.3651503 ], [ 14.1666499, 53.3123963 ], [ 14.1453918, 53.2694626 ], [ 14.2234997, 53.2610264 ], [ 14.371637, 53.3123963 ], [ 14.412157, 53.329636 ], [ 14.267542, 53.6978065 ], [ 14.222657, 53.7440958 ], [ 14.0577609, 53.7569877 ], [ 13.9388382, 53.8204675 ], [ 14.0457665, 53.8664919 ], [ 14.2130775, 53.8664795 ], [ 14.226302, 53.928653 ], [ 14.0335604, 54.028413 ], [ 14.0223508, 53.9746201 ], [ 13.9231238, 53.9765382 ], [ 13.9209064, 53.9110029 ], [ 13.8969219, 53.8977356 ], [ 13.8054379, 54.0094387 ], [ 13.8956767, 54.029439 ], [ 13.9110372, 54.0677972 ], [ 13.8137468, 54.1665962 ], [ 13.4721575, 54.1046699 ], [ 13.319396, 54.193506 ], [ 13.3079994, 54.2020759 ], [ 13.2842048, 54.2363401 ], [ 13.2156763, 54.2458579 ], [ 13.1557139, 54.2629901 ], [ 13.115739, 54.2734597 ], [ 13.0995586, 54.2943989 ], [ 13.1331089, 54.3078754 ], [ 12.9848956, 54.4203892 ], [ 12.8683721, 54.4245404 ], [ 12.7969972, 54.3729306 ], [ 12.5567528, 54.454307899999989 ], [ 12.4956439, 54.417024 ] ], [ [ 10.953591, 53.8984302 ], [ 10.8967093, 53.888011 ], [ 10.883664, 53.9000272 ], [ 10.9052293, 53.928774399999988 ], [ 10.9513975, 53.9240155 ], [ 10.953591, 53.8984302 ] ] ], [ [ [ 13.400599, 54.5916213 ], [ 13.3822087, 54.646873 ], [ 13.2949943, 54.6518146 ], [ 13.1671898, 54.5019535 ], [ 13.18542, 54.3942939 ], [ 13.1395803, 54.3185663 ], [ 13.186171, 54.3039168 ], [ 13.2080621, 54.2706043 ], [ 13.2670727, 54.254424 ], [ 13.3137101, 54.240147199999988 ], [ 13.3416743, 54.240249 ], [ 13.4905905, 54.3235585 ], [ 13.7006454, 54.3341152 ], [ 13.6076615, 54.4473195 ], [ 13.6367242, 54.5501275 ], [ 13.5013184, 54.5530809 ], [ 13.5218395, 54.4758164 ], [ 13.4924998, 54.4559899 ], [ 13.3705846, 54.5552521 ], [ 13.400599, 54.5916213 ] ] ], [ [ [ 13.0916755, 54.573656 ], [ 13.0727439, 54.5294059 ], [ 13.1295693, 54.5289403 ], [ 13.1182804, 54.5821495 ], [ 13.0916755, 54.573656 ] ] ], [ [ [ 11.5678324, 54.1088212 ], [ 11.5173184, 54.074849 ], [ 11.5395191, 54.0507542 ], [ 11.589582, 54.0805452 ], [ 11.5678324, 54.1088212 ] ] ] ] } },
{ "type": "Feature", "properties": { "region": "DE9", "SampSize": 195.0, "F1_wgt_F1_wgt_Direct": 0.52002406158032732, "F1_wgt_F1_wgt_SD": 0.038197649234207973, "F1_wgt_F1_wgt_CV": 7.3453618892416657, "F2_wgt_Direct": 0.49942482803775379, "F2_wgt_SD": 0.036944504154555712, "F2_wgt_CV": 7.39741039701833, "F3_wgt_Direct": 0.4987165844369531, "F3_wgt_SD": 0.03714370534250979, "F3_wgt_CV": 7.4478584634286271, "F4_wgt_Direct": 0.45163783366422511, "F4_wgt_SD": 0.034344577387854208, "F4_wgt_CV": 7.6044509179423727, "F5_wgt_Direct": 0.49634705895287168, "F5_wgt_SD": 0.037141250564435929, "F5_wgt_CV": 7.482919440036917 }, "geometry": { "type": "MultiPolygon", "coordinates": [ [ [ [ 8.5531326, 53.8205868 ], [ 8.4861033, 53.6882701 ], [ 8.5204105, 53.606205 ], [ 8.6366573, 53.5981222 ], [ 8.6454649, 53.5213314 ], [ 8.6093325, 53.4901872 ], [ 8.492652, 53.47242 ], [ 8.554898, 53.525131 ], [ 8.2967151, 53.608457 ], [ 8.2367754, 53.5377394 ], [ 8.2994748, 53.5160341 ], [ 8.3061398, 53.4537917 ], [ 8.2583841, 53.4055454 ], [ 8.195555, 53.4091715 ], [ 8.0883865, 53.4566737 ], [ 8.061327, 53.505957 ], [ 8.162106, 53.5337743 ], [ 8.142576, 53.5947928 ], [ 8.091291, 53.638109 ], [ 8.0486866, 53.6477456 ], [ 8.0055429, 53.7084464 ], [ 7.8098955, 53.707662 ], [ 7.550173, 53.6750375 ], [ 7.2928806, 53.6782339 ], [ 7.1650349, 53.6302653 ], [ 7.1006021, 53.5757166 ], [ 7.1227104, 53.5336205 ], [ 7.0429862, 53.524132 ], [ 6.9994465, 53.3598875 ], [ 7.2643, 53.3255265 ], [ 7.208935, 53.2430645 ], [ 7.2027945, 53.1132815 ], [ 7.2010832, 52.9855021 ], [ 7.092692, 52.838201 ], [ 7.0726598, 52.8116882 ], [ 7.0534218, 52.6571716 ], [ 7.0062295, 52.638763 ], [ 6.7097325, 52.6278235 ], [ 6.7297711, 52.5741505 ], [ 6.6978655, 52.486286 ], [ 6.9241214, 52.441626 ], [ 6.9958755, 52.4544096 ], [ 7.0630517, 52.3730425 ], [ 7.0344256, 52.291487 ], [ 7.065685, 52.241373 ], [ 7.099149, 52.2430585 ], [ 7.317481, 52.280272 ], [ 7.5649254, 52.379712299999987 ], [ 7.6080385, 52.474016 ], [ 7.6765634, 52.4543301 ], [ 7.7459938, 52.3909781 ], [ 7.9199909, 52.3695775 ], [ 7.9646255, 52.3248585 ], [ 7.956465, 52.2724905 ], [ 7.9120688, 52.204403 ], [ 7.9950837, 52.1671259 ], [ 8.0019428, 52.1239567 ], [ 7.885159, 52.0833025 ], [ 7.9633596, 52.0410635 ], [ 8.096448, 52.057145 ], [ 8.265419, 52.1266701 ], [ 8.4105865, 52.115115 ], [ 8.488548, 52.1762936 ], [ 8.4514361, 52.2206826 ], [ 8.4661865, 52.267614 ], [ 8.4371242, 52.3582596 ], [ 8.3306357, 52.4032305 ], [ 8.2972135, 52.456498 ], [ 8.4146929, 52.4473863 ], [ 8.4919337, 52.5052056 ], [ 8.6399457, 52.524962 ], [ 8.703009, 52.500438 ], [ 8.7082809, 52.4234778 ], [ 8.7448955, 52.3940706 ], [ 8.9413338, 52.408076 ], [ 9.0695916, 52.4972964 ], [ 9.1112787, 52.4779528 ], [ 9.1252525, 52.4119935 ], [ 8.9936056, 52.311567 ], [ 8.9834101, 52.2681611 ], [ 9.0508257, 52.2210559 ], [ 9.036767, 52.190880299999989 ], [ 8.9936262, 52.1901788 ], [ 9.0211807, 52.1438891 ], [ 9.1282485, 52.1321128 ], [ 9.1556045, 52.09783 ], [ 9.1962787, 51.9732856 ], [ 9.2537599, 51.9696365 ], [ 9.308893, 51.9227195 ], [ 9.3358852, 51.8891542 ], [ 9.3233435, 51.855061 ], [ 9.4330539, 51.8372727 ], [ 9.3841704, 51.6634217 ], [ 9.4173175, 51.6472695 ], [ 9.440457, 51.650394 ], [ 9.6149302, 51.6307458 ], [ 9.685331, 51.5820165 ], [ 9.6723775, 51.568404 ], [ 9.6430313, 51.5818908 ], [ 9.629719, 51.5821324 ], [ 9.6285604, 51.568197399999988 ], [ 9.6477555, 51.552511 ], [ 9.6073574, 51.5129504 ], [ 9.6324315, 51.4209699 ], [ 9.557291, 51.3513785 ], [ 9.568025, 51.3400015 ], [ 9.7323045, 51.295232 ], [ 9.7653566, 51.3209616 ], [ 9.7243843, 51.361691 ], [ 9.7997474, 51.4006562 ], [ 9.8981596, 51.4132032 ], [ 9.928339, 51.375299 ], [ 10.2858462, 51.4932818 ], [ 10.3881559, 51.579684 ], [ 10.488551, 51.5747785 ], [ 10.6427061, 51.567065299999989 ], [ 10.677283, 51.638376 ], [ 10.701372, 51.6421875 ], [ 10.5903216, 51.7853558 ], [ 10.5845537, 51.8391719 ], [ 10.6391055, 51.9006779 ], [ 10.561227, 52.004066 ], [ 10.6742772, 52.0450614 ], [ 10.801489, 52.047997 ], [ 10.9644145, 52.056643 ], [ 10.9645562, 52.1012331 ], [ 11.0510725, 52.155792 ], [ 11.0237724, 52.1955672 ], [ 11.0672008, 52.2340285 ], [ 11.0120371, 52.334572 ], [ 11.0635899, 52.3683069 ], [ 10.9345425, 52.471795 ], [ 11.0087815, 52.4967475 ], [ 10.9526722, 52.5553331 ], [ 10.9642257, 52.6178196 ], [ 10.910843, 52.6267225 ], [ 10.7593145, 52.7958305 ], [ 10.841556, 52.852205 ], [ 10.9363605, 52.8572909 ], [ 11.0428014, 52.9091749 ], [ 11.2994127, 52.8781958 ], [ 11.505027, 52.9410325 ], [ 11.509809, 52.9930315 ], [ 11.5977845, 53.0359265 ], [ 11.4516336, 53.0727308 ], [ 11.3361795, 53.0618885 ], [ 11.265732, 53.121978 ], [ 11.1718615, 53.156644 ], [ 10.9657862, 53.3303622 ], [ 10.8262246, 53.3159312 ], [ 10.6990075, 53.3627692 ], [ 10.595047, 53.363927499999988 ], [ 10.469184, 53.385844 ], [ 10.307954, 53.433201 ], [ 10.2044956, 53.3967475 ], [ 10.0590934, 53.4553448 ], [ 9.984188, 53.4226925 ], [ 9.8625959, 53.439645 ], [ 9.768861, 53.505279 ], [ 9.7662566, 53.5468153 ], [ 9.730104, 53.557581 ], [ 9.5627632, 53.612857 ], [ 9.48589, 53.7076645 ], [ 9.272733, 53.8676625 ], [ 9.0185125, 53.834841 ], [ 8.7925765, 53.8359737 ], [ 8.6871725, 53.891908 ], [ 8.6067211, 53.8739393 ], [ 8.5531326, 53.8205868 ] ], [ [ 8.4853305, 53.22712 ], [ 8.9841855, 53.126071 ], [ 8.9596016, 53.1116985 ], [ 8.9686825, 53.0448506 ], [ 8.915827, 53.0110215 ], [ 8.711424, 53.04463 ], [ 8.6548985, 53.1088645 ], [ 8.6155583, 53.1632099 ], [ 8.4853305, 53.22712 ] ] ], [ [ [ 7.7702549, 53.7516321 ], [ 7.782995, 53.7869218 ], [ 7.7083605, 53.7885954 ], [ 7.6967798, 53.7732202 ], [ 7.7702549, 53.7516321 ] ] ], [ [ [ 7.6839029, 53.740802 ], [ 7.7084429, 53.7653568 ], [ 7.6768529, 53.7848258 ], [ 7.6507481, 53.7593489 ], [ 7.6839029, 53.740802 ] ] ], [ [ [ 7.5187527, 53.7636198 ], [ 7.4766964, 53.7620861 ], [ 7.4475385, 53.7178597 ], [ 7.4986023, 53.7195042 ], [ 7.5187527, 53.7636198 ] ] ], [ [ [ 7.2916945, 53.7246152 ], [ 7.1888103, 53.7234229 ], [ 7.1699957, 53.7130003 ], [ 7.1757069, 53.7008661 ], [ 7.2898079, 53.7063347 ], [ 7.2916945, 53.7246152 ] ] ], [ [ [ 7.0985195, 53.6783013 ], [ 7.1014938, 53.6866294 ], [ 6.9988536, 53.6828626 ], [ 6.8666552, 53.6710683 ], [ 6.8655854, 53.6648245 ], [ 7.0985195, 53.6783013 ] ] ], [ [ [ 6.8649489, 53.6401877 ], [ 6.8769134, 53.6285369 ], [ 6.8913866, 53.6254558 ], [ 6.9059403, 53.6441589 ], [ 6.9008043, 53.6538611 ], [ 6.8664077, 53.645098 ], [ 6.8649489, 53.6401877 ] ] ], [ [ [ 6.6651614, 53.5780924 ], [ 6.7148269, 53.5597555 ], [ 6.7836439, 53.6086392 ], [ 6.7586414, 53.6176356 ], [ 6.6549503, 53.5959458 ], [ 6.6651614, 53.5780924 ] ] ] ] } },
{ "type": "Feature", "properties": { "region": "DEA", "SampSize": 576.0, "F1_wgt_F1_wgt_Direct": 0.51502779081778172, "F1_wgt_F1_wgt_SD": 0.022206540760006131, "F1_wgt_F1_wgt_CV": 4.3117169900182857, "F2_wgt_Direct": 0.49712541851913983, "F2_wgt_SD": 0.021548955528675289, "F2_wgt_CV": 4.3347120718281351, "F3_wgt_Direct": 0.49698345862076571, "F3_wgt_SD": 0.02161831164924775, "F3_wgt_CV": 4.3499056707527348, "F4_wgt_Direct": 0.44275343474069057, "F4_wgt_SD": 0.019753022661825149, "F4_wgt_CV": 4.4614047259495564, "F5_wgt_Direct": 0.48633840581068849, "F5_wgt_SD": 0.021252645505424151, "F5_wgt_CV": 4.3699295082397693 }, "geometry": { "type": "MultiPolygon", "coordinates": [ [ [ [ 8.6399457, 52.524962 ], [ 8.4919337, 52.5052056 ], [ 8.4146929, 52.4473863 ], [ 8.2972135, 52.456498 ], [ 8.3306357, 52.4032305 ], [ 8.4371242, 52.3582596 ], [ 8.4661865, 52.267614 ], [ 8.4514361, 52.2206826 ], [ 8.488548, 52.1762936 ], [ 8.4105865, 52.115115 ], [ 8.265419, 52.1266701 ], [ 8.096448, 52.057145 ], [ 7.9633596, 52.0410635 ], [ 7.885159, 52.0833025 ], [ 8.0019428, 52.1239567 ], [ 7.9950837, 52.1671259 ], [ 7.9120688, 52.204403 ], [ 7.956465, 52.2724905 ], [ 7.9646255, 52.3248585 ], [ 7.9199909, 52.3695775 ], [ 7.7459938, 52.3909781 ], [ 7.6765634, 52.4543301 ], [ 7.6080385, 52.474016 ], [ 7.5649254, 52.379712299999987 ], [ 7.317481, 52.280272 ], [ 7.099149, 52.2430585 ], [ 7.065685, 52.241373 ], [ 6.9916899, 52.2222391 ], [ 6.8585842, 52.1266936 ], [ 6.760465, 52.1185695 ], [ 6.6952954, 52.0508167 ], [ 6.8194835, 51.9904814 ], [ 6.7696276, 51.9212802 ], [ 6.4188193, 51.8612599 ], [ 6.4077795, 51.828092 ], [ 6.167766, 51.9008045 ], [ 6.1531733, 51.8459998 ], [ 6.0613281, 51.8587481 ], [ 5.9656938, 51.8292952 ], [ 5.9797364, 51.7708768 ], [ 5.953192, 51.747846 ], [ 6.102653, 51.6562276 ], [ 6.1058935, 51.6007347 ], [ 6.2042044, 51.5187161 ], [ 6.224405, 51.364979 ], [ 6.072657, 51.2425875 ], [ 6.0893361, 51.1790184 ], [ 6.174812, 51.1845135 ], [ 5.9633424, 51.0480768 ], [ 5.9000396, 51.0589778 ], [ 5.877085, 51.032101 ], [ 5.9098069, 50.9864441 ], [ 6.0091283, 50.9819236 ], [ 6.0306861, 50.9343766 ], [ 6.0869475, 50.913135 ], [ 6.0719281, 50.858411 ], [ 6.010228, 50.8035661 ], [ 6.020999, 50.7542955 ], [ 6.1185855, 50.712414499999987 ], [ 6.1838202, 50.6384268 ], [ 6.2560622, 50.6220967 ], [ 6.1893125, 50.566094 ], [ 6.1922005, 50.5210555 ], [ 6.315556, 50.4970425 ], [ 6.3677831, 50.445172 ], [ 6.3546996, 50.3791044 ], [ 6.4050285, 50.3233085 ], [ 6.425295, 50.323012 ], [ 6.4312528, 50.3584969 ], [ 6.5821972, 50.3759419 ], [ 6.7021685, 50.3477407 ], [ 6.8007115, 50.3617815 ], [ 6.7704885, 50.472798 ], [ 6.8824139, 50.4647333 ], [ 6.927901, 50.558618499999987 ], [ 7.1496369, 50.6082712 ], [ 7.1952005, 50.642723 ], [ 7.210872, 50.6495435 ], [ 7.2123995, 50.623405 ], [ 7.3354749, 50.643712 ], [ 7.381565, 50.7111562 ], [ 7.440772, 50.711438 ], [ 7.6596243, 50.7791697 ], [ 7.6610035, 50.8203645 ], [ 7.7538438, 50.8592668 ], [ 7.785898, 50.939914 ], [ 7.851496, 50.9258325 ], [ 7.8408821, 50.8858927 ], [ 7.9650659, 50.8374419 ], [ 7.9733624, 50.7833747 ], [ 8.03969, 50.6973755 ], [ 8.1257765, 50.685814 ], [ 8.1569901, 50.7303669 ], [ 8.1544546, 50.8052758 ], [ 8.2592456, 50.871099699999988 ], [ 8.355496, 50.862001 ], [ 8.477892, 50.9690475 ], [ 8.5277812, 51.0160705 ], [ 8.5153362, 51.0802372 ], [ 8.549085, 51.101868 ], [ 8.6726645, 51.102662 ], [ 8.7527881, 51.188886 ], [ 8.7195974, 51.2643458 ], [ 8.5902582, 51.2574983 ], [ 8.5671004, 51.2781501 ], [ 8.5832523, 51.3021411 ], [ 8.6991461, 51.372325 ], [ 8.9312881, 51.3962757 ], [ 8.9401889, 51.4267698 ], [ 8.9031342, 51.4793178 ], [ 8.9706535, 51.5067735 ], [ 9.0689703, 51.4961016 ], [ 9.0993274, 51.4521831 ], [ 9.1554105, 51.442675 ], [ 9.2999957, 51.5181068 ], [ 9.3517679, 51.6123127 ], [ 9.440457, 51.650394 ], [ 9.4173175, 51.6472695 ], [ 9.3841704, 51.6634217 ], [ 9.4330539, 51.8372727 ], [ 9.3233435, 51.855061 ], [ 9.3358852, 51.8891542 ], [ 9.308893, 51.9227195 ], [ 9.2537599, 51.9696365 ], [ 9.1962787, 51.9732856 ], [ 9.1556045, 52.09783 ], [ 9.1282485, 52.1321128 ], [ 9.0211807, 52.1438891 ], [ 8.9936262, 52.1901788 ], [ 9.036767, 52.190880299999989 ], [ 9.0508257, 52.2210559 ], [ 8.9834101, 52.2681611 ], [ 8.9936056, 52.311567 ], [ 9.1252525, 52.4119935 ], [ 9.1112787, 52.4779528 ], [ 9.0695916, 52.4972964 ], [ 8.9413338, 52.408076 ], [ 8.7448955, 52.3940706 ], [ 8.7082809, 52.4234778 ], [ 8.703009, 52.500438 ], [ 8.6399457, 52.524962 ] ] ] ] } },
{ "type": "Feature", "properties": { "region": "DEB", "SampSize": 91.0, "F1_wgt_F1_wgt_Direct": 0.50792638983705407, "F1_wgt_F1_wgt_SD": 0.054728005242172348, "F1_wgt_F1_wgt_CV": 10.774790665972176, "F2_wgt_Direct": 0.49617911234920209, "F2_wgt_SD": 0.053504761556504347, "F2_wgt_CV": 10.783356297120514, "F3_wgt_Direct": 0.49071721327287665, "F3_wgt_SD": 0.053537035424386821, "F3_wgt_CV": 10.909956687135018, "F4_wgt_Direct": 0.43483355902155152, "F4_wgt_SD": 0.048895307350737847, "F4_wgt_CV": 11.24460298344049, "F5_wgt_Direct": 0.47487328368358411, "F5_wgt_SD": 0.052435800017468788, "F5_wgt_CV": 11.042061497064051 }, "geometry": { "type": "MultiPolygon", "coordinates": [ [ [ [ 8.03969, 50.6973755 ], [ 7.9733624, 50.7833747 ], [ 7.9650659, 50.8374419 ], [ 7.8408821, 50.8858927 ], [ 7.851496, 50.9258325 ], [ 7.785898, 50.939914 ], [ 7.7538438, 50.8592668 ], [ 7.6610035, 50.8203645 ], [ 7.6596243, 50.7791697 ], [ 7.440772, 50.711438 ], [ 7.381565, 50.7111562 ], [ 7.3354749, 50.643712 ], [ 7.2123995, 50.623405 ], [ 7.210872, 50.6495435 ], [ 7.1952005, 50.642723 ], [ 7.1496369, 50.6082712 ], [ 6.927901, 50.558618499999987 ], [ 6.8824139, 50.4647333 ], [ 6.7704885, 50.472798 ], [ 6.8007115, 50.3617815 ], [ 6.7021685, 50.3477407 ], [ 6.5821972, 50.3759419 ], [ 6.4312528, 50.3584969 ], [ 6.425295, 50.323012 ], [ 6.4050285, 50.3233085 ], [ 6.3148009, 50.313061 ], [ 6.1932736, 50.2405044 ], [ 6.1376625, 50.1299515 ], [ 6.1279182, 50.0473529 ], [ 6.2533621, 49.8909302 ], [ 6.3267134, 49.8449692 ], [ 6.4749625, 49.821275 ], [ 6.511092, 49.7828006 ], [ 6.5010116, 49.7187148 ], [ 6.4327722, 49.6619995 ], [ 6.3800525, 49.551105 ], [ 6.5923624, 49.5280378 ], [ 6.891454, 49.6134225 ], [ 7.02798, 49.6394385 ], [ 7.2639193, 49.574257 ], [ 7.2766225, 49.5486235 ], [ 7.2883705, 49.4705413 ], [ 7.252589, 49.4314655 ], [ 7.2926015, 49.4082225 ], [ 7.3958985, 49.372046 ], [ 7.4020755, 49.3677185 ], [ 7.394494, 49.316352 ], [ 7.3023623, 49.2413759 ], [ 7.320341, 49.189499 ], [ 7.3687555, 49.161458 ], [ 7.4807818, 49.1634575 ], [ 7.529495, 49.0998453 ], [ 7.635651, 49.0539505 ], [ 7.9106545, 49.0451635 ], [ 8.0684075, 48.9993165 ], [ 8.232633, 48.9665715 ], [ 8.261284, 48.980917 ], [ 8.277349, 48.989939 ], [ 8.33997, 49.08015 ], [ 8.4130725, 49.2498165 ], [ 8.4669855, 49.2829755 ], [ 8.487268, 49.2900265 ], [ 8.4709155, 49.340713 ], [ 8.497316, 49.411347 ], [ 8.5015251, 49.4348559 ], [ 8.4725055, 49.4435135 ], [ 8.423068, 49.541821 ], [ 8.4227005, 49.5741925 ], [ 8.4224395, 49.5833855 ], [ 8.414774, 49.595052 ], [ 8.3633567, 49.6855211 ], [ 8.4463775, 49.730799499999989 ], [ 8.448365, 49.7336615 ], [ 8.4571124, 49.756170399999988 ], [ 8.400055, 49.803675 ], [ 8.3430305, 49.940506 ], [ 8.288245, 49.995134 ], [ 8.2441289, 50.0253526 ], [ 8.1900385, 50.035296 ], [ 8.1751355, 50.0342555 ], [ 7.9081473, 49.9749104 ], [ 7.7865866, 50.0473529 ], [ 7.773997, 50.06654 ], [ 7.9180863, 50.1267186 ], [ 7.8945525, 50.1800237 ], [ 7.9123578, 50.2004105 ], [ 8.0277305, 50.222474 ], [ 8.0378266, 50.2605682 ], [ 8.1219135, 50.277225 ], [ 8.0545383, 50.3723074 ], [ 7.9715595, 50.4062205 ], [ 7.9993567, 50.5227866 ], [ 8.0417074, 50.5498952 ], [ 8.1173706, 50.5430076 ], [ 8.151592, 50.599371 ], [ 8.1257765, 50.685814 ], [ 8.03969, 50.6973755 ] ] ] ] } },
{ "type": "Feature", "properties": { "region": "DEC", "SampSize": 26.0, "F1_wgt_F1_wgt_Direct": 0.49129425664474141, "F1_wgt_F1_wgt_SD": 0.1002916571451586, "F1_wgt_F1_wgt_CV": 20.413765434608013, "F2_wgt_Direct": 0.46181366986449135, "F2_wgt_SD": 0.097383441181064623, "F2_wgt_CV": 21.087171631285745, "F3_wgt_Direct": 0.49041794021708102, "F3_wgt_SD": 0.10256320796767794, "F3_wgt_CV": 20.91342904834983, "F4_wgt_Direct": 0.42541321566170981, "F4_wgt_SD": 0.091538675044020107, "F4_wgt_CV": 21.517590820876613, "F5_wgt_Direct": 0.45564987851532091, "F5_wgt_SD": 0.095941438568463197, "F5_wgt_CV": 21.055956139191032 }, "geometry": { "type": "MultiPolygon", "coordinates": [ [ [ [ 7.2639193, 49.574257 ], [ 7.02798, 49.6394385 ], [ 6.891454, 49.6134225 ], [ 6.5923624, 49.5280378 ], [ 6.3800525, 49.551105 ], [ 6.3671075, 49.469507 ], [ 6.4495749, 49.4686731 ], [ 6.556986, 49.4192085 ], [ 6.585592, 49.3314504 ], [ 6.7234655, 49.218829 ], [ 6.7328422, 49.1731219 ], [ 6.8167781, 49.1573542 ], [ 6.858713, 49.2108113 ], [ 7.0239161, 49.1898705 ], [ 7.0516644, 49.125961 ], [ 7.101069, 49.155998 ], [ 7.1924415, 49.1181018 ], [ 7.2948914, 49.1211383 ], [ 7.3687555, 49.161458 ], [ 7.320341, 49.189499 ], [ 7.3023623, 49.2413759 ], [ 7.394494, 49.316352 ], [ 7.4020755, 49.3677185 ], [ 7.3958985, 49.372046 ], [ 7.2926015, 49.4082225 ], [ 7.252589, 49.4314655 ], [ 7.2883705, 49.4705413 ], [ 7.2766225, 49.5486235 ], [ 7.2639193, 49.574257 ] ] ] ] } },
{ "type": "Feature", "properties": { "region": "DED", "SampSize": 106.0, "F1_wgt_F1_wgt_Direct": 0.49769472708751256, "F1_wgt_F1_wgt_SD": 0.049862712914737532, "F1_wgt_F1_wgt_CV": 10.018734417085732, "F2_wgt_Direct": 0.47085587084285552, "F2_wgt_SD": 0.047926646009203412, "F2_wgt_CV": 10.178623433835989, "F3_wgt_Direct": 0.47242777964074589, "F3_wgt_SD": 0.048595713481510767, "F3_wgt_CV": 10.28637933155942, "F4_wgt_Direct": 0.39542469242777922, "F4_wgt_SD": 0.042012325190663051, "F4_wgt_CV": 10.624608426125596, "F5_wgt_Direct": 0.42290814278213912, "F5_wgt_SD": 0.044090281814065241, "F5_wgt_CV": 10.425498436614005 }, "geometry": { "type": "MultiPolygon", "coordinates": [ [ [ [ 12.580263, 51.6260655 ], [ 12.198939, 51.5313205 ], [ 12.1579417, 51.4513946 ], [ 12.1935445, 51.3325185 ], [ 12.158548, 51.3144056 ], [ 12.1709045, 51.2755085 ], [ 12.2077687, 51.131129 ], [ 12.283547, 51.091924 ], [ 12.4708871, 51.0771954 ], [ 12.5519752, 51.0008543 ], [ 12.617355, 50.980793 ], [ 12.6528655, 50.923678 ], [ 12.2508255, 50.8183185 ], [ 12.275199, 50.7796414 ], [ 12.2384919, 50.7428901 ], [ 12.3189165, 50.6765325 ], [ 12.0558079, 50.555764 ], [ 12.0104562, 50.6049181 ], [ 11.9441375, 50.5912755 ], [ 11.8831926, 50.5368251 ], [ 11.9462475, 50.4964724 ], [ 11.9069355, 50.4474163 ], [ 11.919323, 50.424728 ], [ 12.0213778, 50.3395026 ], [ 12.1009005, 50.318028 ], [ 12.1795925, 50.3143911 ], [ 12.3202224, 50.1759455 ], [ 12.3389577, 50.2454472 ], [ 12.4094105, 50.3216904 ], [ 12.5837785, 50.407079 ], [ 12.7030943, 50.4061 ], [ 12.8213778, 50.4531632 ], [ 12.9481445, 50.4043115 ], [ 13.0435192, 50.5048054 ], [ 13.1825541, 50.5065326 ], [ 13.252847, 50.5841841 ], [ 13.3072292, 50.5818784 ], [ 13.3871981, 50.6349267 ], [ 13.4531215, 50.6079421 ], [ 13.501846, 50.633643 ], [ 13.5411832, 50.7056101 ], [ 13.652174, 50.73036 ], [ 13.8529845, 50.7315268 ], [ 13.9821423, 50.8116136 ], [ 14.3759127, 50.9001537 ], [ 14.3881583, 50.9251888 ], [ 14.2695363, 50.9931467 ], [ 14.3178735, 51.054699 ], [ 14.4150945, 51.0250715 ], [ 14.491221, 51.043530499999989 ], [ 14.5891537, 50.9877895 ], [ 14.5744209, 50.9240159 ], [ 14.6381484, 50.9226129 ], [ 14.6188, 50.8578045 ], [ 14.7685583, 50.8235443 ], [ 14.823362, 50.8705505 ], [ 14.8990892, 50.9495626 ], [ 14.9956891, 51.1251605 ], [ 15.0335507, 51.2694135 ], [ 14.974183, 51.36395 ], [ 14.952273, 51.4624426 ], [ 14.7408548, 51.5302216 ], [ 14.729862, 51.581777 ], [ 14.660033, 51.5526536 ], [ 14.5636659, 51.5737557 ], [ 14.447771, 51.542069 ], [ 14.3283553, 51.5195353 ], [ 14.1633245, 51.541043 ], [ 14.1079438, 51.5141579 ], [ 14.0017456, 51.3845184 ], [ 13.835313, 51.37679 ], [ 13.6912505, 51.374013 ], [ 13.547188, 51.378591 ], [ 13.40816, 51.4427652 ], [ 13.2646799, 51.3929818 ], [ 13.21015, 51.404736 ], [ 13.1930187, 51.5422344 ], [ 13.1403936, 51.6037951 ], [ 13.051025, 51.647677 ], [ 12.9202127, 51.6441967 ], [ 12.8385615, 51.676003 ], [ 12.580263, 51.6260655 ] ] ] ] } },
{ "type": "Feature", "properties": { "region": "DEE", "SampSize": 60.0, "F1_wgt_F1_wgt_Direct": 0.48696869413807387, "F1_wgt_F1_wgt_SD": 0.065731652602015481, "F1_wgt_F1_wgt_CV": 13.498126962424012, "F2_wgt_Direct": 0.46795350938321656, "F2_wgt_SD": 0.063234909322218036, "F2_wgt_CV": 13.513075135511739, "F3_wgt_Direct": 0.4795502998569241, "F3_wgt_SD": 0.064578922072205114, "F3_wgt_CV": 13.466558584463929, "F4_wgt_Direct": 0.42064385341280391, "F4_wgt_SD": 0.058294678083005758, "F4_wgt_CV": 13.85844048594657, "F5_wgt_Direct": 0.45522030912581202, "F5_wgt_SD": 0.06244642845484169, "F5_wgt_CV": 13.717847644970291 }, "geometry": { "type": "MultiPolygon", "coordinates": [ [ [ [ 11.8691102, 52.9028041 ], [ 11.8242077, 52.9498056 ], [ 11.5977845, 53.0359265 ], [ 11.509809, 52.9930315 ], [ 11.505027, 52.9410325 ], [ 11.2994127, 52.8781958 ], [ 11.0428014, 52.9091749 ], [ 10.9363605, 52.8572909 ], [ 10.841556, 52.852205 ], [ 10.7593145, 52.7958305 ], [ 10.910843, 52.6267225 ], [ 10.9642257, 52.6178196 ], [ 10.9526722, 52.5553331 ], [ 11.0087815, 52.4967475 ], [ 10.9345425, 52.471795 ], [ 11.0635899, 52.3683069 ], [ 11.0120371, 52.334572 ], [ 11.0672008, 52.2340285 ], [ 11.0237724, 52.1955672 ], [ 11.0510725, 52.155792 ], [ 10.9645562, 52.1012331 ], [ 10.9644145, 52.056643 ], [ 10.801489, 52.047997 ], [ 10.6742772, 52.0450614 ], [ 10.561227, 52.004066 ], [ 10.6391055, 51.9006779 ], [ 10.5845537, 51.8391719 ], [ 10.5903216, 51.7853558 ], [ 10.701372, 51.6421875 ], [ 10.916059, 51.616374 ], [ 10.8961286, 51.5708665 ], [ 10.978113, 51.426885 ], [ 11.3132994, 51.4046407 ], [ 11.3835343, 51.3804254 ], [ 11.405773, 51.342204 ], [ 11.473968, 51.295058499999989 ], [ 11.3853745, 51.245887 ], [ 11.3817738, 51.2150548 ], [ 11.4656497, 51.1862651 ], [ 11.4846085, 51.1054375 ], [ 11.6969385, 51.087491 ], [ 11.7754837, 51.0487868 ], [ 11.8862194, 51.0499598 ], [ 12.0210185, 50.9691225 ], [ 12.1635295, 50.9586 ], [ 12.224169, 50.942935 ], [ 12.2820748, 51.0187671 ], [ 12.283547, 51.091924 ], [ 12.2077687, 51.131129 ], [ 12.1709045, 51.2755085 ], [ 12.158548, 51.3144056 ], [ 12.1935445, 51.3325185 ], [ 12.1579417, 51.4513946 ], [ 12.198939, 51.5313205 ], [ 12.580263, 51.6260655 ], [ 12.8385615, 51.676003 ], [ 12.9202127, 51.6441967 ], [ 13.051025, 51.647677 ], [ 13.1644375, 51.7061192 ], [ 13.1509135, 51.8596105 ], [ 12.7697805, 51.9792745 ], [ 12.6640752, 52.0068702 ], [ 12.5534962, 51.9854051 ], [ 12.3761225, 52.0451195 ], [ 12.2767245, 52.104018 ], [ 12.2291654, 52.1681395 ], [ 12.31718, 52.4540955 ], [ 12.2593568, 52.5071074 ], [ 12.171555, 52.5063365 ], [ 12.1760326, 52.6137222 ], [ 12.2341375, 52.647664 ], [ 12.2143615, 52.7655132 ], [ 12.2492035, 52.791862 ], [ 12.2512934, 52.8116882 ], [ 12.2195891, 52.8616052 ], [ 12.1400928, 52.8634477 ], [ 12.1268115, 52.8901995 ], [ 11.8691102, 52.9028041 ] ] ] ] } },
{ "type": "Feature", "properties": { "region": "DEF", "SampSize": 95.0, "F1_wgt_F1_wgt_Direct": 0.51625707937666399, "F1_wgt_F1_wgt_SD": 0.054048638457729337, "F1_wgt_F1_wgt_CV": 10.469326352480902, "F2_wgt_Direct": 0.51727378928917389, "F2_wgt_SD": 0.054995321851074287, "F2_wgt_CV": 10.631762712479135, "F3_wgt_Direct": 0.49986544929241727, "F3_wgt_SD": 0.05315533886625233, "F3_wgt_CV": 10.633929378695042, "F4_wgt_Direct": 0.44573863818049431, "F4_wgt_SD": 0.048272530512373797, "F4_wgt_CV": 10.829783729187652, "F5_wgt_Direct": 0.49397902514290237, "F5_wgt_SD": 0.052754367508554147, "F5_wgt_CV": 10.679475205104694 }, "geometry": { "type": "MultiPolygon", "coordinates": [ [ [ [ 9.113097, 54.8736015 ], [ 8.635926, 54.911683 ], [ 8.6546234, 54.8085347 ], [ 8.8515067, 54.6105486 ], [ 8.8454781, 54.4924285 ], [ 8.9313438, 54.4632566 ], [ 8.8720965, 54.416725 ], [ 8.6970606, 54.3845735 ], [ 8.6429467, 54.3213595 ], [ 8.6915908, 54.2892737 ], [ 8.8448045, 54.2663285 ], [ 8.8094491, 54.185765 ], [ 8.8503361, 54.1320049 ], [ 8.9290845, 54.1197376 ], [ 8.9679015, 54.0524066 ], [ 8.832592, 54.0239295 ], [ 8.9635019, 53.8991732 ], [ 9.199751, 53.8801045 ], [ 9.272733, 53.8676625 ], [ 9.48589, 53.7076645 ], [ 9.5627632, 53.612857 ], [ 9.730104, 53.557581 ], [ 9.7628302, 53.6076132 ], [ 9.8625959, 53.6074567 ], [ 9.945376, 53.652928 ], [ 10.07143, 53.6970235 ], [ 10.1522624, 53.7117988 ], [ 10.189639, 53.6102712 ], [ 10.1660275, 53.5511113 ], [ 10.2366785, 53.4963545 ], [ 10.307954, 53.433201 ], [ 10.469184, 53.385844 ], [ 10.595047, 53.363927499999988 ], [ 10.6392839, 53.4481682 ], [ 10.786234, 53.5021273 ], [ 10.834767, 53.5671406 ], [ 10.9010023, 53.5747293 ], [ 10.9519185, 53.6476225 ], [ 10.9254612, 53.6887326 ], [ 10.7702337, 53.7493729 ], [ 10.7629645, 53.811153 ], [ 10.7630555, 53.8620005 ], [ 10.9036615, 53.956822 ], [ 10.840886, 53.991894 ], [ 10.7648925, 54.0276979 ], [ 10.7799461, 54.0766979 ], [ 11.0418843, 54.1747516 ], [ 11.0861163, 54.2055647 ], [ 11.0889868, 54.3534831 ], [ 11.1571528, 54.4037307 ], [ 11.3007438, 54.4112224 ], [ 11.2460231, 54.4744731 ], [ 11.2235424, 54.5004581 ], [ 11.0627774, 54.5270531 ], [ 11.0253108, 54.4744731 ], [ 11.0136809, 54.4581519 ], [ 11.0849527, 54.4315318 ], [ 11.0828291, 54.3855644 ], [ 10.9250594, 54.3774912 ], [ 10.7137505, 54.3050725 ], [ 10.3473657, 54.4317743 ], [ 10.2333297, 54.4100735 ], [ 10.174162, 54.3457455 ], [ 10.168517, 54.432845 ], [ 10.0993723, 54.47048 ], [ 9.9378273, 54.480868199999989 ], [ 10.03117, 54.636575 ], [ 9.9495014, 54.7787445 ], [ 9.9153523, 54.7891505 ], [ 9.8625959, 54.7535796 ], [ 9.5831406, 54.854271 ], [ 9.4919495, 54.8226355 ], [ 9.4426471, 54.8046984 ], [ 9.422934, 54.823223 ], [ 9.4201515, 54.8319565 ], [ 9.3677648, 54.8242017 ], [ 9.2717793, 54.8099929 ], [ 9.2235223, 54.85127 ], [ 9.113097, 54.8736015 ] ] ], [ [ [ 10.9513975, 53.9240155 ], [ 10.9052293, 53.928774399999988 ], [ 10.883664, 53.9000272 ], [ 10.8967093, 53.888011 ], [ 10.953591, 53.8984302 ], [ 10.9513975, 53.9240155 ] ] ], [ [ [ 8.6968329, 54.5160138 ], [ 8.7109062, 54.5534814 ], [ 8.6877969, 54.5571298 ], [ 8.5982898, 54.5343213 ], [ 8.5867139, 54.522966399999987 ], [ 8.6239743, 54.4889735 ], [ 8.6712127, 54.494838 ], [ 8.6968329, 54.5160138 ] ] ], [ [ [ 8.5966415, 54.7187402 ], [ 8.5882712, 54.7411971 ], [ 8.5349261, 54.7557444 ], [ 8.4366863, 54.7483444 ], [ 8.3950051, 54.7150702 ], [ 8.402299, 54.7003781 ], [ 8.4861259, 54.6802103 ], [ 8.5674913, 54.6806225 ], [ 8.5966415, 54.7187402 ] ] ], [ [ [ 8.5665848, 54.5962506 ], [ 8.5164472, 54.5718739 ], [ 8.5425422, 54.5404165 ], [ 8.5771168, 54.5449458 ], [ 8.5665848, 54.5962506 ] ] ], [ [ [ 8.3629656, 54.909057 ], [ 8.3607605, 54.9588184 ], [ 8.3370929, 54.9730507 ], [ 8.2967749, 54.911211 ], [ 8.2864664, 54.8598511 ], [ 8.2974105, 54.8500749 ], [ 8.3395341, 54.8788468 ], [ 8.4163711, 54.8468927 ], [ 8.4642498, 54.8632662 ], [ 8.4559246, 54.8768532 ], [ 8.3808444, 54.8922312 ], [ 8.3629656, 54.909057 ] ] ], [ [ [ 8.4386054, 55.0459255 ], [ 8.3980486, 55.0542772 ], [ 8.3567863, 54.9966675 ], [ 8.3665606, 54.9878026 ], [ 8.4412486, 55.0170996 ], [ 8.4386054, 55.0459255 ] ] ], [ [ [ 8.3631532, 54.6506058 ], [ 8.3397531, 54.6962097 ], [ 8.2893746, 54.6673168 ], [ 8.3668562, 54.6060709 ], [ 8.4043683, 54.6146607 ], [ 8.3631532, 54.6506058 ] ] ], [ [ [ 8.2749022, 54.7979805 ], [ 8.2626488, 54.7611558 ], [ 8.2923454, 54.7353398 ], [ 8.3202556, 54.7855962 ], [ 8.2749022, 54.7979805 ] ] ] ] } },
{ "type": "Feature", "properties": { "region": "DEG", "SampSize": 46.0, "F1_wgt_F1_wgt_Direct": 0.49668522237600282, "F1_wgt_F1_wgt_SD": 0.075323509761073756, "F1_wgt_F1_wgt_CV": 15.165240753640145, "F2_wgt_Direct": 0.47676407252981751, "F2_wgt_SD": 0.073382285487548632, "F2_wgt_CV": 15.391739796617999, "F3_wgt_Direct": 0.4649457713340811, "F3_wgt_SD": 0.072526365513487873, "F3_wgt_CV": 15.598887006840831, "F4_wgt_Direct": 0.40322923003726041, "F4_wgt_SD": 0.065585666334184348, "F4_wgt_CV": 16.265107152108964, "F5_wgt_Direct": 0.43689904629196652, "F5_wgt_SD": 0.068677989364884284, "F5_wgt_CV": 15.719418466981235 }, "geometry": { "type": "MultiPolygon", "coordinates": [ [ [ [ 10.916059, 51.616374 ], [ 10.701372, 51.6421875 ], [ 10.677283, 51.638376 ], [ 10.6427061, 51.567065299999989 ], [ 10.488551, 51.5747785 ], [ 10.3881559, 51.579684 ], [ 10.2858462, 51.4932818 ], [ 9.928339, 51.375299 ], [ 9.954927, 51.3043156 ], [ 10.206942, 51.190649 ], [ 10.210013, 51.144083 ], [ 10.1465557, 51.1361953 ], [ 10.1558218, 51.059626 ], [ 10.202181, 51.012009 ], [ 10.1823485, 50.9984875 ], [ 10.0215585, 50.9929495 ], [ 9.9899139, 50.9232958 ], [ 10.0170973, 50.8760317 ], [ 9.9261765, 50.76739 ], [ 9.8999586, 50.6499206 ], [ 9.9436804, 50.6363431 ], [ 10.0169097, 50.6683249 ], [ 10.0775555, 50.637624 ], [ 10.0461128, 50.6089717 ], [ 10.0413385, 50.5164695 ], [ 10.1047266, 50.5554916 ], [ 10.203337, 50.548085799999988 ], [ 10.3285911, 50.488587 ], [ 10.3997652, 50.4038154 ], [ 10.450532, 50.4018595 ], [ 10.5907595, 50.329123499999987 ], [ 10.610115, 50.227995 ], [ 10.729202, 50.2300055 ], [ 10.8126737, 50.2646582 ], [ 10.7364803, 50.3202026 ], [ 10.7402792, 50.3592916 ], [ 10.9457185, 50.3864665 ], [ 11.0372889, 50.3515163 ], [ 11.1207002, 50.3582563 ], [ 11.189943, 50.2711855 ], [ 11.2504877, 50.2901094 ], [ 11.2768177, 50.3712442 ], [ 11.265938, 50.479421 ], [ 11.4012186, 50.5175778 ], [ 11.4309054, 50.4410098 ], [ 11.481568, 50.4316215 ], [ 11.5253377, 50.383953 ], [ 11.6032905, 50.398766 ], [ 11.8370072, 50.3973953 ], [ 11.919323, 50.424728 ], [ 11.9069355, 50.4474163 ], [ 11.9462475, 50.4964724 ], [ 11.8831926, 50.5368251 ], [ 11.9441375, 50.5912755 ], [ 12.0104562, 50.6049181 ], [ 12.0558079, 50.555764 ], [ 12.3189165, 50.6765325 ], [ 12.2384919, 50.7428901 ], [ 12.275199, 50.7796414 ], [ 12.2508255, 50.8183185 ], [ 12.6528655, 50.923678 ], [ 12.617355, 50.980793 ], [ 12.5519752, 51.0008543 ], [ 12.4708871, 51.0771954 ], [ 12.283547, 51.091924 ], [ 12.2820748, 51.0187671 ], [ 12.224169, 50.942935 ], [ 12.1635295, 50.9586 ], [ 12.0210185, 50.9691225 ], [ 11.8862194, 51.0499598 ], [ 11.7754837, 51.0487868 ], [ 11.6969385, 51.087491 ], [ 11.4846085, 51.1054375 ], [ 11.4656497, 51.1862651 ], [ 11.3817738, 51.2150548 ], [ 11.3853745, 51.245887 ], [ 11.473968, 51.295058499999989 ], [ 11.405773, 51.342204 ], [ 11.3835343, 51.3804254 ], [ 11.3132994, 51.4046407 ], [ 10.978113, 51.426885 ], [ 10.8961286, 51.5708665 ], [ 10.916059, 51.616374 ] ] ] ] } },
{ "type": "Feature", "properties": { "region": "EL30", "SampSize": 828.0, "F1_wgt_F1_wgt_Direct": 0.61407465410689011, "F1_wgt_F1_wgt_SD": 0.024980562023638579, "F1_wgt_F1_wgt_CV": 4.0680008296337027, "F2_wgt_Direct": 0.60063558702752484, "F2_wgt_SD": 0.024804089758000421, "F2_wgt_CV": 4.1296403832401865, "F3_wgt_Direct": 0.588359841832921, "F3_wgt_SD": 0.024047314262900028, "F3_wgt_CV": 4.0871780419250383, "F4_wgt_Direct": 0.53118203827568844, "F4_wgt_SD": 0.022077616166843041, "F4_wgt_CV": 4.1563182818664055, "F5_wgt_Direct": 0.57471904865437906, "F5_wgt_SD": 0.02350989258300697, "F5_wgt_CV": 4.0906757202587878 }, "geometry": { "type": "MultiPolygon", "coordinates": [ [ [ [ 24.0607835, 38.1992744 ], [ 23.9485323, 38.282938799999989 ], [ 23.690418, 38.3402975 ], [ 23.6745294, 38.3199283 ], [ 23.643175, 38.279732 ], [ 23.6344945, 38.211341 ], [ 23.6139339, 38.1672345 ], [ 23.5283568, 38.1368803 ], [ 23.4476746, 38.204687 ], [ 23.3864751, 38.2178562 ], [ 23.3864793, 38.2587084 ], [ 23.3553161, 38.2633843 ], [ 23.3081343, 38.2453122 ], [ 23.2733162, 38.189238 ], [ 23.1359294, 38.1697747 ], [ 23.1892156, 38.1590838 ], [ 23.2031821, 38.1029592 ], [ 23.117532, 38.060646 ], [ 23.1242357, 37.9967268 ], [ 23.1521444, 37.9740145 ], [ 23.1796995, 37.95159 ], [ 23.3507252, 37.974014499999988 ], [ 23.3786912, 37.9776813 ], [ 23.4213669, 37.9967268 ], [ 23.5225238, 38.0418715 ], [ 23.5969505, 38.015175 ], [ 23.5713945, 37.9932245 ], [ 23.4495039, 37.974014499999988 ], [ 23.4672572, 37.9374812 ], [ 23.4099134, 37.9188097 ], [ 23.4134021, 37.8916692 ], [ 23.4452046, 37.8790208 ], [ 23.5328826, 37.9188097 ], [ 23.5707466, 37.95516 ], [ 23.6722255, 37.94182 ], [ 23.6745294, 37.9397908 ], [ 23.6983505, 37.9188097 ], [ 23.743593, 37.8538095 ], [ 23.8852385, 37.772985 ], [ 23.9498993, 37.6634186 ], [ 24.0320813, 37.6648054 ], [ 24.0769605, 37.7661763 ], [ 24.0138833, 37.9464818 ], [ 24.0177342, 37.974014499999988 ], [ 24.0209109, 37.9967268 ], [ 23.9920773, 38.0983331 ], [ 24.055447, 38.1505444 ], [ 24.0607835, 38.1992744 ] ] ], [ [ [ 23.5672461, 37.766809699999989 ], [ 23.4854879, 37.7757149 ], [ 23.4158768, 37.7617738 ], [ 23.4324976, 37.7288181 ], [ 23.4608607, 37.7147917 ], [ 23.4794277, 37.6717407 ], [ 23.5215994, 37.7006029 ], [ 23.5672461, 37.766809699999989 ] ] ], [ [ [ 23.5009445, 37.3185552 ], [ 23.5066132, 37.3425615 ], [ 23.5405416, 37.352249 ], [ 23.5222455, 37.3705916 ], [ 23.4671661, 37.3539649 ], [ 23.3778105, 37.3084463 ], [ 23.3969131, 37.2934943 ], [ 23.4468058, 37.3153038 ], [ 23.5009445, 37.3185552 ] ] ], [ [ [ 23.3937549, 37.6168032 ], [ 23.37028, 37.6265028 ], [ 23.3374942, 37.6180633 ], [ 23.3439867, 37.5524405 ], [ 23.3264336, 37.5410119 ], [ 23.3005419, 37.5524405 ], [ 23.2003785, 37.596653 ], [ 23.1860919, 37.5524405 ], [ 23.1797523, 37.5328218 ], [ 23.32975, 37.470002799999989 ], [ 23.4408877, 37.4578596 ], [ 23.4244195, 37.411701 ], [ 23.5036755, 37.4372996 ], [ 23.4774962, 37.4901283 ], [ 23.5020153, 37.5195204 ], [ 23.4011314, 37.5253772 ], [ 23.3996966, 37.5524405 ], [ 23.3937549, 37.6168032 ] ] ], [ [ [ 23.3717725, 37.716187 ], [ 23.3388276, 37.7164614 ], [ 23.3139869, 37.682347 ], [ 23.3383076, 37.6669647 ], [ 23.3809013, 37.693987199999988 ], [ 23.3717725, 37.716187 ] ] ], [ [ [ 23.331766, 37.3618498 ], [ 23.2773433, 37.3307743 ], [ 23.2873461, 37.3110898 ], [ 23.3438441, 37.3159326 ], [ 23.331766, 37.3618498 ] ] ], [ [ [ 23.317502, 35.8917745 ], [ 23.2733871, 35.8763913 ], [ 23.3107401, 35.8292073 ], [ 23.3350188, 35.8499591 ], [ 23.317502, 35.8917745 ] ] ], [ [ [ 23.1097605, 37.284082 ], [ 23.1046363, 37.2620413 ], [ 23.1211638, 37.2380905 ], [ 23.1628778, 37.2363784 ], [ 23.1650032, 37.2655117 ], [ 23.1097605, 37.284082 ] ] ], [ [ [ 23.0479339, 36.2871994 ], [ 23.0018123, 36.3091031 ], [ 22.9512133, 36.3810669 ], [ 22.9242178, 36.3740189 ], [ 22.8932309, 36.3204479 ], [ 22.9232598, 36.2882437 ], [ 22.9251186, 36.2473885 ], [ 22.9025854, 36.2321129 ], [ 22.9103842, 36.2010695 ], [ 22.9439093, 36.1584225 ], [ 22.9881174, 36.1405363 ], [ 23.0459086, 36.1328788 ], [ 23.0451886, 36.1912478 ], [ 23.0707922, 36.2266194 ], [ 23.1141305, 36.2205921 ], [ 23.1153417, 36.2355664 ], [ 23.0479339, 36.2871994 ] ] ] ] } },
{ "type": "Feature", "properties": { "region": "EL41", "SampSize": 41.0, "F1_wgt_F1_wgt_Direct": 0.324909786541481, "F1_wgt_F1_wgt_SD": 0.056688615669362882, "F1_wgt_F1_wgt_CV": 17.44749404835963, "F2_wgt_Direct": 0.29004469388352111, "F2_wgt_SD": 0.05055479054846021, "F2_wgt_CV": 17.430000139482807, "F3_wgt_Direct": 0.33746100212769214, "F3_wgt_SD": 0.062110206134784449, "F3_wgt_CV": 18.405150741324032, "F4_wgt_Direct": 0.29018812718031078, "F4_wgt_SD": 0.053224499607868007, "F4_wgt_CV": 18.34137741093609, "F5_wgt_Direct": 0.29399059573200309, "F5_wgt_SD": 0.052869007241928619, "F5_wgt_CV": 17.983230759572706 }, "geometry": { "type": "MultiPolygon", "coordinates": [ [ [ [ 27.0512793, 37.7101353 ], [ 27.0254258, 37.7756111 ], [ 26.7317003, 37.8093537 ], [ 26.6136501, 37.7686508 ], [ 26.5758081, 37.724583 ], [ 26.5964822, 37.6873276 ], [ 26.7303491, 37.7012397 ], [ 26.8172989, 37.6360201 ], [ 27.0254258, 37.7061052 ], [ 27.0512793, 37.7101353 ] ] ], [ [ [ 26.529809, 39.1646746 ], [ 26.3817472, 39.2724895 ], [ 26.4072989, 39.3331765 ], [ 26.3491323, 39.3749026 ], [ 26.2492739, 39.3816523 ], [ 26.1867665, 39.3719265 ], [ 26.1211819, 39.3127082 ], [ 25.8874616, 39.2713711 ], [ 25.8441999, 39.2094969 ], [ 25.9390342, 39.1250874 ], [ 26.1211819, 39.0636228 ], [ 26.1682919, 39.014636 ], [ 26.4020996, 38.9661465 ], [ 26.6034792, 39.0187949 ], [ 26.529809, 39.1646746 ] ] ], [ [ [ 26.5123269, 37.6588086 ], [ 26.4943381, 37.6314778 ], [ 26.5192516, 37.5928054 ], [ 26.5585424, 37.6021861 ], [ 26.5123269, 37.6588086 ] ] ], [ [ [ 26.4219499, 37.5902777 ], [ 26.4295691, 37.5651699 ], [ 26.4908943, 37.5551659 ], [ 26.5069923, 37.5869458 ], [ 26.4219499, 37.5902777 ] ] ], [ [ [ 26.3445243, 37.6835 ], [ 26.2984006, 37.6807385 ], [ 26.200628, 37.6279645 ], [ 26.1484841, 37.6386667 ], [ 26.0626391, 37.6270835 ], [ 26.0067882, 37.5750452 ], [ 25.9827711, 37.5197073 ], [ 26.0605324, 37.5191586 ], [ 26.1070136, 37.5520945 ], [ 26.2151439, 37.5676405 ], [ 26.2930285, 37.6098704 ], [ 26.3409544, 37.6554478 ], [ 26.3445243, 37.6835 ] ] ], [ [ [ 26.2504735, 38.5413533 ], [ 26.2072836, 38.5471698 ], [ 26.1891636, 38.5321872 ], [ 26.2223043, 38.4987132 ], [ 26.255979, 38.5168037 ], [ 26.2504735, 38.5413533 ] ] ], [ [ [ 26.0032987, 38.6034359 ], [ 25.8510623, 38.5736772 ], [ 25.8327624, 38.5429556 ], [ 25.8652932, 38.4915739 ], [ 25.9243151, 38.4685324 ], [ 25.9568048, 38.43975 ], [ 25.9622409, 38.4040527 ], [ 25.989909, 38.3887808 ], [ 25.9936017, 38.3434364 ], [ 25.9536829, 38.2950009 ], [ 25.9195205, 38.2990838 ], [ 25.8764895, 38.271802 ], [ 25.8663856, 38.244814 ], [ 25.9113531, 38.2213623 ], [ 25.926849, 38.195549 ], [ 26.0118563, 38.1507477 ], [ 26.03743, 38.1977083 ], [ 26.0990798, 38.2126784 ], [ 26.1132428, 38.2325017 ], [ 26.1044674, 38.2727819 ], [ 26.1211819, 38.2847077 ], [ 26.1534114, 38.3125228 ], [ 26.1351039, 38.4117576 ], [ 26.1621827, 38.5442341 ], [ 26.1488989, 38.5586285 ], [ 26.1211819, 38.5620569 ], [ 26.0894735, 38.5571006 ], [ 26.0629075, 38.5913038 ], [ 26.0032987, 38.6034359 ] ] ], [ [ [ 25.5908473, 38.6095817 ], [ 25.541379, 38.5862607 ], [ 25.5672534, 38.544081 ], [ 25.6105302, 38.5345191 ], [ 25.6208482, 38.5887533 ], [ 25.5908473, 38.6095817 ] ] ], [ [ [ 25.443489, 39.9811664 ], [ 25.4242195, 40.0243284 ], [ 25.3686878, 40.0018348 ], [ 25.2888497, 39.9424968 ], [ 25.2676646, 39.9865838 ], [ 25.2309995, 40.0035896 ], [ 25.1588265, 39.9912815 ], [ 25.1365159, 40.0051766 ], [ 25.053604, 39.9860441 ], [ 25.0448624, 39.9613014 ], [ 25.0692433, 39.9147791 ], [ 25.0539654, 39.8779766 ], [ 25.0578562, 39.8428751 ], [ 25.1143095, 39.8432584 ], [ 25.184017, 39.8007007 ], [ 25.2162168, 39.8982389 ], [ 25.2562633, 39.910884 ], [ 25.2758109, 39.8918169 ], [ 25.267629, 39.8411192 ], [ 25.3353624, 39.7889933 ], [ 25.3614686, 39.8096685 ], [ 25.3437783, 39.8779766 ], [ 25.3609083, 39.9087339 ], [ 25.4172209, 39.9689784 ], [ 25.443489, 39.9811664 ] ] ], [ [ [ 25.0060159, 39.5620629 ], [ 24.9776256, 39.5350521 ], [ 24.9706976, 39.5031394 ], [ 24.9866944, 39.4619004 ], [ 25.0569533, 39.5310478 ], [ 25.0060159, 39.5620629 ] ] ] ] } },
{ "type": "Feature", "properties": { "region": "EL42", "SampSize": 54.0, "F1_wgt_F1_wgt_Direct": 0.30564835097798115, "F1_wgt_F1_wgt_SD": 0.046261571533861887, "F1_wgt_F1_wgt_CV": 15.1355541051797, "F2_wgt_Direct": 0.28550904332903237, "F2_wgt_SD": 0.043886147054225742, "F2_wgt_CV": 15.371193340327766, "F3_wgt_Direct": 0.34722607287976215, "F3_wgt_SD": 0.054430410686739067, "F3_wgt_CV": 15.675784434997569, "F4_wgt_Direct": 0.30729242329913098, "F4_wgt_SD": 0.046568442801311387, "F4_wgt_CV": 15.15443898725084, "F5_wgt_Direct": 0.34320779440532273, "F5_wgt_SD": 0.05160241784005247, "F5_wgt_CV": 15.035328066911809 }, "geometry": { "type": "MultiPolygon", "coordinates": [ [ [ [ 29.586384, 36.1708132 ], [ 29.5639495, 36.1680317 ], [ 29.5539364, 36.1305341 ], [ 29.5846917, 36.1113615 ], [ 29.6085308, 36.1419978 ], [ 29.586384, 36.1708132 ] ] ], [ [ [ 28.0695486, 36.1062765 ], [ 28.098795, 36.1761735 ], [ 28.1374292, 36.1874754 ], [ 28.1516385, 36.2316631 ], [ 28.2039702, 36.3393632 ], [ 28.2445887, 36.3862751 ], [ 28.2276078, 36.4031099 ], [ 28.2371319, 36.4424183 ], [ 28.2191927, 36.4559321 ], [ 28.1944409, 36.4256704 ], [ 28.1124837, 36.4166825 ], [ 28.0546534, 36.3978011 ], [ 27.9598632, 36.3527848 ], [ 27.8787602, 36.3217882 ], [ 27.8594117, 36.2955001 ], [ 27.8064244, 36.2694622 ], [ 27.7654199, 36.187612699999988 ], [ 27.6975929, 36.1532228 ], [ 27.7131578, 36.113358 ], [ 27.7591558, 36.0956941 ], [ 27.7558783, 36.014523 ], [ 27.7207118, 35.9414508 ], [ 27.7720776, 35.8889133 ], [ 27.7967609, 35.8908483 ], [ 27.8629136, 35.9292076 ], [ 27.9554538, 36.0463861 ], [ 28.0226973, 36.0766947 ], [ 28.0711122, 36.0612193 ], [ 28.0983183, 36.1039224 ], [ 28.0695486, 36.1062765 ] ] ], [ [ [ 27.8241798, 36.6438493 ], [ 27.7895293, 36.6163441 ], [ 27.7953924, 36.5660939 ], [ 27.8311009, 36.5660939 ], [ 27.8618685, 36.5464453 ], [ 27.8692201, 36.6014552 ], [ 27.8241798, 36.6438493 ] ] ], [ [ [ 27.55409, 36.2262972 ], [ 27.563168, 36.2155137 ], [ 27.6310514, 36.2125606 ], [ 27.6122051, 36.2591881 ], [ 27.55409, 36.2262972 ] ] ], [ [ [ 27.3007754, 36.4596702 ], [ 27.293719, 36.4334163 ], [ 27.3199947, 36.4137611 ], [ 27.3578453, 36.4267229 ], [ 27.3944057, 36.3766096 ], [ 27.4259725, 36.3890626 ], [ 27.3591316, 36.4801661 ], [ 27.3007754, 36.4596702 ] ] ], [ [ [ 27.3271137, 36.8789741 ], [ 27.2642366, 36.9068037 ], [ 27.1335503, 36.8744916 ], [ 27.0250313, 36.8069847 ], [ 26.9283952, 36.754735 ], [ 26.9272622, 36.7099193 ], [ 26.9634498, 36.6918348 ], [ 27.0250313, 36.7655108 ], [ 27.1009766, 36.7620254 ], [ 27.3271258, 36.8625183 ], [ 27.3271137, 36.8789741 ] ] ], [ [ [ 27.2411766, 35.4941728 ], [ 27.2089125, 35.5086139 ], [ 27.2183405, 35.5438783 ], [ 27.202654, 35.5725604 ], [ 27.1513063, 35.6128434 ], [ 27.1625364, 35.6565426 ], [ 27.2169097, 35.7294102 ], [ 27.209808, 35.7633688 ], [ 27.230438, 35.7993404 ], [ 27.2378202, 35.8830781 ], [ 27.2232774, 35.8909309 ], [ 27.1865168, 35.8618971 ], [ 27.2174695, 35.8242752 ], [ 27.1648857, 35.8011339 ], [ 27.1625155, 35.7279771 ], [ 27.1174661, 35.667264599999989 ], [ 27.1194292, 35.6444875 ], [ 27.0626049, 35.598042 ], [ 27.0750536, 35.5710121 ], [ 27.1110883, 35.5470349 ], [ 27.118615, 35.4832792 ], [ 27.0804431, 35.4446649 ], [ 27.1126485, 35.423799 ], [ 27.1525554, 35.4200777 ], [ 27.1721345, 35.4578618 ], [ 27.2411766, 35.4941728 ] ] ], [ [ [ 27.17679, 36.6199242 ], [ 27.1308884, 36.6074709 ], [ 27.1324599, 36.5659227 ], [ 27.1912718, 36.558552 ], [ 27.2083697, 36.5862266 ], [ 27.17679, 36.6199242 ] ] ], [ [ [ 27.1798378, 36.9536585 ], [ 27.1282321, 36.963569 ], [ 27.1115148, 36.9485034 ], [ 27.13098, 36.9178299 ], [ 27.1573718, 36.9188518 ], [ 27.1798378, 36.9536585 ] ] ], [ [ [ 27.0479605, 36.9955856 ], [ 27.0371106, 37.0096025 ], [ 26.9300961, 37.0575856 ], [ 26.9200892, 36.964956 ], [ 26.9558357, 36.9287691 ], [ 27.0196923, 36.9472505 ], [ 27.0479605, 36.9955856 ] ] ], [ [ [ 26.9773231, 37.4890219 ], [ 26.9259401, 37.4747417 ], [ 26.9451583, 37.4527759 ], [ 26.9801949, 37.4459425 ], [ 27.0044692, 37.4794701 ], [ 26.9773231, 37.4890219 ] ] ], [ [ [ 26.9767293, 35.4287894 ], [ 26.9004877, 35.4176431 ], [ 26.8480606, 35.3586964 ], [ 26.8817492, 35.3429334 ], [ 26.9728331, 35.3936893 ], [ 26.9767293, 35.4287894 ] ] ], [ [ [ 26.8533764, 37.1617041 ], [ 26.8495767, 37.1867921 ], [ 26.8211576, 37.2007508 ], [ 26.7659227, 37.191195 ], [ 26.7844389, 37.1617041 ], [ 26.819679, 37.1463048 ], [ 26.8148772, 37.1185477 ], [ 26.8521734, 37.096667 ], [ 26.8869782, 37.1015748 ], [ 26.8533764, 37.1617041 ] ] ], [ [ [ 26.7217373, 37.3290425 ], [ 26.7086356, 37.3200151 ], [ 26.7162792, 37.2970029 ], [ 26.7928049, 37.2770361 ], [ 26.7898771, 37.3019388 ], [ 26.7217373, 37.3290425 ] ] ], [ [ [ 26.723063, 37.4086531 ], [ 26.7052258, 37.375074 ], [ 26.7523503, 37.3513409 ], [ 26.7771946, 37.372006399999989 ], [ 26.723063, 37.4086531 ] ] ], [ [ [ 26.6893982, 36.370695 ], [ 26.6396853, 36.3583392 ], [ 26.6688181, 36.3143312 ], [ 26.7030515, 36.3358273 ], [ 26.6893982, 36.370695 ] ] ], [ [ [ 26.5696282, 37.3226179 ], [ 26.5916213, 37.3582513 ], [ 26.5728014, 37.3726822 ], [ 26.5391649, 37.3506304 ], [ 26.5299327, 37.2943195 ], [ 26.546139, 37.2785652 ], [ 26.5755039, 37.2785652 ], [ 26.5696282, 37.3226179 ] ] ], [ [ [ 26.447054, 36.600416 ], [ 26.39174, 36.6363864 ], [ 26.3895941, 36.5663963 ], [ 26.4036557, 36.5663963 ], [ 26.447054, 36.600416 ] ] ], [ [ [ 26.2917458, 36.5978688 ], [ 26.2693623, 36.5831898 ], [ 26.2930735, 36.5218036 ], [ 26.3552863, 36.5164537 ], [ 26.3677103, 36.5668544 ], [ 26.2917458, 36.5978688 ] ] ], [ [ [ 25.9364462, 36.8531646 ], [ 25.9765471, 36.8797904 ], [ 26.0472352, 36.8997667 ], [ 26.0206053, 36.9366394 ], [ 25.9746083, 36.929804 ], [ 25.9618848, 36.8942311 ], [ 25.848853, 36.8495603 ], [ 25.861412, 36.8298032 ], [ 25.8269479, 36.8078807 ], [ 25.7683263, 36.8063196 ], [ 25.7477901, 36.7818446 ], [ 25.8016559, 36.7667996 ], [ 25.8706236, 36.7896948 ], [ 25.9364462, 36.8531646 ] ] ], [ [ [ 25.8078613, 37.1309776 ], [ 25.7808224, 37.1045801 ], [ 25.8330171, 37.079149099999988 ], [ 25.8461937, 37.1302897 ], [ 25.8078613, 37.1309776 ] ] ], [ [ [ 25.8260877, 36.3713739 ], [ 25.7657241, 36.4049119 ], [ 25.7260541, 36.3658461 ], [ 25.7798437, 36.3423745 ], [ 25.8267498, 36.3550831 ], [ 25.8260877, 36.3713739 ] ] ], [ [ [ 25.645643, 36.9164549 ], [ 25.6190649, 36.8932563 ], [ 25.6291337, 36.870469 ], [ 25.6696733, 36.8701554 ], [ 25.6805289, 36.9044283 ], [ 25.645643, 36.9164549 ] ] ], [ [ [ 25.5960914, 37.102762 ], [ 25.5393477, 37.1617041 ], [ 25.5167724, 37.1851539 ], [ 25.481715, 37.1617041 ], [ 25.3597401, 37.0801156 ], [ 25.4115816, 36.965060099999988 ], [ 25.4515511, 36.9257443 ], [ 25.543627, 36.965060099999988 ], [ 25.5960914, 37.102762 ] ] ], [ [ [ 25.5253105, 36.9091632 ], [ 25.4996518, 36.8993573 ], [ 25.495497, 36.8784589 ], [ 25.5023748, 36.8563998 ], [ 25.5367573, 36.8483977 ], [ 25.54416, 36.8678814 ], [ 25.5253105, 36.9091632 ] ] ], [ [ [ 25.4872984, 36.4050292 ], [ 25.437351, 36.4539984 ], [ 25.4143293, 36.4308165 ], [ 25.4331058, 36.3932926 ], [ 25.4099676, 36.3553242 ], [ 25.4406031, 36.3320322 ], [ 25.4861593, 36.3604927 ], [ 25.4872984, 36.4050292 ] ] ], [ [ [ 25.4755089, 36.8760705 ], [ 25.4268807, 36.8463355 ], [ 25.4321614, 36.8180137 ], [ 25.4830626, 36.8285004 ], [ 25.4755089, 36.8760705 ] ] ], [ [ [ 25.4247161, 37.4414099 ], [ 25.4574707, 37.4452364 ], [ 25.4600133, 37.4735042 ], [ 25.3554904, 37.4969715 ], [ 25.3095394, 37.4828691 ], [ 25.3264575, 37.463271899999988 ], [ 25.3330766, 37.4116134 ], [ 25.4003096, 37.4153361 ], [ 25.4247161, 37.4414099 ] ] ], [ [ [ 25.3674308, 36.4867797 ], [ 25.33765, 36.4650301 ], [ 25.320091, 36.4201735 ], [ 25.3481664, 36.4161055 ], [ 25.3740292, 36.4563264 ], [ 25.4050668, 36.4469613 ], [ 25.43047, 36.4778299 ], [ 25.3674308, 36.4867797 ] ] ], [ [ [ 25.3838007, 36.695149 ], [ 25.4025798, 36.713685 ], [ 25.3306247, 36.7554876 ], [ 25.3065999, 36.7920463 ], [ 25.2730718, 36.7870533 ], [ 25.2548868, 36.7304763 ], [ 25.3564387, 36.6456132 ], [ 25.3866225, 36.6548871 ], [ 25.3838007, 36.695149 ] ] ], [ [ [ 25.2657993, 37.1585059 ], [ 25.2555423, 37.1283957 ], [ 25.2193394, 37.1401674 ], [ 25.166364, 37.1256713 ], [ 25.1318145, 37.0947143 ], [ 25.0972706, 37.0385798 ], [ 25.1186887, 36.9950943 ], [ 25.1799791, 36.9763152 ], [ 25.2361658, 36.9992381 ], [ 25.2749721, 37.063203 ], [ 25.2558738, 37.0803294 ], [ 25.2922979, 37.1413795 ], [ 25.2657993, 37.1585059 ] ] ], [ [ [ 25.2542308, 37.6102295 ], [ 25.206936, 37.6340805 ], [ 25.0796383, 37.6433518 ], [ 25.0504062, 37.6773299 ], [ 25.0020571, 37.6779609 ], [ 24.9790424, 37.6593042 ], [ 25.0607178, 37.5934318 ], [ 25.1892761, 37.5232725 ], [ 25.2347589, 37.5363648 ], [ 25.2542308, 37.6102295 ] ] ], [ [ [ 25.2210908, 37.4553131 ], [ 25.201414, 37.4176204 ], [ 25.2018573, 37.3973697 ], [ 25.2386086, 37.3898334 ], [ 25.2503186, 37.4228552 ], [ 25.2210908, 37.4553131 ] ] ], [ [ [ 25.1756236, 36.7018231 ], [ 25.1414943, 36.7193783 ], [ 25.0904908, 36.6933467 ], [ 25.0654495, 36.6489798 ], [ 25.1320736, 36.6573116 ], [ 25.1756236, 36.7018231 ] ] ], [ [ [ 25.0805319, 37.0377048 ], [ 25.054919, 37.0388253 ], [ 25.0197789, 37.007796 ], [ 25.0175293, 36.9727702 ], [ 25.0574167, 36.9647269 ], [ 25.0734374, 36.984275 ], [ 25.0805319, 37.0377048 ] ] ], [ [ [ 24.9456769, 37.8896558 ], [ 24.8389176, 37.9188097 ], [ 24.823793, 37.9567417 ], [ 24.7987473, 37.974014499999988 ], [ 24.7710648, 37.9931058 ], [ 24.7211256, 37.974014499999988 ], [ 24.7022571, 37.9668012 ], [ 24.6917378, 37.9188097 ], [ 24.9483652, 37.7002411 ], [ 24.987949, 37.7603446 ], [ 24.9456769, 37.8896558 ] ] ], [ [ [ 24.9736262, 37.4303724 ], [ 24.9372178, 37.432941 ], [ 24.9444254, 37.487339 ], [ 24.8965022, 37.4995873 ], [ 24.8983633, 37.4479185 ], [ 24.8664195, 37.4291429 ], [ 24.8559107, 37.3963141 ], [ 24.8794357, 37.3963249 ], [ 24.8790791, 37.3650639 ], [ 24.9478464, 37.3836477 ], [ 24.972244, 37.4011597 ], [ 24.9736262, 37.4303724 ] ] ], [ [ [ 24.8907491, 36.6275092 ], [ 24.9115591, 36.5918913 ], [ 24.9549475, 36.5854623 ], [ 24.9583252, 36.6241115 ], [ 24.8907491, 36.6275092 ] ] ], [ [ [ 24.8546782, 36.679924 ], [ 24.8214289, 36.6643925 ], [ 24.8614489, 36.6183316 ], [ 24.8932166, 36.6471808 ], [ 24.8546782, 36.679924 ] ] ], [ [ [ 24.7657681, 36.9492532 ], [ 24.7519385, 36.9650601 ], [ 24.6980012, 37.0267092 ], [ 24.662446, 37.0332342 ], [ 24.651791, 37.0131681 ], [ 24.6724693, 36.9650601 ], [ 24.6998631, 36.9013288 ], [ 24.7276461, 36.910356 ], [ 24.7657681, 36.9492532 ] ] ], [ [ [ 24.7047131, 37.6336515 ], [ 24.6848572, 37.6065986 ], [ 24.7473245, 37.5893213 ], [ 24.7474321, 37.636189 ], [ 24.7047131, 37.6336515 ] ] ], [ [ [ 24.5934456, 36.7833013 ], [ 24.6087144, 36.7490665 ], [ 24.6582871, 36.7489629 ], [ 24.6399798, 36.7947355 ], [ 24.5934456, 36.7833013 ] ] ], [ [ [ 24.5850784, 36.7897653 ], [ 24.5987474, 36.8249078 ], [ 24.5570243, 36.8412178 ], [ 24.5207805, 36.8189864 ], [ 24.5301179, 36.7761168 ], [ 24.4767333, 36.7431354 ], [ 24.4239711, 36.7604327 ], [ 24.4076705, 36.750241699999989 ], [ 24.430294, 36.7242354 ], [ 24.4692129, 36.7071672 ], [ 24.4483589, 36.6910588 ], [ 24.3931899, 36.7131841 ], [ 24.397625, 36.7348403 ], [ 24.3445635, 36.742247 ], [ 24.322116, 36.6630706 ], [ 24.3427642, 36.6547776 ], [ 24.4726691, 36.6611167 ], [ 24.5322036, 36.6790826 ], [ 24.5449714, 36.7035832 ], [ 24.5297835, 36.7411345 ], [ 24.5517058, 36.7758947 ], [ 24.5850784, 36.7897653 ] ] ], [ [ [ 24.5330512, 37.1617041 ], [ 24.5335835, 37.1936058 ], [ 24.511213, 37.2070907 ], [ 24.4447789, 37.1926997 ], [ 24.4318619, 37.1617041 ], [ 24.4237871, 37.1423275 ], [ 24.5056325, 37.1098437 ], [ 24.5324824, 37.1276143 ], [ 24.5330512, 37.1617041 ] ] ], [ [ [ 24.4833989, 37.4008639 ], [ 24.4682578, 37.4251209 ], [ 24.4279571, 37.4432246 ], [ 24.431322, 37.4673425 ], [ 24.4007141, 37.4617076 ], [ 24.3664926, 37.420799 ], [ 24.3930357, 37.412413799999989 ], [ 24.3855749, 37.357691 ], [ 24.3687502, 37.323223 ], [ 24.3958849, 37.3091167 ], [ 24.4283438, 37.3354812 ], [ 24.4833989, 37.4008639 ] ] ], [ [ [ 24.3267998, 37.5524405 ], [ 24.3883568, 37.6070219 ], [ 24.4109238, 37.655398 ], [ 24.3477513, 37.68782 ], [ 24.2940624, 37.6590331 ], [ 24.2632799, 37.5831557 ], [ 24.2789881, 37.576672 ], [ 24.2778851, 37.5524405 ], [ 24.2764521, 37.5209628 ], [ 24.2940542, 37.5234056 ], [ 24.3267998, 37.5524405 ] ] ], [ [ [ 24.2338419, 36.818048 ], [ 24.2062044, 36.7988495 ], [ 24.2450359, 36.7529118 ], [ 24.2685365, 36.7965959 ], [ 24.2338419, 36.818048 ] ] ], [ [ [ 24.1463229, 37.7715798 ], [ 24.1076909, 37.6943836 ], [ 24.1331217, 37.6847866 ], [ 24.1619962, 37.7457798 ], [ 24.1463229, 37.7715798 ] ] ] ] } },
{ "type": "Feature", "properties": { "region": "EL43", "SampSize": 136.0, "F1_wgt_F1_wgt_Direct": 0.47467410668216892, "F1_wgt_F1_wgt_SD": 0.048228693784628039, "F1_wgt_F1_wgt_CV": 10.160380165190029, "F2_wgt_Direct": 0.46392105996022265, "F2_wgt_SD": 0.049523844161433281, "F2_wgt_CV": 10.675058417412552, "F3_wgt_Direct": 0.43673797773744066, "F3_wgt_SD": 0.046889236049536591, "F3_wgt_CV": 10.736239676808136, "F4_wgt_Direct": 0.36926748710160562, "F4_wgt_SD": 0.038120013312032068, "F4_wgt_CV": 10.323143694896482, "F5_wgt_Direct": 0.43087023666443847, "F5_wgt_SD": 0.045732150089241717, "F5_wgt_CV": 10.61390325850191 }, "geometry": { "type": "MultiPolygon", "coordinates": [ [ [ [ 23.7413289, 35.6626174 ], [ 23.6952137, 35.5252981 ], [ 23.6745294, 35.5278769 ], [ 23.5852239, 35.539011 ], [ 23.5409027, 35.3745005 ], [ 23.5433371, 35.2942545 ], [ 23.6057162, 35.2446786 ], [ 23.6745294, 35.2434815 ], [ 23.8437378, 35.2405379 ], [ 24.2875235, 35.1760065 ], [ 24.3812457, 35.1904218 ], [ 24.5683611, 35.1043013 ], [ 24.722517, 35.0925445 ], [ 24.7675525, 34.9274144 ], [ 25.550568, 34.990757 ], [ 25.9451646, 35.032661 ], [ 26.1211819, 35.0178766 ], [ 26.1680331, 35.0139414 ], [ 26.2588487, 35.0867536 ], [ 26.2918038, 35.1950737 ], [ 26.2453924, 35.265509 ], [ 26.1585975, 35.204268 ], [ 26.1211819, 35.211832 ], [ 26.0506254, 35.2260957 ], [ 25.7906894, 35.1217386 ], [ 25.726456, 35.1578528 ], [ 25.7485326, 35.2719716 ], [ 25.7322507, 35.3315831 ], [ 25.6403129, 35.3401981 ], [ 25.490698, 35.298332 ], [ 25.3668449, 35.3360537 ], [ 25.0731401, 35.3427585 ], [ 25.0032459, 35.420056 ], [ 24.9280035, 35.40691 ], [ 24.6866181, 35.4238664 ], [ 24.5477137, 35.3762143 ], [ 24.317411, 35.353775 ], [ 24.2286915, 35.4557044 ], [ 24.1447718, 35.4854453 ], [ 24.1731276, 35.536325 ], [ 24.1451733, 35.5794195 ], [ 24.0898504, 35.5792057 ], [ 23.9880323, 35.5225196 ], [ 23.8522507, 35.5349972 ], [ 23.7413289, 35.6626174 ] ] ], [ [ [ 26.1699282, 35.3654873 ], [ 26.1442923, 35.3305098 ], [ 26.1941765, 35.3039485 ], [ 26.1994996, 35.3567988 ], [ 26.1699282, 35.3654873 ] ] ], [ [ [ 25.2114429, 35.4765598 ], [ 25.1883665, 35.4470612 ], [ 25.2477919, 35.4180562 ], [ 25.2528964, 35.4542035 ], [ 25.2114429, 35.4765598 ] ] ], [ [ [ 24.0726123, 34.8715793 ], [ 24.0427789, 34.8537107 ], [ 24.0726123, 34.8248254 ], [ 24.1096833, 34.8173799 ], [ 24.1183907, 34.8515338 ], [ 24.0726123, 34.8715793 ] ] ] ] } },
{ "type": "Feature", "properties": { "region": "EL51", "SampSize": 132.0, "F1_wgt_F1_wgt_Direct": 0.44165410601524019, "F1_wgt_F1_wgt_SD": 0.043675597444119162, "F1_wgt_F1_wgt_CV": 9.8890957537281565, "F2_wgt_Direct": 0.44106102453425028, "F2_wgt_SD": 0.046142360549546318, "F2_wgt_CV": 10.461672644566937, "F3_wgt_Direct": 0.46294029745090953, "F3_wgt_SD": 0.04717273282682282, "F3_wgt_CV": 10.189809158237091, "F4_wgt_Direct": 0.42064899501267161, "F4_wgt_SD": 0.04314555435275165, "F4_wgt_CV": 10.256901802761217, "F5_wgt_Direct": 0.43300967818774222, "F5_wgt_SD": 0.045041669859608037, "F5_wgt_CV": 10.402000723891231 }, "geometry": { "type": "MultiPolygon", "coordinates": [ [ [ [ 26.5908755, 41.6004731 ], [ 26.357879, 41.7111045 ], [ 26.1721553, 41.7434857 ], [ 26.1211819, 41.7243393 ], [ 26.0810761, 41.7092749 ], [ 26.078597, 41.6485303 ], [ 26.1211819, 41.6279076 ], [ 26.1683037, 41.5569624 ], [ 26.1792256, 41.4413237 ], [ 26.1211819, 41.3592885 ], [ 25.948626, 41.320342 ], [ 25.9064375, 41.307575 ], [ 25.8218396, 41.33944 ], [ 25.7021321, 41.3002262 ], [ 25.5674508, 41.3135363 ], [ 25.3128904, 41.2390739 ], [ 25.2246985, 41.264631 ], [ 25.1793755, 41.310188 ], [ 24.9148582, 41.4011526 ], [ 24.8324661, 41.3962731 ], [ 24.783956, 41.360189 ], [ 24.7234488, 41.4104567 ], [ 24.6176214, 41.4322851 ], [ 24.5276052, 41.5613836 ], [ 24.3192058, 41.5198043 ], [ 24.2601915, 41.5659837 ], [ 24.1770981, 41.5247924 ], [ 24.143203, 41.5368317 ], [ 24.059744, 41.522112 ], [ 24.0537155, 41.4600329 ], [ 23.9114335, 41.4672603 ], [ 23.6745294, 41.3917599 ], [ 23.624223, 41.3757275 ], [ 23.6381956, 41.3286851 ], [ 23.6745294, 41.3134089 ], [ 23.7115468, 41.2978453 ], [ 23.7318962, 41.1972716 ], [ 23.9146047, 41.101132 ], [ 24.0087725, 41.0984718 ], [ 24.11834, 41.00632 ], [ 24.088981, 40.9270807 ], [ 23.8677465, 40.7787285 ], [ 24.0432323, 40.721186 ], [ 24.143203, 40.7399346 ], [ 24.2951548, 40.8164364 ], [ 24.398557, 40.929797 ], [ 24.4897723, 40.9534518 ], [ 24.5511711, 40.9466023 ], [ 24.6319113, 40.8664322 ], [ 24.81349, 40.8580855 ], [ 25.05915, 40.9957928 ], [ 25.139545, 40.9906875 ], [ 25.1376092, 40.9610721 ], [ 25.1710468, 40.9438062 ], [ 25.329532, 40.9405628 ], [ 25.5497305, 40.8632925 ], [ 25.632429, 40.8628045 ], [ 25.9520975, 40.8359922 ], [ 26.0229319, 40.784323799999989 ], [ 26.032758, 40.730257 ], [ 26.1211819, 40.7515267 ], [ 26.237695, 40.8865304 ], [ 26.3427396, 40.9487874 ], [ 26.3540896, 41.0141827 ], [ 26.3173225, 41.1734926 ], [ 26.3362719, 41.2486686 ], [ 26.6280826, 41.3581587 ], [ 26.5908755, 41.6004731 ] ] ], [ [ [ 25.6997105, 40.4640916 ], [ 25.6574712, 40.4934492 ], [ 25.5651299, 40.5104194 ], [ 25.4945476, 40.4950629 ], [ 25.4598885, 40.4643173 ], [ 25.5591965, 40.3959799 ], [ 25.6018259, 40.3938597 ], [ 25.6969351, 40.4225615 ], [ 25.6997105, 40.4640916 ] ] ], [ [ [ 24.7510832, 40.7518625 ], [ 24.6471626, 40.7943743 ], [ 24.5679975, 40.7602373 ], [ 24.5195197, 40.6737484 ], [ 24.5306737, 40.6295693 ], [ 24.5968913, 40.616759 ], [ 24.6076008, 40.5967737 ], [ 24.6467291, 40.5722388 ], [ 24.7770097, 40.616759 ], [ 24.7510832, 40.7518625 ] ] ] ] } },
{ "type": "Feature", "properties": { "region": "EL52", "SampSize": 411.0, "F1_wgt_F1_wgt_Direct": 0.50778862878973152, "F1_wgt_F1_wgt_SD": 0.028727966771158499, "F1_wgt_F1_wgt_CV": 5.6574655560186589, "F2_wgt_Direct": 0.50008895387775598, "F2_wgt_SD": 0.028954672459865449, "F2_wgt_CV": 5.7899044230725529, "F3_wgt_Direct": 0.48912041411226181, "F3_wgt_SD": 0.02768067906315173, "F3_wgt_CV": 5.659276992842611, "F4_wgt_Direct": 0.43184960918419135, "F4_wgt_SD": 0.024547887375449971, "F4_wgt_CV": 5.6843602155443591, "F5_wgt_Direct": 0.48987698383441314, "F5_wgt_SD": 0.02754872474235074, "F5_wgt_CV": 5.6236005469615389 }, "geometry": { "type": "MultiPolygon", "coordinates": [ [ [ [ 23.4963643, 41.4039867 ], [ 23.3465424, 41.3736916 ], [ 23.29336, 41.3975465 ], [ 23.1886805, 41.3239638 ], [ 22.9275915, 41.3385395 ], [ 22.8791785, 41.340653 ], [ 22.774327, 41.3215899 ], [ 22.7236758, 41.1511105 ], [ 22.7035649, 41.1599825 ], [ 22.6614372, 41.1785673 ], [ 22.5892258, 41.12407 ], [ 22.332052, 41.1202725 ], [ 22.216216, 41.1704575 ], [ 22.1276914, 41.1311845 ], [ 22.0563313, 41.1520228 ], [ 21.929438, 41.1003505 ], [ 21.787378, 40.9311255 ], [ 21.8040827, 40.8863658 ], [ 21.7160658, 40.8546583 ], [ 21.821787, 40.6966915 ], [ 21.9060115, 40.682092 ], [ 21.8876019, 40.616759 ], [ 21.9382325, 40.4923884 ], [ 22.0947914, 40.425989 ], [ 22.140091, 40.3239643 ], [ 22.183821, 40.302277 ], [ 22.1157035, 40.190249 ], [ 22.2043477, 40.182958 ], [ 22.2262048, 40.1111068 ], [ 22.2845597, 40.164831 ], [ 22.3309554, 40.1689875 ], [ 22.3615152, 40.1387638 ], [ 22.3628302, 40.0566758 ], [ 22.474754, 40.0166008 ], [ 22.5242523, 39.9555054 ], [ 22.6645848, 39.9747564 ], [ 22.5864796, 40.029547799999989 ], [ 22.5544991, 40.1408449 ], [ 22.6508953, 40.3549686 ], [ 22.5980418, 40.4610432 ], [ 22.6639575, 40.4915545 ], [ 22.682419, 40.528965 ], [ 22.7289718, 40.5207438 ], [ 22.774327, 40.562244 ], [ 22.8387737, 40.5875063 ], [ 22.8394634, 40.616759 ], [ 22.8532976, 40.6283503 ], [ 22.8956239, 40.6404543 ], [ 22.9337732, 40.6311795 ], [ 22.9510451, 40.616759 ], [ 22.960601, 40.5312789 ], [ 22.8236956, 40.4861164 ], [ 22.9008685, 40.3816444 ], [ 23.004153, 40.3503365 ], [ 23.3200286, 40.2191213 ], [ 23.4171937, 40.2744469 ], [ 23.6570365, 40.2165309 ], [ 23.6745294, 40.2014321 ], [ 23.7600243, 40.1276381 ], [ 23.8083617, 40.028927 ], [ 23.9486851, 39.9459402 ], [ 24.0124936, 40.0111106 ], [ 23.9815238, 40.1119753 ], [ 23.7855765, 40.1956276 ], [ 23.702146, 40.3081334 ], [ 23.7296169, 40.3455202 ], [ 23.8556401, 40.3654079 ], [ 23.9069652, 40.3150799 ], [ 23.9460844, 40.3468385 ], [ 24.005043, 40.3145675 ], [ 24.010988, 40.3894345 ], [ 23.922791, 40.3921669 ], [ 23.8622206, 40.4262682 ], [ 23.8374466, 40.49347 ], [ 23.8775266, 40.5418331 ], [ 23.7568645, 40.6345635 ], [ 23.7004903, 40.6868543 ], [ 23.7650775, 40.7578925 ], [ 23.8677465, 40.7787285 ], [ 24.088981, 40.9270807 ], [ 24.11834, 41.00632 ], [ 24.0087725, 41.0984718 ], [ 23.9146047, 41.101132 ], [ 23.7318962, 41.1972716 ], [ 23.7115468, 41.2978453 ], [ 23.6745294, 41.3134089 ], [ 23.6381956, 41.3286851 ], [ 23.624223, 41.3757275 ], [ 23.4963643, 41.4039867 ] ] ], [ [ [ 23.6745294, 39.9732614 ], [ 23.5328638, 40.0169069 ], [ 23.4928917, 40.0350744 ], [ 23.4549694, 40.0695355 ], [ 23.4384691, 40.1021048 ], [ 23.396064, 40.13918 ], [ 23.3615798, 40.147729 ], [ 23.3465548, 40.1824812 ], [ 23.3246541, 40.1851122 ], [ 23.3205973, 40.13204 ], [ 23.304379, 40.1019902 ], [ 23.3357908, 40.0689016 ], [ 23.3800138, 40.0013797 ], [ 23.3683686, 39.9695188 ], [ 23.4133061, 39.959504 ], [ 23.463326, 39.9690011 ], [ 23.5967887, 39.9202742 ], [ 23.6745294, 39.9121864 ], [ 23.7168575, 39.9077828 ], [ 23.6800346, 39.9715653 ], [ 23.6745294, 39.9732614 ] ] ] ] } },
{ "type": "Feature", "properties": { "region": "EL53", "SampSize": 64.0, "F1_wgt_F1_wgt_Direct": 0.52451801905532747, "F1_wgt_F1_wgt_SD": 0.07339086169498335, "F1_wgt_F1_wgt_CV": 13.992057284735894, "F2_wgt_Direct": 0.49136260078296179, "F2_wgt_SD": 0.071736921145265281, "F2_wgt_CV": 14.599589189522376, "F3_wgt_Direct": 0.49633812589274273, "F3_wgt_SD": 0.070190112754881503, "F3_wgt_CV": 14.141592010211481, "F4_wgt_Direct": 0.45241199051731495, "F4_wgt_SD": 0.06491527616755477, "F4_wgt_CV": 14.348708152789396, "F5_wgt_Direct": 0.48881469466009714, "F5_wgt_SD": 0.069574867654975864, "F5_wgt_CV": 14.23338300076178 }, "geometry": { "type": "MultiPolygon", "coordinates": [ [ [ [ 21.787378, 40.9311255 ], [ 21.6864711, 40.929963 ], [ 21.5716832, 40.8760776 ], [ 21.4190518, 40.9121887 ], [ 21.2581746, 40.8599912 ], [ 21.209431, 40.8774125 ], [ 21.1353917, 40.8703881 ], [ 20.9802045, 40.855665 ], [ 20.9713977, 40.76523 ], [ 21.0472792, 40.6776892 ], [ 21.0560685, 40.6166955 ], [ 20.9490259, 40.4766885 ], [ 20.8547833, 40.4749114 ], [ 20.7972969, 40.4261207 ], [ 20.778501, 40.348789 ], [ 20.8679511, 40.3617369 ], [ 21.004012, 40.1540665 ], [ 20.9805338, 40.1133152 ], [ 21.0685726, 40.0438099 ], [ 21.0618491, 39.9774087 ], [ 21.1011483, 39.8937717 ], [ 21.1353917, 39.8873768 ], [ 21.2956, 39.857458 ], [ 21.3775533, 39.8350822 ], [ 21.442801, 39.8925063 ], [ 21.518377, 39.8985424 ], [ 21.5716832, 39.8923357 ], [ 21.917692, 39.8520485 ], [ 21.8993655, 39.9624715 ], [ 22.0754677, 40.1175086 ], [ 22.1157035, 40.190249 ], [ 22.183821, 40.302277 ], [ 22.140091, 40.3239643 ], [ 22.0947914, 40.425989 ], [ 21.9382325, 40.4923884 ], [ 21.8876019, 40.616759 ], [ 21.9060115, 40.682092 ], [ 21.821787, 40.6966915 ], [ 21.7160658, 40.8546583 ], [ 21.8040827, 40.8863658 ], [ 21.787378, 40.9311255 ] ] ] ] } },
{ "type": "Feature", "properties": { "region": "EL54", "SampSize": 61.0, "F1_wgt_F1_wgt_Direct": 0.53661477252613965, "F1_wgt_F1_wgt_SD": 0.079733334730380093, "F1_wgt_F1_wgt_CV": 14.858579899884532, "F2_wgt_Direct": 0.44629733090458473, "F2_wgt_SD": 0.068086148239447739, "F2_wgt_CV": 15.255782081744981, "F3_wgt_Direct": 0.53699428166722674, "F3_wgt_SD": 0.078620992621823899, "F3_wgt_CV": 14.640936655363683, "F4_wgt_Direct": 0.47032023980927823, "F4_wgt_SD": 0.068923144777419051, "F4_wgt_CV": 14.654513870244751, "F5_wgt_Direct": 0.50766711260494912, "F5_wgt_SD": 0.073456088102057462, "F5_wgt_CV": 14.469341479525529 }, "geometry": { "type": "MultiPolygon", "coordinates": [ [ [ [ 21.1353917, 39.8873768 ], [ 21.1011483, 39.8937717 ], [ 21.0618491, 39.9774087 ], [ 21.0685726, 40.0438099 ], [ 20.9805338, 40.1133152 ], [ 21.004012, 40.1540665 ], [ 20.8679511, 40.3617369 ], [ 20.778501, 40.348789 ], [ 20.7223574, 40.2832357 ], [ 20.677491, 40.1077802 ], [ 20.6128765, 40.0796535 ], [ 20.4430243, 40.066654 ], [ 20.3867696, 40.001098899999988 ], [ 20.3242337, 39.9849278 ], [ 20.4070294, 39.8505332 ], [ 20.391308, 39.7884835 ], [ 20.302345, 39.812743 ], [ 20.2970434, 39.7653138 ], [ 20.3157828, 39.7273446 ], [ 20.2770698, 39.7041939 ], [ 20.2619444, 39.6767208 ], [ 20.2292231, 39.6790326 ], [ 20.2192813, 39.64851 ], [ 20.1267216, 39.6580052 ], [ 20.0312119, 39.6967856 ], [ 20.0088125, 39.691292 ], [ 20.170354, 39.625497 ], [ 20.1591677, 39.5396407 ], [ 20.2493795, 39.5054266 ], [ 20.2275991, 39.4324679 ], [ 20.3006785, 39.315735 ], [ 20.3462929, 39.2864695 ], [ 20.464247, 39.273102 ], [ 20.4778215, 39.2748415 ], [ 20.4758847, 39.2187042 ], [ 20.6899402, 39.0596629 ], [ 20.7352142, 38.9548831 ], [ 20.7816802, 38.9816616 ], [ 20.761312, 39.0219208 ], [ 20.8005201, 39.0714646 ], [ 20.9141281, 39.0684373 ], [ 21.0277266, 39.0097968 ], [ 21.1086085, 39.0461465 ], [ 21.1044179, 39.0850338 ], [ 21.1353917, 39.1190109 ], [ 21.2581746, 39.122703 ], [ 21.3728945, 39.174614 ], [ 21.3612736, 39.2154921 ], [ 21.4187767, 39.2724895 ], [ 21.3952594, 39.3416695 ], [ 21.291734, 39.3694987 ], [ 21.2581746, 39.4208605 ], [ 21.1816095, 39.5010885 ], [ 21.1838784, 39.5836335 ], [ 21.1438486, 39.6759755 ], [ 21.2274087, 39.713677 ], [ 21.2350588, 39.7876816 ], [ 21.2956, 39.857458 ], [ 21.1353917, 39.8873768 ] ] ] ] } },
{ "type": "Feature", "properties": { "region": "EL61", "SampSize": 186.0, "F1_wgt_F1_wgt_Direct": 0.54650064295343725, "F1_wgt_F1_wgt_SD": 0.045181844454660197, "F1_wgt_F1_wgt_CV": 8.2674823968157281, "F2_wgt_Direct": 0.59917643505920581, "F2_wgt_SD": 0.049318646750569947, "F2_wgt_CV": 8.2310724963168287, "F3_wgt_Direct": 0.44414354976903758, "F3_wgt_SD": 0.036151144738225199, "F3_wgt_CV": 8.1395181258456706, "F4_wgt_Direct": 0.43280762907450759, "F4_wgt_SD": 0.037009126760536457, "F4_wgt_CV": 8.5509414054633854, "F5_wgt_Direct": 0.46124309419891701, "F5_wgt_SD": 0.038928428920086917, "F5_wgt_CV": 8.4398941490273085 }, "geometry": { "type": "MultiPolygon", "coordinates": [ [ [ [ 24.1459463, 39.4196941 ], [ 24.1382948, 39.3879768 ], [ 24.1824879, 39.361919 ], [ 24.1992805, 39.4019717 ], [ 24.1459463, 39.4196941 ] ] ], [ [ [ 24.1043489, 39.0977712 ], [ 24.0688723, 39.0686289 ], [ 24.0907626, 39.0362501 ], [ 24.1360832, 39.075992 ], [ 24.1043489, 39.0977712 ] ] ], [ [ [ 24.0984162, 39.3484229 ], [ 24.051883, 39.352702 ], [ 24.040024, 39.3234955 ], [ 24.0674677, 39.2938948 ], [ 24.0959955, 39.3123166 ], [ 24.0984162, 39.3484229 ] ] ], [ [ [ 23.9344854, 39.2734053 ], [ 23.8808609, 39.1854987 ], [ 23.9232152, 39.1820943 ], [ 23.9467831, 39.157419 ], [ 23.9947272, 39.1565197 ], [ 23.9626657, 39.2734053 ], [ 23.9344854, 39.2734053 ] ] ], [ [ [ 23.6745294, 39.1611427 ], [ 23.6165984, 39.1948503 ], [ 23.5956197, 39.1935443 ], [ 23.6536849, 39.0962352 ], [ 23.6745294, 39.0840835 ], [ 23.7316908, 39.0739462 ], [ 23.7688849, 39.0920421 ], [ 23.7813395, 39.1298712 ], [ 23.7313969, 39.1204534 ], [ 23.7210543, 39.1457055 ], [ 23.6745294, 39.1611427 ] ] ], [ [ [ 23.4591231, 39.2106868 ], [ 23.4430499, 39.182338799999989 ], [ 23.3908898, 39.1585324 ], [ 23.4134447, 39.1378039 ], [ 23.4537774, 39.1374122 ], [ 23.4766571, 39.1601228 ], [ 23.525468, 39.1464558 ], [ 23.5065921, 39.193507 ], [ 23.4591231, 39.2106868 ] ] ], [ [ [ 22.1157035, 40.190249 ], [ 22.0754677, 40.1175086 ], [ 21.8993655, 39.9624715 ], [ 21.917692, 39.8520485 ], [ 21.5716832, 39.8923357 ], [ 21.518377, 39.8985424 ], [ 21.442801, 39.8925063 ], [ 21.3775533, 39.8350822 ], [ 21.2956, 39.857458 ], [ 21.2350588, 39.7876816 ], [ 21.2274087, 39.713677 ], [ 21.1438486, 39.6759755 ], [ 21.1838784, 39.5836335 ], [ 21.1816095, 39.5010885 ], [ 21.2581746, 39.4208605 ], [ 21.291734, 39.3694987 ], [ 21.3952594, 39.3416695 ], [ 21.4187767, 39.2724895 ], [ 21.3612736, 39.2154921 ], [ 21.3728945, 39.174614 ], [ 21.396378, 39.1647415 ], [ 21.4924329, 39.2262259 ], [ 21.5716832, 39.2373802 ], [ 21.6683913, 39.2509916 ], [ 21.7431069, 39.1150951 ], [ 21.8433662, 39.1433342 ], [ 21.93851, 39.0650815 ], [ 21.9648032, 39.0322384 ], [ 22.046038, 39.0515744 ], [ 22.0654351, 39.0951845 ], [ 22.1523043, 39.1222547 ], [ 22.2559184, 39.2724895 ], [ 22.4061266, 39.2078072 ], [ 22.5048995, 39.1305235 ], [ 22.4960755, 39.0700721 ], [ 22.5181352, 39.0472567 ], [ 22.6689636, 39.0468979 ], [ 22.7035649, 39.0369315 ], [ 22.774327, 39.0165492 ], [ 22.9221837, 38.9739608 ], [ 23.0170195, 39.0031658 ], [ 22.9689935, 39.1006528 ], [ 22.841183, 39.1938476 ], [ 22.835462, 39.273878599999989 ], [ 22.9791525, 39.3429294 ], [ 23.1488912, 39.2756825 ], [ 23.1975102, 39.1724579 ], [ 23.137482, 39.1249629 ], [ 23.0815895, 39.1470127 ], [ 23.0921597, 39.0974934 ], [ 23.2914715, 39.1446271 ], [ 23.3319435, 39.2042882 ], [ 23.0977999, 39.4883454 ], [ 22.915911, 39.602936 ], [ 22.8464096, 39.7888562 ], [ 22.774327, 39.8467928 ], [ 22.735391, 39.8780877 ], [ 22.7035649, 39.9215385 ], [ 22.6645848, 39.9747564 ], [ 22.5242523, 39.9555054 ], [ 22.474754, 40.0166008 ], [ 22.3628302, 40.0566758 ], [ 22.3615152, 40.1387638 ], [ 22.3309554, 40.1689875 ], [ 22.2845597, 40.164831 ], [ 22.2262048, 40.1111068 ], [ 22.2043477, 40.182958 ], [ 22.1157035, 40.190249 ] ] ] ] } },
{ "type": "Feature", "properties": { "region": "EL62", "SampSize": 47.0, "F1_wgt_F1_wgt_Direct": 0.49699222502137241, "F1_wgt_F1_wgt_SD": 0.086713953294672935, "F1_wgt_F1_wgt_CV": 17.447748461446036, "F2_wgt_Direct": 0.42982407942673473, "F2_wgt_SD": 0.074999302328990797, "F2_wgt_CV": 17.448836842509827, "F3_wgt_Direct": 0.46337288202879623, "F3_wgt_SD": 0.082025036397408033, "F3_wgt_CV": 17.701734300521842, "F4_wgt_Direct": 0.4352157865947317, "F4_wgt_SD": 0.077717855731165672, "F4_wgt_CV": 17.857315411110239, "F5_wgt_Direct": 0.43583918693315937, "F5_wgt_SD": 0.076157488822341579, "F5_wgt_CV": 17.473758924302771 }, "geometry": { "type": "MultiPolygon", "coordinates": [ [ [ [ 21.0386077, 38.5082335 ], [ 21.0080717, 38.4996947 ], [ 20.9929851, 38.4714819 ], [ 21.0066517, 38.4500483 ], [ 21.0431688, 38.4595211 ], [ 21.0386077, 38.5082335 ] ] ], [ [ [ 20.8281305, 37.8352145 ], [ 20.7544128, 37.8538443 ], [ 20.6954029, 37.9217109 ], [ 20.6392472, 37.882962 ], [ 20.6294388, 37.8352145 ], [ 20.8113405, 37.6587494 ], [ 20.8439772, 37.6592957 ], [ 20.8858154, 37.7272566 ], [ 20.9520475, 37.7187792 ], [ 20.9586746, 37.7348374 ], [ 20.8281305, 37.8352145 ] ] ], [ [ [ 20.9392418, 38.6560392 ], [ 20.8909213, 38.6441113 ], [ 20.8710764, 38.606875 ], [ 20.9349569, 38.6135326 ], [ 20.9392418, 38.6560392 ] ] ], [ [ [ 20.610487, 38.401938 ], [ 20.5966818, 38.405044 ], [ 20.5820775, 38.4651228 ], [ 20.537689, 38.470012499999989 ], [ 20.5445432, 38.4240499 ], [ 20.5338038, 38.3415658 ], [ 20.488997, 38.3121911 ], [ 20.4424541, 38.3351677 ], [ 20.4401875, 38.3572896 ], [ 20.4026858, 38.3348544 ], [ 20.387779, 38.2776542 ], [ 20.358052, 38.260472799999988 ], [ 20.3578658, 38.2249956 ], [ 20.3372641, 38.1885263 ], [ 20.3928908, 38.1550478 ], [ 20.4394349, 38.1621721 ], [ 20.4388052, 38.2249956 ], [ 20.4212071, 38.267769 ], [ 20.4375501, 38.2816846 ], [ 20.4799318, 38.2050156 ], [ 20.4687618, 38.1913801 ], [ 20.4890862, 38.1201714 ], [ 20.5644771, 38.0904636 ], [ 20.6066043, 38.1167736 ], [ 20.6387411, 38.1100687 ], [ 20.7037815, 38.0689291 ], [ 20.7942513, 38.0639139 ], [ 20.814386, 38.1097423 ], [ 20.6671813, 38.2767191 ], [ 20.6265922, 38.2592665 ], [ 20.5989602, 38.301853699999988 ], [ 20.6283252, 38.3262766 ], [ 20.610487, 38.401938 ] ] ], [ [ [ 20.7506109, 38.6931631 ], [ 20.7206293, 38.7513482 ], [ 20.7257066, 38.8036589 ], [ 20.6903418, 38.8504268 ], [ 20.6487464, 38.8312289 ], [ 20.6006717, 38.7793796 ], [ 20.558094, 38.6802735 ], [ 20.5501075, 38.5927409 ], [ 20.5706563, 38.5890271 ], [ 20.5908604, 38.6266047 ], [ 20.6164905, 38.6017785 ], [ 20.6832753, 38.6071077 ], [ 20.7249961, 38.637019 ], [ 20.7528116, 38.6300475 ], [ 20.804091, 38.664926 ], [ 20.7882261, 38.6734308 ], [ 20.7261362, 38.6596193 ], [ 20.7244758, 38.6857645 ], [ 20.7506109, 38.6931631 ] ] ], [ [ [ 20.7502737, 38.3696981 ], [ 20.723274, 38.3900436 ], [ 20.7164351, 38.3682009 ], [ 20.67631, 38.3591125 ], [ 20.6949708, 38.3154995 ], [ 20.7215215, 38.3010268 ], [ 20.7544956, 38.3202855 ], [ 20.7502737, 38.3696981 ] ] ], [ [ [ 20.6894495, 38.582904 ], [ 20.682225, 38.5494066 ], [ 20.7082627, 38.5243717 ], [ 20.7446466, 38.5696673 ], [ 20.6894495, 38.582904 ] ] ], [ [ [ 20.7123633, 38.4365391 ], [ 20.6677793, 38.4627969 ], [ 20.6623466, 38.4878375 ], [ 20.6105234, 38.468859 ], [ 20.6381686, 38.4369619 ], [ 20.6639396, 38.3778643 ], [ 20.6802743, 38.3784749 ], [ 20.7123633, 38.4365391 ] ] ], [ [ [ 20.1375215, 39.2417316 ], [ 20.1226402, 39.2336573 ], [ 20.1645003, 39.1781225 ], [ 20.2018564, 39.1964421 ], [ 20.1375215, 39.2417316 ] ] ], [ [ [ 19.8502178, 39.8192498 ], [ 19.7966448, 39.7902788 ], [ 19.6737286, 39.7935283 ], [ 19.6366772, 39.751071 ], [ 19.6579827, 39.7171785 ], [ 19.6822446, 39.7131194 ], [ 19.6762097, 39.6815065 ], [ 19.7263827, 39.6725052 ], [ 19.743925, 39.6251775 ], [ 19.806578, 39.5923017 ], [ 19.8481945, 39.5476262 ], [ 19.8517536, 39.4959743 ], [ 19.8713855, 39.4568424 ], [ 19.9105574, 39.4330107 ], [ 19.9845089, 39.4141612 ], [ 20.0014533, 39.4001276 ], [ 20.1124599, 39.3641918 ], [ 20.1199169, 39.3815933 ], [ 20.0701089, 39.4587051 ], [ 20.0327421, 39.4375298 ], [ 19.9966688, 39.4591373 ], [ 19.9388434, 39.4740646 ], [ 19.9121871, 39.5519054 ], [ 19.9250139, 39.6187761 ], [ 19.8639039, 39.6457198 ], [ 19.8442958, 39.7031808 ], [ 19.9293999, 39.7349766 ], [ 19.9535623, 39.7685443 ], [ 19.9422692, 39.7852759 ], [ 19.8832652, 39.7996272 ], [ 19.8502178, 39.8192498 ] ] ], [ [ [ 19.4249419, 39.8599479 ], [ 19.3753035, 39.8777733 ], [ 19.3631114, 39.8521256 ], [ 19.3837639, 39.828538699999989 ], [ 19.4189516, 39.832928 ], [ 19.4249419, 39.8599479 ] ] ] ] } },
{ "type": "Feature", "properties": { "region": "EL63", "SampSize": 177.0, "F1_wgt_F1_wgt_Direct": 0.46569592060646242, "F1_wgt_F1_wgt_SD": 0.040172028230962428, "F1_wgt_F1_wgt_CV": 8.626235801818396, "F2_wgt_Direct": 0.44227335916891969, "F2_wgt_SD": 0.039664273084523492, "F2_wgt_CV": 8.9682709261658964, "F3_wgt_Direct": 0.48808079382846487, "F3_wgt_SD": 0.042360912405526349, "F3_wgt_CV": 8.6790779193032588, "F4_wgt_Direct": 0.41403140596289317, "F4_wgt_SD": 0.03687942580719087, "F4_wgt_CV": 8.9073981529063335, "F5_wgt_Direct": 0.42762432943636541, "F5_wgt_SD": 0.037344235890518468, "F5_wgt_CV": 8.7329539784933239 }, "geometry": { "type": "MultiPolygon", "coordinates": [ [ [ [ 21.9940285, 38.3156733 ], [ 21.8556499, 38.3312847 ], [ 21.766625, 38.2984004 ], [ 21.6947562, 38.1916566 ], [ 21.6183922, 38.1490794 ], [ 21.5716832, 38.1601054 ], [ 21.3801405, 38.2053206 ], [ 21.351074, 38.1021385 ], [ 21.2604093, 37.9838428 ], [ 21.139436, 37.925854699999988 ], [ 21.1216531, 37.8638788 ], [ 21.2695807, 37.7828377 ], [ 21.3307894, 37.6640468 ], [ 21.5470015, 37.5524405 ], [ 21.680233, 37.377434 ], [ 21.8769869, 37.3996857 ], [ 21.9016611, 37.4568678 ], [ 21.9655925, 37.4834485 ], [ 21.9820897, 37.512862299999988 ], [ 21.9320079, 37.5524405 ], [ 21.8803389, 37.5932731 ], [ 21.7974392, 37.6052734 ], [ 21.7996851, 37.7940132 ], [ 21.8897415, 37.8658945 ], [ 21.926921, 37.8222309 ], [ 22.0398041, 37.7878762 ], [ 22.264305, 37.839156 ], [ 22.232545, 37.8811715 ], [ 22.2467719, 37.9188097 ], [ 22.2535781, 37.9521118 ], [ 22.3165848, 37.9967268 ], [ 22.3585876, 38.0264689 ], [ 22.3729725, 38.1422235 ], [ 22.2035071, 38.1889588 ], [ 21.9940285, 38.3156733 ] ] ], [ [ [ 21.4894466, 38.9656048 ], [ 21.4008909, 39.0160405 ], [ 21.419477, 39.0987672 ], [ 21.396378, 39.1647415 ], [ 21.3728945, 39.174614 ], [ 21.2581746, 39.122703 ], [ 21.1353917, 39.1190109 ], [ 21.1044179, 39.0850338 ], [ 21.1086085, 39.0461465 ], [ 21.1353917, 39.0099962 ], [ 21.15328, 38.9858518 ], [ 21.1548347, 38.8915573 ], [ 21.1353917, 38.8976691 ], [ 21.0566716, 38.8850744 ], [ 20.9499024, 38.9413992 ], [ 20.7900914, 38.9343788 ], [ 20.7413081, 38.8255664 ], [ 20.7692957, 38.7745371 ], [ 20.8671391, 38.773616 ], [ 20.9111627, 38.6948645 ], [ 20.9888914, 38.647939 ], [ 21.0178401, 38.5452496 ], [ 21.0885297, 38.5025305 ], [ 21.1353917, 38.324702 ], [ 21.1882401, 38.3011726 ], [ 21.2581746, 38.32131 ], [ 21.346401, 38.4022959 ], [ 21.4661889, 38.3576097 ], [ 21.500997, 38.3035326 ], [ 21.5716832, 38.3312848 ], [ 21.6250782, 38.3522483 ], [ 21.7568202, 38.3360016 ], [ 21.8071638, 38.3803236 ], [ 21.8517321, 38.374535099999989 ], [ 21.8921936, 38.4645046 ], [ 21.9940183, 38.5195964 ], [ 21.9994255, 38.76861 ], [ 21.946002, 38.784002 ], [ 21.9173202, 38.7414888 ], [ 21.7867895, 38.6945921 ], [ 21.5872302, 38.7421653 ], [ 21.5651214, 38.8087598 ], [ 21.6127789, 38.865126 ], [ 21.5247041, 38.8970421 ], [ 21.4894466, 38.9656048 ] ] ] ] } },
{ "type": "Feature", "properties": { "region": "EL64", "SampSize": 138.0, "F1_wgt_F1_wgt_Direct": 0.49527237052448508, "F1_wgt_F1_wgt_SD": 0.051111280134764119, "F1_wgt_F1_wgt_CV": 10.319832717629319, "F2_wgt_Direct": 0.46928041241324669, "F2_wgt_SD": 0.048762552608336771, "F2_wgt_CV": 10.390920080720656, "F3_wgt_Direct": 0.51241035679578639, "F3_wgt_SD": 0.052191607164193868, "F3_wgt_CV": 10.185509811034922, "F4_wgt_Direct": 0.40143698236803943, "F4_wgt_SD": 0.041282217726201158, "F4_wgt_CV": 10.283611012289199, "F5_wgt_Direct": 0.46999307911217492, "F5_wgt_SD": 0.047895364677967997, "F5_wgt_CV": 10.190653183328395 }, "geometry": { "type": "MultiPolygon", "coordinates": [ [ [ [ 24.6576233, 38.829909 ], [ 24.5732855, 38.871261499999989 ], [ 24.5770552, 38.9273582 ], [ 24.489651, 38.9774577 ], [ 24.4493575, 38.9484571 ], [ 24.4656634, 38.9164006 ], [ 24.4448177, 38.887625 ], [ 24.4826511, 38.8553334 ], [ 24.5672482, 38.8334111 ], [ 24.566417, 38.8077202 ], [ 24.5399516, 38.7924002 ], [ 24.5594664, 38.773311 ], [ 24.5871325, 38.7885846 ], [ 24.6092419, 38.7699125 ], [ 24.6824348, 38.7725772 ], [ 24.6863832, 38.7918816 ], [ 24.6576233, 38.829909 ] ] ], [ [ [ 22.6689636, 39.0468979 ], [ 22.5181352, 39.0472567 ], [ 22.4960755, 39.0700721 ], [ 22.5048995, 39.1305235 ], [ 22.4061266, 39.2078072 ], [ 22.2559184, 39.2724895 ], [ 22.1523043, 39.1222547 ], [ 22.0654351, 39.0951845 ], [ 22.046038, 39.0515744 ], [ 21.9648032, 39.0322384 ], [ 21.93851, 39.0650815 ], [ 21.8433662, 39.1433342 ], [ 21.7431069, 39.1150951 ], [ 21.6683913, 39.2509916 ], [ 21.5716832, 39.2373802 ], [ 21.4924329, 39.2262259 ], [ 21.396378, 39.1647415 ], [ 21.419477, 39.0987672 ], [ 21.4008909, 39.0160405 ], [ 21.4894466, 38.9656048 ], [ 21.5247041, 38.8970421 ], [ 21.6127789, 38.865126 ], [ 21.5651214, 38.8087598 ], [ 21.5872302, 38.7421653 ], [ 21.7867895, 38.6945921 ], [ 21.9173202, 38.7414888 ], [ 21.946002, 38.784002 ], [ 21.9994255, 38.76861 ], [ 21.9940183, 38.5195964 ], [ 21.8921936, 38.4645046 ], [ 21.8517321, 38.374535099999989 ], [ 21.9496368, 38.400715 ], [ 22.0715864, 38.3861826 ], [ 22.1797758, 38.3306763 ], [ 22.2375468, 38.3530099 ], [ 22.3661642, 38.3437209 ], [ 22.4142526, 38.4389525 ], [ 22.505105, 38.3758422 ], [ 22.5587352, 38.2894562 ], [ 22.5885319, 38.2976891 ], [ 22.608279, 38.3586565 ], [ 22.6631843, 38.366235 ], [ 22.7035649, 38.3191369 ], [ 22.774327, 38.2811051 ], [ 22.7935257, 38.2408447 ], [ 22.9202848, 38.1925428 ], [ 23.0161599, 38.2053005 ], [ 23.1359294, 38.1697747 ], [ 23.2733162, 38.189238 ], [ 23.3081343, 38.2453122 ], [ 23.3553161, 38.2633843 ], [ 23.3864793, 38.2587084 ], [ 23.3864751, 38.2178562 ], [ 23.4476746, 38.204687 ], [ 23.5283568, 38.1368803 ], [ 23.6139339, 38.1672345 ], [ 23.6344945, 38.211341 ], [ 23.643175, 38.279732 ], [ 23.6745294, 38.3199283 ], [ 23.690418, 38.3402975 ], [ 23.6745294, 38.3456575 ], [ 23.6555732, 38.3520523 ], [ 23.6362542, 38.3871252 ], [ 23.6589774, 38.4053943 ], [ 23.6745294, 38.4050136 ], [ 24.0267901, 38.3963909 ], [ 24.1089098, 38.2666913 ], [ 24.1452495, 38.2699823 ], [ 24.1762552, 38.2197456 ], [ 24.2131496, 38.0914165 ], [ 24.2934421, 38.072084 ], [ 24.3438397, 37.9967268 ], [ 24.3567498, 37.9774229 ], [ 24.4048473, 37.9967268 ], [ 24.4436476, 37.9967268 ], [ 24.4748254, 37.974014499999988 ], [ 24.5008071, 37.9550874 ], [ 24.5274398, 37.974014499999988 ], [ 24.5586381, 38.0118914 ], [ 24.5618448, 38.1365032 ], [ 24.3563803, 38.1660395 ], [ 24.2670469, 38.222914599999989 ], [ 24.1969008, 38.3923674 ], [ 24.2033367, 38.5261509 ], [ 24.0982773, 38.6592635 ], [ 23.8624591, 38.6799024 ], [ 23.6745294, 38.7479404 ], [ 23.5669312, 38.7868953 ], [ 23.4724596, 38.848076 ], [ 23.402941, 38.9576757 ], [ 23.2999618, 39.0251899 ], [ 23.1308394, 38.997603 ], [ 22.8924754, 38.8704818 ], [ 22.9203193, 38.8433487 ], [ 23.0267993, 38.8674945 ], [ 23.2000999, 38.8244275 ], [ 23.5739969, 38.5762361 ], [ 23.6105812, 38.5271545 ], [ 23.5726719, 38.4856082 ], [ 23.328289, 38.5012205 ], [ 23.3580019, 38.5262114 ], [ 23.3183654, 38.5698225 ], [ 23.3192408, 38.6300944 ], [ 23.2008597, 38.670131 ], [ 23.1022423, 38.6499755 ], [ 23.0347793, 38.7463296 ], [ 22.774327, 38.7886869 ], [ 22.5757326, 38.8668557 ], [ 22.6141471, 38.8940932 ], [ 22.774327, 38.8809101 ], [ 22.9725587, 38.9494774 ], [ 23.0170195, 39.0031658 ], [ 22.9221837, 38.9739608 ], [ 22.774327, 39.0165492 ], [ 22.7035649, 39.0369315 ], [ 22.6689636, 39.0468979 ] ] ], [ [ [ 24.2520076, 38.0353951 ], [ 24.2268635, 37.9845336 ], [ 24.2797722, 37.978055399999988 ], [ 24.2751624, 38.031022899999989 ], [ 24.2520076, 38.0353951 ] ] ] ] } },
{ "type": "Feature", "properties": { "region": "EL65", "SampSize": 121.0, "F1_wgt_F1_wgt_Direct": 0.47229065452217872, "F1_wgt_F1_wgt_SD": 0.055703916657128469, "F1_wgt_F1_wgt_CV": 11.794414334428168, "F2_wgt_Direct": 0.454926233699669, "F2_wgt_SD": 0.052303354583865952, "F2_wgt_CV": 11.497106719590793, "F3_wgt_Direct": 0.4707469685757712, "F3_wgt_SD": 0.055390556209764817, "F3_wgt_CV": 11.7665242491836, "F4_wgt_Direct": 0.37758419485217953, "F4_wgt_SD": 0.045926394635806188, "F4_wgt_CV": 12.16321955790176, "F5_wgt_Direct": 0.42662047329697944, "F5_wgt_SD": 0.051835100664623587, "F5_wgt_CV": 12.150167164748348 }, "geometry": { "type": "MultiPolygon", "coordinates": [ [ [ [ 22.3729725, 38.1422235 ], [ 22.3585876, 38.0264689 ], [ 22.3165848, 37.9967268 ], [ 22.2535781, 37.9521118 ], [ 22.2467719, 37.9188097 ], [ 22.232545, 37.8811715 ], [ 22.264305, 37.839156 ], [ 22.0398041, 37.7878762 ], [ 21.926921, 37.8222309 ], [ 21.8897415, 37.8658945 ], [ 21.7996851, 37.7940132 ], [ 21.7974392, 37.6052734 ], [ 21.8803389, 37.5932731 ], [ 21.9320079, 37.5524405 ], [ 21.9820897, 37.512862299999988 ], [ 21.9655925, 37.4834485 ], [ 21.9016611, 37.4568678 ], [ 21.8769869, 37.3996857 ], [ 21.680233, 37.377434 ], [ 21.6845793, 37.3022277 ], [ 21.5827081, 37.1813633 ], [ 21.5806096, 37.1617041 ], [ 21.5747574, 37.1068788 ], [ 21.6743655, 36.965060099999988 ], [ 21.6908288, 36.9416203 ], [ 21.6992524, 36.7580454 ], [ 21.7615881, 36.8052686 ], [ 21.9065603, 36.7479912 ], [ 21.9458249, 36.7932261 ], [ 21.9278448, 36.8767131 ], [ 21.9454983, 36.9650601 ], [ 21.9573338, 36.9830293 ], [ 22.0423448, 37.0186142 ], [ 22.1147921, 37.0143613 ], [ 22.1320206, 36.9650601 ], [ 22.144465, 36.9208345 ], [ 22.2463013, 36.8631802 ], [ 22.3565365, 36.686724 ], [ 22.37306, 36.4946114 ], [ 22.475749, 36.4161126 ], [ 22.4969697, 36.4619795 ], [ 22.4856827, 36.5776035 ], [ 22.5693498, 36.7556533 ], [ 22.7035649, 36.8036041 ], [ 22.774327, 36.7833737 ], [ 22.8158673, 36.6910048 ], [ 22.9635972, 36.5108125 ], [ 23.1027659, 36.4501084 ], [ 23.1630059, 36.4513535 ], [ 23.0461137, 36.6450909 ], [ 23.0757322, 36.8105723 ], [ 23.0139389, 36.9650601 ], [ 22.9808025, 37.0479035 ], [ 22.9103075, 37.1617041 ], [ 22.7715997, 37.3894608 ], [ 22.7522379, 37.5558785 ], [ 22.9375625, 37.5176202 ], [ 23.0676722, 37.4581746 ], [ 23.0903468, 37.3635523 ], [ 23.1522192, 37.3150589 ], [ 23.2825957, 37.3930486 ], [ 23.4244195, 37.411701 ], [ 23.4408877, 37.4578596 ], [ 23.32975, 37.470002799999989 ], [ 23.1797523, 37.5328218 ], [ 23.1860919, 37.5524405 ], [ 23.2003785, 37.596653 ], [ 23.1648245, 37.6276015 ], [ 23.1630656, 37.7126302 ], [ 23.1200315, 37.729985 ], [ 23.1589913, 37.8040928 ], [ 23.0246735, 37.8561 ], [ 23.0139419, 37.9020822 ], [ 23.1796995, 37.95159 ], [ 23.1521444, 37.9740145 ], [ 23.1242357, 37.9967268 ], [ 23.117532, 38.060646 ], [ 22.9130227, 38.0548371 ], [ 22.8960548, 38.0239314 ], [ 22.9493447, 37.9670102 ], [ 22.867365, 37.9455105 ], [ 22.633543, 38.0745168 ], [ 22.3729725, 38.1422235 ] ] ], [ [ [ 21.7610045, 36.7659721 ], [ 21.7283349, 36.7649428 ], [ 21.7545132, 36.7112234 ], [ 21.7787455, 36.7109731 ], [ 21.7844331, 36.7454579 ], [ 21.7610045, 36.7659721 ] ] ] ] } },
{ "type": "Feature", "properties": { "region": "ES11", "SampSize": 134.0, "F1_wgt_F1_wgt_Direct": 0.48504394964312103, "F1_wgt_F1_wgt_SD": 0.044019746342549668, "F1_wgt_F1_wgt_CV": 9.0754139650516041, "F2_wgt_Direct": 0.50303159041002266, "F2_wgt_SD": 0.045811327332295461, "F2_wgt_CV": 9.1070477889777237, "F3_wgt_Direct": 0.46657650137319234, "F3_wgt_SD": 0.042531365811753132, "F3_wgt_CV": 9.1156253447351201, "F4_wgt_Direct": 0.38034406953525129, "F4_wgt_SD": 0.03665448119198822, "F4_wgt_CV": 9.6371901464841923, "F5_wgt_Direct": 0.41632732367045344, "F5_wgt_SD": 0.038751987888244958, "F5_wgt_CV": 9.3080577913063767 }, "geometry": { "type": "MultiPolygon", "coordinates": [ [ [ [ -7.917087, 43.750557 ], [ -8.0281169, 43.7089909 ], [ -8.2045765, 43.5949398 ], [ -8.2738027, 43.5501968 ], [ -8.3047641, 43.4704938 ], [ -8.2259978, 43.407526 ], [ -8.2251924, 43.3483705 ], [ -8.3110806, 43.3908738 ], [ -8.3682642, 43.3537899 ], [ -8.4435872, 43.3671882 ], [ -8.6801367, 43.2980836 ], [ -8.8608834, 43.3208705 ], [ -8.9721856, 43.2785171 ], [ -8.9679222, 43.2260727 ], [ -9.1729046, 43.1727484 ], [ -9.1830608, 43.1320849 ], [ -9.1893458, 43.1069206 ], [ -9.2645714, 43.0481121 ], [ -9.2830976, 42.9457394 ], [ -9.1499829, 42.9012416 ], [ -9.1298953, 42.8478975 ], [ -9.1096841, 42.794225 ], [ -9.098206, 42.763744 ], [ -8.9539058, 42.7746058 ], [ -9.0614858, 42.6129315 ], [ -9.0342527, 42.540272 ], [ -8.7267495, 42.6882515 ], [ -8.8396103, 42.4958179 ], [ -8.8877886, 42.4593211 ], [ -8.8362517, 42.4096856 ], [ -8.7536858, 42.3920449 ], [ -8.82427, 42.2900343 ], [ -8.7377266, 42.2465047 ], [ -8.8746116, 42.0876364 ], [ -8.863186, 41.8720665 ], [ -8.6255711, 42.0453916 ], [ -8.3540405, 42.0840172 ], [ -8.1990005, 42.154419 ], [ -8.1794846, 42.078938 ], [ -8.1130852, 42.0730203 ], [ -8.089049, 42.0392411 ], [ -8.2074005, 41.9194941 ], [ -8.1650755, 41.818302 ], [ -8.0518625, 41.820614 ], [ -7.898435, 41.9193541 ], [ -7.879459, 41.8604216 ], [ -7.7071471, 41.90292 ], [ -7.6157201, 41.8749665 ], [ -7.5991673, 41.834857899999989 ], [ -7.46925, 41.8627833 ], [ -7.4181584, 41.8181454 ], [ -7.2004645, 41.8797495 ], [ -7.1613635, 41.9807696 ], [ -7.047392, 41.9512983 ], [ -6.9858005, 41.971447 ], [ -6.9698176, 42.036586799999988 ], [ -7.0197743, 42.0751417 ], [ -6.9292965, 42.1760618 ], [ -6.784308, 42.2536085 ], [ -6.7366344, 42.341726 ], [ -6.8242306, 42.3927945 ], [ -6.8228005, 42.4234773 ], [ -6.8374622, 42.4880095 ], [ -6.9301408, 42.5161205 ], [ -7.076834, 42.508124 ], [ -7.023177, 42.6946398 ], [ -6.8758015, 42.794225 ], [ -6.8528575, 42.8478975 ], [ -6.824167, 42.9150125 ], [ -6.8679071, 42.9760461 ], [ -6.9743152, 43.023660899999989 ], [ -6.8419348, 43.132084899999988 ], [ -6.842215, 43.1601043 ], [ -6.9537564, 43.1454378 ], [ -7.1717144, 43.396297 ], [ -7.1654567, 43.4227085 ], [ -7.067309, 43.4704938 ], [ -7.031837, 43.5444715 ], [ -7.2571432, 43.5772221 ], [ -7.2774725, 43.5949398 ], [ -7.3616086, 43.6682675 ], [ -7.4857694, 43.7222948 ], [ -7.5468408, 43.7245032 ], [ -7.5997701, 43.684384 ], [ -7.6327396, 43.737595 ], [ -7.6997365, 43.735115 ], [ -7.8603006, 43.6904674 ], [ -7.8823845, 43.7408745 ], [ -7.917087, 43.750557 ] ] ] ] } },
{ "type": "Feature", "properties": { "region": "ES12", "SampSize": 14.0, "F1_wgt_F1_wgt_Direct": 0.55945705354828335, "F1_wgt_F1_wgt_SD": 0.1535082041814782, "F1_wgt_F1_wgt_CV": 27.438782513844888, "F2_wgt_Direct": 0.47120967236916234, "F2_wgt_SD": 0.12974929095966389, "F2_wgt_CV": 27.535362401901988, "F3_wgt_Direct": 0.45646860405674905, "F3_wgt_SD": 0.12722742967066047, "F3_wgt_CV": 27.872109612788027, "F4_wgt_Direct": 0.37568738074662489, "F4_wgt_SD": 0.10490061717696794, "F4_wgt_CV": 27.922315880957452, "F5_wgt_Direct": 0.44099419261878869, "F5_wgt_SD": 0.12394320155693746, "F5_wgt_CV": 28.105404477305314 }, "geometry": { "type": "MultiPolygon", "coordinates": [ [ [ [ -5.1475942, 43.4704938 ], [ -5.2098641, 43.4780696 ], [ -5.3219215, 43.5348038 ], [ -5.6681401, 43.548923699999989 ], [ -5.7500497, 43.5949398 ], [ -5.8450361, 43.6483023 ], [ -5.9365723, 43.5949398 ], [ -5.9529437, 43.5853958 ], [ -6.1130927, 43.5582809 ], [ -6.2414074, 43.5854996 ], [ -6.3694909, 43.552055 ], [ -6.9266256, 43.5721466 ], [ -7.031837, 43.5444715 ], [ -7.067309, 43.4704938 ], [ -7.1654567, 43.4227085 ], [ -7.1717144, 43.396297 ], [ -6.9537564, 43.1454378 ], [ -6.842215, 43.1601043 ], [ -6.8419348, 43.132084899999988 ], [ -6.9743152, 43.023660899999989 ], [ -6.8679071, 42.9760461 ], [ -6.824167, 42.9150125 ], [ -6.7878084, 42.9012416 ], [ -6.760326, 42.8908326 ], [ -6.6918752, 42.9012416 ], [ -6.4564489, 42.9370418 ], [ -6.3666496, 43.0509364 ], [ -6.2398382, 43.0188229 ], [ -6.1976405, 43.0445957 ], [ -6.1169945, 43.0282959 ], [ -6.0738751, 43.0679069 ], [ -5.986733, 43.0590462 ], [ -5.8191832, 42.9672017 ], [ -5.7715434, 42.9761259 ], [ -5.7004535, 43.0502381 ], [ -5.5215498, 43.0205189 ], [ -5.3681304, 43.0872281 ], [ -5.3219215, 43.0795334 ], [ -5.1103316, 43.1093887 ], [ -5.0962232, 43.132084899999988 ], [ -5.0695883, 43.1749327 ], [ -4.9140936, 43.2317075 ], [ -4.8410385, 43.1807095 ], [ -4.7421358, 43.1947339 ], [ -4.6942436, 43.2637667 ], [ -4.5291154, 43.2890828 ], [ -4.512301, 43.393204 ], [ -5.1475942, 43.4704938 ] ] ] ] } },
{ "type": "Feature", "properties": { "region": "ES13", "SampSize": 29.0, "F1_wgt_F1_wgt_Direct": 0.47338358618268722, "F1_wgt_F1_wgt_SD": 0.091784434913456475, "F1_wgt_F1_wgt_CV": 19.389019305378969, "F2_wgt_Direct": 0.477385822343528, "F2_wgt_SD": 0.093228828252446577, "F2_wgt_CV": 19.529031632061937, "F3_wgt_Direct": 0.4755668586551175, "F3_wgt_SD": 0.093004077523870562, "F3_wgt_CV": 19.556467367570999, "F4_wgt_Direct": 0.41014436789900499, "F4_wgt_SD": 0.084326480390471942, "F4_wgt_CV": 20.560194651078746, "F5_wgt_Direct": 0.42478640366860554, "F5_wgt_SD": 0.084735664845293573, "F5_wgt_CV": 19.947828864927505 }, "geometry": { "type": "MultiPolygon", "coordinates": [ [ [ [ -3.7812432, 43.4363123 ], [ -3.8356233, 43.4773593 ], [ -4.190437, 43.4035736 ], [ -4.512301, 43.393204 ], [ -4.5291154, 43.2890828 ], [ -4.6942436, 43.2637667 ], [ -4.7421358, 43.1947339 ], [ -4.8410385, 43.1807095 ], [ -4.8391926, 43.132084899999988 ], [ -4.8385097, 43.1140952 ], [ -4.754713, 43.0628337 ], [ -4.737023, 43.0209235 ], [ -4.4155511, 43.0327335 ], [ -4.2677291, 42.9556525 ], [ -4.2130271, 42.874771 ], [ -4.1527018, 42.8478975 ], [ -4.1514878, 42.8023053 ], [ -4.0873875, 42.8341264 ], [ -4.0840791, 42.794225 ], [ -4.081359, 42.7614175 ], [ -4.04593, 42.766567 ], [ -4.0311269, 42.794225 ], [ -4.0304235, 42.8004439 ], [ -4.0179452, 42.8087222 ], [ -4.0176985, 42.8218812 ], [ -4.0074214, 42.8297862 ], [ -4.001395, 42.8250087 ], [ -3.9967849, 42.797264 ], [ -3.9970944, 42.794225 ], [ -3.99967, 42.7689325 ], [ -3.8983744, 42.794225 ], [ -3.8387037, 42.8091241 ], [ -3.8513132, 42.8478975 ], [ -3.8686613, 42.9012416 ], [ -3.8468113, 42.9184622 ], [ -3.8548745, 42.9396842 ], [ -3.9407806, 42.9125218 ], [ -3.9814961, 42.9342944 ], [ -3.9471732, 42.9975283 ], [ -3.832487, 43.0712687 ], [ -3.7449501, 43.0938408 ], [ -3.6985114, 43.132084899999988 ], [ -3.6516645, 43.1706652 ], [ -3.4176815, 43.1333695 ], [ -3.4352334, 43.2363658 ], [ -3.3225918, 43.2956151 ], [ -3.1840657, 43.2932187 ], [ -3.169745, 43.3211833 ], [ -3.153338, 43.353222 ], [ -3.2590407, 43.3979752 ], [ -3.4077589, 43.4206378 ], [ -3.5782225, 43.5020396 ], [ -3.7812432, 43.4363123 ] ] ], [ [ [ -3.3050977, 43.2524694 ], [ -3.2969938, 43.2066594 ], [ -3.2662866, 43.2056224 ], [ -3.2488218, 43.2599591 ], [ -3.3050977, 43.2524694 ] ] ] ] } },
{ "type": "Feature", "properties": { "region": "ES21", "SampSize": 82.0, "F1_wgt_F1_wgt_Direct": 0.53367455461713242, "F1_wgt_F1_wgt_SD": 0.060796690755009007, "F1_wgt_F1_wgt_CV": 11.392090971739441, "F2_wgt_Direct": 0.52510355613336612, "F2_wgt_SD": 0.060038795750788049, "F2_wgt_CV": 11.433705799459366, "F3_wgt_Direct": 0.51618623805324126, "F3_wgt_SD": 0.059414177427291041, "F3_wgt_CV": 11.510221127042689, "F4_wgt_Direct": 0.45015900088582239, "F4_wgt_SD": 0.054033186285427699, "F4_wgt_CV": 12.003133599261874, "F5_wgt_Direct": 0.4869275660430567, "F5_wgt_SD": 0.057390747574076403, "F5_wgt_CV": 11.786300792221242 }, "geometry": { "type": "MultiPolygon", "coordinates": [ [ [ [ -2.9435293, 43.4286558 ], [ -3.0246046, 43.3759558 ], [ -3.0273876, 43.3325392 ], [ -3.153338, 43.353222 ], [ -3.169745, 43.3211833 ], [ -3.1840657, 43.2932187 ], [ -3.3225918, 43.2956151 ], [ -3.4352334, 43.2363658 ], [ -3.4176815, 43.1333695 ], [ -3.2639945, 43.1915159 ], [ -3.169745, 43.168428 ], [ -3.141396, 43.161483499999989 ], [ -3.1636987, 43.1320849 ], [ -3.1486031, 43.033532 ], [ -3.0890235, 43.001583 ], [ -3.0369895, 42.9821855 ], [ -3.003851, 42.9398321 ], [ -3.0302648, 42.9135042 ], [ -3.169745, 42.93307 ], [ -3.2009612, 42.9374489 ], [ -3.230802, 42.920099 ], [ -3.2351717, 42.8623599 ], [ -3.169745, 42.8528488 ], [ -3.1356847, 42.8478975 ], [ -3.1293057, 42.794225 ], [ -3.1264608, 42.7702876 ], [ -2.9445003, 42.7104301 ], [ -2.8581175, 42.6381685 ], [ -2.82132, 42.5650017 ], [ -2.7556505, 42.614366 ], [ -2.6982908, 42.5985251 ], [ -2.686849, 42.5254591 ], [ -2.6499652, 42.4925469 ], [ -2.420719, 42.4892695 ], [ -2.4084957, 42.5774042 ], [ -2.458517, 42.5825482 ], [ -2.4675872, 42.6078763 ], [ -2.4222976, 42.6483687 ], [ -2.3111777, 42.6626392 ], [ -2.3071363, 42.7293296 ], [ -2.2730549, 42.794225 ], [ -2.2448674, 42.8478975 ], [ -2.250807, 42.895691 ], [ -2.0741755, 42.9780153 ], [ -2.0126581, 43.0629177 ], [ -1.9152987, 43.1320849 ], [ -1.9020533, 43.2039332 ], [ -1.8312438, 43.2416201 ], [ -1.728903, 43.296089 ], [ -1.785978, 43.350479 ], [ -1.8312438, 43.3757009 ], [ -2.0337727, 43.3253246 ], [ -2.1657022, 43.2925089 ], [ -2.412847, 43.321083 ], [ -2.7609946, 43.447558 ], [ -2.9435293, 43.4286558 ] ], [ [ -2.7838222, 42.6990071 ], [ -2.8243544, 42.7089358 ], [ -2.855136, 42.7419727 ], [ -2.8350234, 42.794225 ], [ -2.7695113, 42.794225 ], [ -2.7316103, 42.7933692 ], [ -2.6434678, 42.765038 ], [ -2.6028638, 42.770225 ], [ -2.5641635, 42.7394441 ], [ -2.6071026, 42.6959877 ], [ -2.5791499, 42.6705789 ], [ -2.524151, 42.6841701 ], [ -2.5187971, 42.6476671 ], [ -2.5502651, 42.638846 ], [ -2.5847675, 42.6515058 ], [ -2.6383002, 42.6501234 ], [ -2.658285, 42.6721074 ], [ -2.7171818, 42.6628726 ], [ -2.7673279, 42.6662951 ], [ -2.7838222, 42.6990071 ] ], [ [ -3.3050977, 43.2524694 ], [ -3.2488218, 43.2599591 ], [ -3.2662866, 43.2056224 ], [ -3.2969938, 43.2066594 ], [ -3.3050977, 43.2524694 ] ] ] ] } },
{ "type": "Feature", "properties": { "region": "ES22", "SampSize": 42.0, "F1_wgt_F1_wgt_Direct": 0.49284676503628222, "F1_wgt_F1_wgt_SD": 0.080651394480019206, "F1_wgt_F1_wgt_CV": 16.364395629964587, "F2_wgt_Direct": 0.50834793193037642, "F2_wgt_SD": 0.082290615737416833, "F2_wgt_CV": 16.187852958293806, "F3_wgt_Direct": 0.49680356098505118, "F3_wgt_SD": 0.0814521437144443, "F3_wgt_CV": 16.395241522211069, "F4_wgt_Direct": 0.37826311301088239, "F4_wgt_SD": 0.065024291446978716, "F4_wgt_CV": 17.190227968410973, "F5_wgt_Direct": 0.41746296280329909, "F5_wgt_SD": 0.069324817716635095, "F5_wgt_CV": 16.606219926939886 }, "geometry": { "type": "MultiPolygon", "coordinates": [ [ [ [ -1.728903, 43.296089 ], [ -1.8312438, 43.2416201 ], [ -1.9020533, 43.2039332 ], [ -1.9152987, 43.1320849 ], [ -2.0126581, 43.0629177 ], [ -2.0741755, 42.9780153 ], [ -2.250807, 42.895691 ], [ -2.2448674, 42.8478975 ], [ -2.2730549, 42.794225 ], [ -2.3071363, 42.7293296 ], [ -2.3111777, 42.6626392 ], [ -2.4222976, 42.6483687 ], [ -2.4675872, 42.6078763 ], [ -2.458517, 42.5825482 ], [ -2.4084957, 42.5774042 ], [ -2.420719, 42.4892695 ], [ -2.1253147, 42.4081594 ], [ -2.0664107, 42.3527798 ], [ -2.0337727, 42.3550206 ], [ -1.9889381, 42.3580987 ], [ -1.8312438, 42.2436358 ], [ -1.7236799, 42.201728 ], [ -1.703921, 42.1677893 ], [ -1.8312438, 42.1376855 ], [ -1.8871257, 42.0871006 ], [ -1.8945408, 42.0356329 ], [ -1.8471835, 42.007988 ], [ -1.5326677, 41.915529 ], [ -1.4067934, 41.9321816 ], [ -1.3209319, 42.0479643 ], [ -1.3890857, 42.1348003 ], [ -1.4034926, 42.2330982 ], [ -1.3241102, 42.408159399999988 ], [ -1.2732061, 42.5204177 ], [ -1.1528899, 42.625478 ], [ -0.9010805, 42.742691 ], [ -0.8695561, 42.794225 ], [ -0.8079577, 42.8949218 ], [ -0.724501, 42.9201585 ], [ -0.7711328, 42.9578855 ], [ -0.9492364, 42.9621971 ], [ -1.22553, 43.0407765 ], [ -1.3072626, 43.0942194 ], [ -1.3643561, 43.0423748 ], [ -1.4197004, 43.04686 ], [ -1.4529085, 43.0841396 ], [ -1.4265918, 43.132084899999988 ], [ -1.3919844, 43.1951346 ], [ -1.4022095, 43.2517754 ], [ -1.5131682, 43.2859724 ], [ -1.5935532, 43.2652986 ], [ -1.6598924, 43.3075704 ], [ -1.728903, 43.296089 ] ] ], [ [ [ -1.1029133, 42.4851829 ], [ -1.1325392, 42.446012499999988 ], [ -1.055674, 42.432668 ], [ -1.0679892, 42.4670681 ], [ -1.1029133, 42.4851829 ] ] ], [ [ [ -1.1361462, 42.4367567 ], [ -1.2037737, 42.4311137 ], [ -1.1859342, 42.3935129 ], [ -1.1457267, 42.4004903 ], [ -1.1361462, 42.4367567 ] ] ] ] } },
{ "type": "Feature", "properties": { "region": "ES23", "SampSize": 7.0, "F1_wgt_F1_wgt_Direct": 0.56412661431400279, "F1_wgt_F1_wgt_SD": 0.23675027648510008, "F1_wgt_F1_wgt_CV": 41.967577929822809, "F2_wgt_Direct": 0.65083995552460239, "F2_wgt_SD": 0.27125006788320333, "F2_wgt_CV": 41.676923117691075, "F3_wgt_Direct": 0.51412144517961267, "F3_wgt_SD": 0.22947076116228576, "F3_wgt_CV": 44.633571175409379, "F4_wgt_Direct": 0.41837052756147008, "F4_wgt_SD": 0.1894201066399451, "F4_wgt_CV": 45.275681282810744, "F5_wgt_Direct": 0.4815758481953189, "F5_wgt_SD": 0.22201501097199056, "F5_wgt_CV": 46.101774373440989 }, "geometry": { "type": "MultiPolygon", "coordinates": [ [ [ [ -2.6499652, 42.4925469 ], [ -2.686849, 42.5254591 ], [ -2.6982908, 42.5985251 ], [ -2.7556505, 42.614366 ], [ -2.82132, 42.5650017 ], [ -2.8581175, 42.6381685 ], [ -3.0549477, 42.6187934 ], [ -3.0981795, 42.5513504 ], [ -3.083331, 42.4602819 ], [ -3.1066506, 42.4081594 ], [ -3.0736467, 42.3678571 ], [ -3.1035232, 42.3177066 ], [ -3.1121544, 42.1947188 ], [ -3.0390057, 42.103457399999989 ], [ -2.9465046, 42.0757355 ], [ -2.9136375, 42.0228385 ], [ -2.8200262, 42.0380074 ], [ -2.7507533, 42.1217914 ], [ -2.7168307, 42.090508299999989 ], [ -2.7421718, 42.0163147 ], [ -2.587783, 42.0024227 ], [ -2.5062015, 42.1070173 ], [ -2.3244181, 42.1422364 ], [ -2.260459, 42.0966464 ], [ -2.1449961, 42.0955742 ], [ -2.0950949, 41.9595845 ], [ -2.0337727, 41.9427406 ], [ -1.964773, 41.9237879 ], [ -1.8565395, 41.9663885 ], [ -1.8471835, 42.007988 ], [ -1.8945408, 42.0356329 ], [ -1.8871257, 42.0871006 ], [ -1.8312438, 42.1376855 ], [ -1.703921, 42.1677893 ], [ -1.7236799, 42.201728 ], [ -1.8312438, 42.2436358 ], [ -1.9889381, 42.3580987 ], [ -2.0337727, 42.3550206 ], [ -2.0664107, 42.3527798 ], [ -2.1253147, 42.4081594 ], [ -2.420719, 42.4892695 ], [ -2.6499652, 42.4925469 ] ] ] ] } },
{ "type": "Feature", "properties": { "region": "ES24", "SampSize": 45.0, "F1_wgt_F1_wgt_Direct": 0.4727891310685069, "F1_wgt_F1_wgt_SD": 0.072605555741893313, "F1_wgt_F1_wgt_CV": 15.356858051665492, "F2_wgt_Direct": 0.49027052133265175, "F2_wgt_SD": 0.075366880364248851, "F2_wgt_CV": 15.372509070989388, "F3_wgt_Direct": 0.45612880924682414, "F3_wgt_SD": 0.071500142941809758, "F3_wgt_CV": 15.675427969540731, "F4_wgt_Direct": 0.39847570475266497, "F4_wgt_SD": 0.06681780990422452, "F4_wgt_CV": 16.76835227525315, "F5_wgt_Direct": 0.42848654489104482, "F5_wgt_SD": 0.06931316416569086, "F5_wgt_CV": 16.176275542868158 }, "geometry": { "type": "MultiPolygon", "coordinates": [ [ [ [ -0.8079577, 42.8949218 ], [ -0.8695561, 42.794225 ], [ -0.9010805, 42.742691 ], [ -1.1528899, 42.625478 ], [ -1.2732061, 42.5204177 ], [ -1.3241102, 42.408159399999988 ], [ -1.4034926, 42.2330982 ], [ -1.3890857, 42.1348003 ], [ -1.3209319, 42.0479643 ], [ -1.4067934, 41.9321816 ], [ -1.5326677, 41.915529 ], [ -1.8471835, 42.007988 ], [ -1.8565395, 41.9663885 ], [ -1.8312438, 41.8554921 ], [ -1.796848, 41.704701 ], [ -1.8312438, 41.6830759 ], [ -1.9746944, 41.5928866 ], [ -1.9665364, 41.4235902 ], [ -2.0337727, 41.3967576 ], [ -2.1010585, 41.4367349 ], [ -2.166165, 41.329020799999988 ], [ -2.1451914, 41.1966007 ], [ -2.05169, 41.146858 ], [ -2.0337727, 41.1503044 ], [ -1.9601035, 41.1644746 ], [ -1.8312438, 41.0832506 ], [ -1.6731352, 40.9835903 ], [ -1.6174335, 40.943741 ], [ -1.6118539, 40.8788894 ], [ -1.5452819, 40.8024824 ], [ -1.5416569, 40.663253 ], [ -1.5774253, 40.5760753 ], [ -1.6731352, 40.590671 ], [ -1.7020766, 40.4885393 ], [ -1.806344, 40.398247 ], [ -1.7059436, 40.298206199999989 ], [ -1.6731352, 40.2985547 ], [ -1.5519627, 40.2024238 ], [ -1.4494912, 40.189357 ], [ -1.4488315, 40.1453585 ], [ -1.3496067, 40.1350197 ], [ -1.2935013, 40.1884965 ], [ -1.2377642, 40.1215559 ], [ -1.1475786, 40.1098395 ], [ -1.0910225, 40.0713946 ], [ -1.0958768, 40.0364323 ], [ -1.165154, 40.010109 ], [ -1.1423615, 39.9718555 ], [ -0.9864982, 39.9771156 ], [ -0.9150434, 39.9408515 ], [ -0.8869397, 39.8600532 ], [ -0.797643, 39.8810765 ], [ -0.8377174, 39.9300108 ], [ -0.8291674, 39.9748857 ], [ -0.754865, 40.0378068 ], [ -0.6400166, 40.0714168 ], [ -0.5432666, 40.2391834 ], [ -0.4142379, 40.2516197 ], [ -0.2904182, 40.3719305 ], [ -0.335502, 40.4400885 ], [ -0.2836355, 40.4780954 ], [ -0.2947097, 40.5937693 ], [ -0.3611048, 40.6173109 ], [ -0.3606517, 40.6683758 ], [ -0.2548964, 40.684469 ], [ -0.1762955, 40.7837497 ], [ 0.0453276, 40.6998265 ], [ 0.0969197, 40.713401 ], [ 0.1707895, 40.732837 ], [ 0.2673792, 40.8236132 ], [ 0.2538195, 40.8978129 ], [ 0.2833338, 40.9791973 ], [ 0.2204095, 41.07143 ], [ 0.2228022, 41.1274408 ], [ 0.2966838, 41.1705551 ], [ 0.385724, 41.2788395 ], [ 0.3359485, 41.4074325 ], [ 0.3554544, 41.4806097 ], [ 0.4400432, 41.5523463 ], [ 0.4217932, 41.595234 ], [ 0.3579601, 41.6070703 ], [ 0.3343656, 41.679509 ], [ 0.596491, 41.8738297 ], [ 0.5995948, 41.9133648 ], [ 0.5624576, 41.9379874 ], [ 0.6540693, 42.0143851 ], [ 0.7359804, 42.2747749 ], [ 0.7413142, 42.3811211 ], [ 0.7293124, 42.4081594 ], [ 0.7056596, 42.4614457 ], [ 0.7519918, 42.5992982 ], [ 0.660127, 42.6909525 ], [ 0.4777555, 42.70002 ], [ 0.3604035, 42.7169123 ], [ 0.2948041, 42.6835344 ], [ 0.1781179, 42.7327141 ], [ 0.0969197, 42.7157385 ], [ -0.0297668, 42.6892529 ], [ -0.2156833, 42.794225 ], [ -0.313342, 42.849365 ], [ -0.4039664, 42.8058157 ], [ -0.5541504, 42.7966036 ], [ -0.724501, 42.9201585 ], [ -0.8079577, 42.8949218 ] ], [ [ -1.1029133, 42.4851829 ], [ -1.0679892, 42.4670681 ], [ -1.055674, 42.432668 ], [ -1.1325392, 42.446012499999988 ], [ -1.1029133, 42.4851829 ] ], [ [ -1.1859342, 42.3935129 ], [ -1.2037737, 42.4311137 ], [ -1.1361462, 42.4367567 ], [ -1.1457267, 42.4004903 ], [ -1.1859342, 42.3935129 ] ] ] ] } },
{ "type": "Feature", "properties": { "region": "ES30", "SampSize": 253.0, "F1_wgt_F1_wgt_Direct": 0.50105617654065171, "F1_wgt_F1_wgt_SD": 0.032583900775643597, "F1_wgt_F1_wgt_CV": 6.5030434312987673, "F2_wgt_Direct": 0.50913941342066971, "F2_wgt_SD": 0.033217197426854209, "F2_wgt_CV": 6.5241850368022769, "F3_wgt_Direct": 0.4879580382626087, "F3_wgt_SD": 0.031874033159196, "F3_wgt_CV": 6.5321258509614033, "F4_wgt_Direct": 0.40531392746295619, "F4_wgt_SD": 0.027702670680662692, "F4_wgt_CV": 6.8348676923258678, "F5_wgt_Direct": 0.44957511346992729, "F5_wgt_SD": 0.030260661651334269, "F5_wgt_CV": 6.7309467861277534 }, "geometry": { "type": "MultiPolygon", "coordinates": [ [ [ [ -3.169745, 40.4306789 ], [ -3.1928595, 40.4505381 ], [ -3.2073801, 40.5128572 ], [ -3.2817181, 40.550434 ], [ -3.3775108, 40.6695327 ], [ -3.4560188, 40.6911298 ], [ -3.4784711, 40.8244622 ], [ -3.4033591, 40.9993929 ], [ -3.4386552, 41.080018 ], [ -3.539573, 41.1649935 ], [ -3.6138563, 41.1458671 ], [ -3.7850344, 41.0038462 ], [ -3.8993468, 40.9582838 ], [ -3.9791229, 40.7949289 ], [ -4.0739871, 40.7839054 ], [ -4.1602935, 40.6898535 ], [ -4.1734165, 40.6232127 ], [ -4.2704981, 40.5978333 ], [ -4.3150344, 40.5469015 ], [ -4.3387884, 40.4221362 ], [ -4.4245838, 40.398596 ], [ -4.4617676, 40.3248199 ], [ -4.5381968, 40.3306246 ], [ -4.579076, 40.217196 ], [ -4.4618634, 40.235969 ], [ -4.3762712, 40.2989106 ], [ -4.309693, 40.2356853 ], [ -4.1863784, 40.2795361 ], [ -3.6318502, 40.1081352 ], [ -3.6532358, 40.0389039 ], [ -3.8493424, 39.9313237 ], [ -3.8233511, 39.8999963 ], [ -3.5084175, 40.0347714 ], [ -3.3452066, 40.0699219 ], [ -3.1614195, 40.064897 ], [ -3.0683217, 40.0929204 ], [ -3.067689, 40.157885 ], [ -3.1071734, 40.272548 ], [ -3.169745, 40.2572604 ], [ -3.1872552, 40.2529823 ], [ -3.169745, 40.3066124 ], [ -3.1381112, 40.4035001 ], [ -3.169745, 40.4306789 ] ] ], [ [ [ -4.274165, 40.6770895 ], [ -4.2882312, 40.6806057 ], [ -4.3146822, 40.6671994 ], [ -4.3233433, 40.6574229 ], [ -4.319344, 40.6475995 ], [ -4.2691514, 40.6553317 ], [ -4.274165, 40.6770895 ] ] ] ] } },
{ "type": "Feature", "properties": { "region": "ES41", "SampSize": 93.0, "F1_wgt_F1_wgt_Direct": 0.48016338530404656, "F1_wgt_F1_wgt_SD": 0.051599001394431507, "F1_wgt_F1_wgt_CV": 10.746134123025282, "F2_wgt_Direct": 0.50939930224901764, "F2_wgt_SD": 0.054953833597171597, "F2_wgt_CV": 10.787967976113883, "F3_wgt_Direct": 0.4872154561234649, "F3_wgt_SD": 0.053222450652757117, "F3_wgt_CV": 10.92380177677903, "F4_wgt_Direct": 0.38557620488951738, "F4_wgt_SD": 0.04356026956454246, "F4_wgt_CV": 11.297447563452256, "F5_wgt_Direct": 0.41654573451939342, "F5_wgt_SD": 0.04622708707789383, "F5_wgt_CV": 11.097721869899884 }, "geometry": { "type": "MultiPolygon", "coordinates": [ [ [ [ -4.8391926, 43.132084899999988 ], [ -4.8410385, 43.1807095 ], [ -4.9140936, 43.2317075 ], [ -5.0695883, 43.1749327 ], [ -5.0962232, 43.132084899999988 ], [ -5.1103316, 43.1093887 ], [ -5.3219215, 43.0795334 ], [ -5.3681304, 43.0872281 ], [ -5.5215498, 43.0205189 ], [ -5.7004535, 43.0502381 ], [ -5.7715434, 42.9761259 ], [ -5.8191832, 42.9672017 ], [ -5.986733, 43.0590462 ], [ -6.0738751, 43.0679069 ], [ -6.1169945, 43.0282959 ], [ -6.1976405, 43.0445957 ], [ -6.2398382, 43.0188229 ], [ -6.3666496, 43.0509364 ], [ -6.4564489, 42.9370418 ], [ -6.6918752, 42.9012416 ], [ -6.760326, 42.8908326 ], [ -6.7878084, 42.9012416 ], [ -6.824167, 42.9150125 ], [ -6.8528575, 42.8478975 ], [ -6.8758015, 42.794225 ], [ -7.023177, 42.6946398 ], [ -7.076834, 42.508124 ], [ -6.9301408, 42.5161205 ], [ -6.8374622, 42.4880095 ], [ -6.8228005, 42.4234773 ], [ -6.8242306, 42.3927945 ], [ -6.7366344, 42.341726 ], [ -6.784308, 42.2536085 ], [ -6.9292965, 42.1760618 ], [ -7.0197743, 42.0751417 ], [ -6.9698176, 42.036586799999988 ], [ -6.9858005, 41.971447 ], [ -6.903809, 41.9416846 ], [ -6.834535, 41.9486725 ], [ -6.7960267, 41.9868559 ], [ -6.716546, 41.9380214 ], [ -6.5766783, 41.9548003 ], [ -6.5604611, 41.8879366 ], [ -6.5236096, 41.8597017 ], [ -6.5605461, 41.7463826 ], [ -6.5339066, 41.6785926 ], [ -6.324108, 41.6681119 ], [ -6.2039234, 41.5857541 ], [ -6.3252092, 41.3940521 ], [ -6.479713, 41.29438 ], [ -6.689786, 41.2052415 ], [ -6.8094553, 41.0475126 ], [ -6.9299035, 41.0294665 ], [ -6.8082084, 40.8596123 ], [ -6.8259286, 40.7496055 ], [ -6.8007339, 40.6618358 ], [ -6.8376748, 40.5801117 ], [ -6.8012227, 40.5194588 ], [ -6.8428672, 40.4428031 ], [ -6.7890649, 40.3515104 ], [ -6.865144, 40.2706945 ], [ -6.7717383, 40.2421755 ], [ -6.5928593, 40.272624 ], [ -6.5351295, 40.3407172 ], [ -6.2215622, 40.4825062 ], [ -5.9797116, 40.2983476 ], [ -5.924994, 40.2882932 ], [ -5.8109717, 40.3458601 ], [ -5.7842053, 40.2920041 ], [ -5.7376025, 40.294163 ], [ -5.5343021, 40.19882 ], [ -5.3688635, 40.2546947 ], [ -5.3360165, 40.115856 ], [ -5.1690319, 40.0884586 ], [ -5.0369549, 40.1533809 ], [ -4.971657, 40.1230193 ], [ -4.7937872, 40.2675871 ], [ -4.7051689, 40.2736254 ], [ -4.6582029, 40.2074943 ], [ -4.579076, 40.217196 ], [ -4.5381968, 40.3306246 ], [ -4.4617676, 40.3248199 ], [ -4.4245838, 40.398596 ], [ -4.3387884, 40.4221362 ], [ -4.3150344, 40.5469015 ], [ -4.2704981, 40.5978333 ], [ -4.1734165, 40.6232127 ], [ -4.1602935, 40.6898535 ], [ -4.0739871, 40.7839054 ], [ -3.9791229, 40.7949289 ], [ -3.8993468, 40.9582838 ], [ -3.7850344, 41.0038462 ], [ -3.6138563, 41.1458671 ], [ -3.539573, 41.1649935 ], [ -3.3861327, 41.2538089 ], [ -3.2656637, 41.2616726 ], [ -3.207373, 41.304245 ], [ -3.169745, 41.297476499999988 ], [ -3.0610431, 41.2779234 ], [ -2.8965981, 41.322069 ], [ -2.8407568, 41.268605699999988 ], [ -2.7276827, 41.2710955 ], [ -2.6001217, 41.2176884 ], [ -2.577349, 41.1496273 ], [ -2.5218316, 41.1395103 ], [ -2.4248395, 41.0635549 ], [ -2.2940435, 41.0623722 ], [ -2.1311288, 41.1094602 ], [ -2.0685007, 41.0843175 ], [ -2.05169, 41.146858 ], [ -2.1451914, 41.1966007 ], [ -2.166165, 41.329020799999988 ], [ -2.1010585, 41.4367349 ], [ -2.0337727, 41.3967576 ], [ -1.9665364, 41.4235902 ], [ -1.9746944, 41.5928866 ], [ -1.8312438, 41.6830759 ], [ -1.796848, 41.704701 ], [ -1.8312438, 41.8554921 ], [ -1.8565395, 41.9663885 ], [ -1.964773, 41.9237879 ], [ -2.0337727, 41.9427406 ], [ -2.0950949, 41.9595845 ], [ -2.1449961, 42.0955742 ], [ -2.260459, 42.0966464 ], [ -2.3244181, 42.1422364 ], [ -2.5062015, 42.1070173 ], [ -2.587783, 42.0024227 ], [ -2.7421718, 42.0163147 ], [ -2.7168307, 42.090508299999989 ], [ -2.7507533, 42.1217914 ], [ -2.8200262, 42.0380074 ], [ -2.9136375, 42.0228385 ], [ -2.9465046, 42.0757355 ], [ -3.0390057, 42.103457399999989 ], [ -3.1121544, 42.1947188 ], [ -3.1035232, 42.3177066 ], [ -3.0736467, 42.3678571 ], [ -3.1066506, 42.4081594 ], [ -3.083331, 42.4602819 ], [ -3.0981795, 42.5513504 ], [ -3.0549477, 42.6187934 ], [ -2.8581175, 42.6381685 ], [ -2.9445003, 42.7104301 ], [ -3.1264608, 42.7702876 ], [ -3.1293057, 42.794225 ], [ -3.1356847, 42.8478975 ], [ -3.169745, 42.8528488 ], [ -3.2351717, 42.8623599 ], [ -3.230802, 42.920099 ], [ -3.2009612, 42.9374489 ], [ -3.169745, 42.93307 ], [ -3.0302648, 42.9135042 ], [ -3.003851, 42.9398321 ], [ -3.0369895, 42.9821855 ], [ -3.0890235, 43.001583 ], [ -3.1486031, 43.033532 ], [ -3.1636987, 43.1320849 ], [ -3.141396, 43.161483499999989 ], [ -3.169745, 43.168428 ], [ -3.2639945, 43.1915159 ], [ -3.4176815, 43.1333695 ], [ -3.6516645, 43.1706652 ], [ -3.6985114, 43.132084899999988 ], [ -3.7449501, 43.0938408 ], [ -3.832487, 43.0712687 ], [ -3.9471732, 42.9975283 ], [ -3.9814961, 42.9342944 ], [ -3.9407806, 42.9125218 ], [ -3.8548745, 42.9396842 ], [ -3.8468113, 42.9184622 ], [ -3.8686613, 42.9012416 ], [ -3.8513132, 42.8478975 ], [ -3.8387037, 42.8091241 ], [ -3.8983744, 42.794225 ], [ -3.99967, 42.7689325 ], [ -3.9970944, 42.794225 ], [ -3.9967849, 42.797264 ], [ -4.001395, 42.8250087 ], [ -4.0074214, 42.8297862 ], [ -4.0176985, 42.8218812 ], [ -4.0179452, 42.8087222 ], [ -4.0304235, 42.8004439 ], [ -4.0311269, 42.794225 ], [ -4.04593, 42.766567 ], [ -4.081359, 42.7614175 ], [ -4.0840791, 42.794225 ], [ -4.0873875, 42.8341264 ], [ -4.1514878, 42.8023053 ], [ -4.1527018, 42.8478975 ], [ -4.2130271, 42.874771 ], [ -4.2677291, 42.9556525 ], [ -4.4155511, 43.0327335 ], [ -4.737023, 43.0209235 ], [ -4.754713, 43.0628337 ], [ -4.8385097, 43.1140952 ], [ -4.8391926, 43.132084899999988 ] ], [ [ -4.3146822, 40.6671994 ], [ -4.2882312, 40.6806057 ], [ -4.274165, 40.6770895 ], [ -4.2691514, 40.6553317 ], [ -4.319344, 40.6475995 ], [ -4.3233433, 40.6574229 ], [ -4.3146822, 40.6671994 ] ] ], [ [ [ -2.7695113, 42.794225 ], [ -2.8350234, 42.794225 ], [ -2.855136, 42.7419727 ], [ -2.8243544, 42.7089358 ], [ -2.7838222, 42.6990071 ], [ -2.7673279, 42.6662951 ], [ -2.7171818, 42.6628726 ], [ -2.658285, 42.6721074 ], [ -2.6383002, 42.6501234 ], [ -2.5847675, 42.6515058 ], [ -2.5502651, 42.638846 ], [ -2.5187971, 42.6476671 ], [ -2.524151, 42.6841701 ], [ -2.5791499, 42.6705789 ], [ -2.6071026, 42.6959877 ], [ -2.5641635, 42.7394441 ], [ -2.6028638, 42.770225 ], [ -2.6434678, 42.765038 ], [ -2.7316103, 42.7933692 ], [ -2.7695113, 42.794225 ] ] ] ] } },
{ "type": "Feature", "properties": { "region": "ES42", "SampSize": 78.0, "F1_wgt_F1_wgt_Direct": 0.53705625916388566, "F1_wgt_F1_wgt_SD": 0.063030142646559331, "F1_wgt_F1_wgt_CV": 11.736227177519094, "F2_wgt_Direct": 0.54463516808310297, "F2_wgt_SD": 0.063809299156524737, "F2_wgt_CV": 11.715971148375864, "F3_wgt_Direct": 0.47569430989352113, "F3_wgt_SD": 0.056715175925902021, "F3_wgt_CV": 11.922609698357984, "F4_wgt_Direct": 0.4101833238091388, "F4_wgt_SD": 0.050472984062740117, "F4_wgt_CV": 12.30498197587027, "F5_wgt_Direct": 0.44813430304346985, "F5_wgt_SD": 0.054154289526922868, "F5_wgt_CV": 12.084388353923847 }, "geometry": { "type": "MultiPolygon", "coordinates": [ [ [ [ -3.0610431, 41.2779234 ], [ -3.169745, 41.297476499999988 ], [ -3.207373, 41.304245 ], [ -3.2656637, 41.2616726 ], [ -3.3861327, 41.2538089 ], [ -3.539573, 41.1649935 ], [ -3.4386552, 41.080018 ], [ -3.4033591, 40.9993929 ], [ -3.4784711, 40.8244622 ], [ -3.4560188, 40.6911298 ], [ -3.3775108, 40.6695327 ], [ -3.2817181, 40.550434 ], [ -3.2073801, 40.5128572 ], [ -3.1928595, 40.4505381 ], [ -3.169745, 40.4306789 ], [ -3.1381112, 40.4035001 ], [ -3.169745, 40.3066124 ], [ -3.1872552, 40.2529823 ], [ -3.169745, 40.2572604 ], [ -3.1071734, 40.272548 ], [ -3.067689, 40.157885 ], [ -3.0683217, 40.0929204 ], [ -3.1614195, 40.064897 ], [ -3.3452066, 40.0699219 ], [ -3.5084175, 40.0347714 ], [ -3.8233511, 39.8999963 ], [ -3.8493424, 39.9313237 ], [ -3.6532358, 40.0389039 ], [ -3.6318502, 40.1081352 ], [ -4.1863784, 40.2795361 ], [ -4.309693, 40.2356853 ], [ -4.3762712, 40.2989106 ], [ -4.4618634, 40.235969 ], [ -4.579076, 40.217196 ], [ -4.6582029, 40.2074943 ], [ -4.7051689, 40.2736254 ], [ -4.7937872, 40.2675871 ], [ -4.971657, 40.1230193 ], [ -5.0369549, 40.1533809 ], [ -5.1690319, 40.0884586 ], [ -5.3360165, 40.115856 ], [ -5.3696559, 40.0819891 ], [ -5.3974493, 39.8873461 ], [ -5.30138, 39.869446 ], [ -5.2949564, 39.7617177 ], [ -5.1692502, 39.7891915 ], [ -5.1446703, 39.701138 ], [ -5.1917301, 39.5896732 ], [ -4.9525545, 39.3950385 ], [ -4.9407835, 39.3951645 ], [ -4.867876, 39.3746435 ], [ -4.755411, 39.41576 ], [ -4.687733, 39.4503365 ], [ -4.6834101, 39.3986839 ], [ -4.7512068, 39.3065745 ], [ -4.6753166, 39.1785357 ], [ -4.806813, 39.1919152 ], [ -4.8654228, 39.1161428 ], [ -4.8446128, 39.0484918 ], [ -4.9541429, 39.0488512 ], [ -4.9283975, 38.9731619 ], [ -4.8468432, 38.9368416 ], [ -4.8411076, 38.9077202 ], [ -4.9244877, 38.8739237 ], [ -4.9834421, 38.7540917 ], [ -5.046996, 38.7291335 ], [ -4.9823542, 38.6908482 ], [ -4.8858316, 38.68103 ], [ -4.8423821, 38.6105393 ], [ -4.6536565, 38.5378968 ], [ -4.4470636, 38.4052278 ], [ -4.268895, 38.347213 ], [ -4.248978, 38.3969337 ], [ -3.9351948, 38.368877 ], [ -3.7647313, 38.4197756 ], [ -3.6140717, 38.3997423 ], [ -3.5650079, 38.4457808 ], [ -3.4539186, 38.4025404 ], [ -3.3417206, 38.4768771 ], [ -3.169745, 38.4465298 ], [ -3.1460338, 38.4423457 ], [ -3.0677099, 38.4689048 ], [ -3.010343, 38.4285031 ], [ -2.9585726, 38.4673941 ], [ -2.8599993, 38.4650815 ], [ -2.762069, 38.5327795 ], [ -2.5916163, 38.5033147 ], [ -2.5644547, 38.4178673 ], [ -2.488049, 38.3860873 ], [ -2.4818725, 38.3139205 ], [ -2.4423319, 38.2683212 ], [ -2.4523241, 38.1909888 ], [ -2.551274, 38.084118 ], [ -2.341602, 38.02602 ], [ -2.2088895, 38.20075 ], [ -2.05246, 38.2964929 ], [ -2.0337727, 38.296403 ], [ -1.923649, 38.2958734 ], [ -1.8312438, 38.3367855 ], [ -1.7400524, 38.3771601 ], [ -1.6731352, 38.3211404 ], [ -1.5880515, 38.314545 ], [ -1.4881596, 38.3749096 ], [ -1.4917775, 38.5444282 ], [ -1.3986299, 38.6895828 ], [ -1.3316502, 38.686001499999989 ], [ -1.1723712, 38.7504721 ], [ -1.02687, 38.6555095 ], [ -0.9314501, 38.6854156 ], [ -0.9516937, 38.7672374 ], [ -0.9288845, 38.78384 ], [ -0.9567488, 38.9343002 ], [ -1.1403556, 38.933174 ], [ -1.2578756, 39.0512479 ], [ -1.1755999, 39.2676171 ], [ -1.1807498, 39.3076977 ], [ -1.4412474, 39.3647109 ], [ -1.5051465, 39.4180145 ], [ -1.4973931, 39.5584483 ], [ -1.3858105, 39.6764958 ], [ -1.2748507, 39.6909124 ], [ -1.2085075, 39.8341048 ], [ -1.1965448, 39.9429532 ], [ -1.1423615, 39.9718555 ], [ -1.165154, 40.010109 ], [ -1.3677961, 40.0208256 ], [ -1.4488315, 40.1453585 ], [ -1.4494912, 40.189357 ], [ -1.5519627, 40.2024238 ], [ -1.6731352, 40.2985547 ], [ -1.7059436, 40.298206199999989 ], [ -1.806344, 40.398247 ], [ -1.7020766, 40.4885393 ], [ -1.6731352, 40.590671 ], [ -1.5774253, 40.5760753 ], [ -1.5416569, 40.663253 ], [ -1.5452819, 40.8024824 ], [ -1.6118539, 40.8788894 ], [ -1.6174335, 40.943741 ], [ -1.6731352, 40.9835903 ], [ -1.8312438, 41.0832506 ], [ -1.9601035, 41.1644746 ], [ -2.0337727, 41.1503044 ], [ -2.05169, 41.146858 ], [ -2.0685007, 41.0843175 ], [ -2.1311288, 41.1094602 ], [ -2.2940435, 41.0623722 ], [ -2.4248395, 41.0635549 ], [ -2.5218316, 41.1395103 ], [ -2.577349, 41.1496273 ], [ -2.6001217, 41.2176884 ], [ -2.7276827, 41.2710955 ], [ -2.8407568, 41.268605699999988 ], [ -2.8965981, 41.322069 ], [ -3.0610431, 41.2779234 ] ] ] ] } },
{ "type": "Feature", "properties": { "region": "ES43", "SampSize": 51.0, "F1_wgt_F1_wgt_Direct": 0.4685298464757065, "F1_wgt_F1_wgt_SD": 0.068556787754044363, "F1_wgt_F1_wgt_CV": 14.632320282204065, "F2_wgt_Direct": 0.52676179173068005, "F2_wgt_SD": 0.077669605336562947, "F2_wgt_CV": 14.744730266289595, "F3_wgt_Direct": 0.45786384605469688, "F3_wgt_SD": 0.06894220766561418, "F3_wgt_CV": 15.057360012080592, "F4_wgt_Direct": 0.33379797936913896, "F4_wgt_SD": 0.052284513580467269, "F4_wgt_CV": 15.663520096581269, "F5_wgt_Direct": 0.38007457449701304, "F5_wgt_SD": 0.057713389579933119, "F5_wgt_CV": 15.184754112087202 }, "geometry": { "type": "MultiPolygon", "coordinates": [ [ [ [ -6.2215622, 40.4825062 ], [ -6.5351295, 40.3407172 ], [ -6.5928593, 40.272624 ], [ -6.7717383, 40.2421755 ], [ -6.865144, 40.2706945 ], [ -6.9512985, 40.257446 ], [ -7.0139876, 40.2130647 ], [ -7.0187494, 40.1586785 ], [ -6.8733572, 40.0075709 ], [ -6.9105014, 39.8732767 ], [ -6.9747416, 39.8130846 ], [ -7.0176157, 39.678922 ], [ -7.343952, 39.6435408 ], [ -7.542929, 39.662815 ], [ -7.4970171, 39.5937315 ], [ -7.3088612, 39.4592606 ], [ -7.3127414, 39.3538564 ], [ -7.231467, 39.278431 ], [ -7.2371971, 39.213562 ], [ -7.1480671, 39.169753899999989 ], [ -7.1348588, 39.11305 ], [ -7.0113663, 39.1008691 ], [ -6.9599753, 39.0307225 ], [ -7.0493288, 38.869001499999989 ], [ -7.203135, 38.7510175 ], [ -7.255303, 38.7113644 ], [ -7.2551027, 38.6158474 ], [ -7.3089854, 38.5210065 ], [ -7.3076747, 38.4456101 ], [ -7.1079525, 38.1881215 ], [ -6.9317385, 38.208378 ], [ -6.8065031, 38.1735148 ], [ -6.8066723, 38.1258928 ], [ -6.7525542, 38.0980605 ], [ -6.620216, 38.0895815 ], [ -6.5705506, 38.0292554 ], [ -6.4776282, 38.0175286 ], [ -6.3918021, 38.052542099999989 ], [ -6.3112453, 37.9857107 ], [ -6.1803075, 37.941078 ], [ -6.0962317, 37.9854379 ], [ -5.9584269, 38.0020273 ], [ -5.9141443, 38.1115793 ], [ -5.8484, 38.1635814 ], [ -5.70644, 38.1861057 ], [ -5.6922834, 38.1603218 ], [ -5.7357142, 38.1121633 ], [ -5.7131832, 38.0870502 ], [ -5.5848455, 38.131752 ], [ -5.5246227, 38.2221614 ], [ -5.5692175, 38.3363978 ], [ -5.5638924, 38.430181 ], [ -5.1633033, 38.7060065 ], [ -5.046996, 38.7291335 ], [ -4.9834421, 38.7540917 ], [ -4.9244877, 38.8739237 ], [ -4.8411076, 38.9077202 ], [ -4.8468432, 38.9368416 ], [ -4.9283975, 38.9731619 ], [ -4.9541429, 39.0488512 ], [ -4.8446128, 39.0484918 ], [ -4.8654228, 39.1161428 ], [ -4.806813, 39.1919152 ], [ -4.6753166, 39.1785357 ], [ -4.7512068, 39.3065745 ], [ -4.6834101, 39.3986839 ], [ -4.687733, 39.4503365 ], [ -4.755411, 39.41576 ], [ -4.867876, 39.3746435 ], [ -4.9407835, 39.3951645 ], [ -4.9525545, 39.3950385 ], [ -5.1917301, 39.5896732 ], [ -5.1446703, 39.701138 ], [ -5.1692502, 39.7891915 ], [ -5.2949564, 39.7617177 ], [ -5.30138, 39.869446 ], [ -5.3974493, 39.8873461 ], [ -5.3696559, 40.0819891 ], [ -5.3360165, 40.115856 ], [ -5.3688635, 40.2546947 ], [ -5.5343021, 40.19882 ], [ -5.7376025, 40.294163 ], [ -5.7842053, 40.2920041 ], [ -5.8109717, 40.3458601 ], [ -5.924994, 40.2882932 ], [ -5.9797116, 40.2983476 ], [ -6.2215622, 40.4825062 ] ] ] ] } },
{ "type": "Feature", "properties": { "region": "ES51", "SampSize": 213.0, "F1_wgt_F1_wgt_Direct": 0.51087191005262778, "F1_wgt_F1_wgt_SD": 0.036078842361560608, "F1_wgt_F1_wgt_CV": 7.0622090687749752, "F2_wgt_Direct": 0.51896207231608471, "F2_wgt_SD": 0.036909759784592627, "F2_wgt_CV": 7.112226837669934, "F3_wgt_Direct": 0.48671401852708762, "F3_wgt_SD": 0.034761398126207939, "F3_wgt_CV": 7.1420581292078271, "F4_wgt_Direct": 0.39131490714815298, "F4_wgt_SD": 0.028834382943333511, "F4_wgt_CV": 7.3685879113255277, "F5_wgt_Direct": 0.4359676833819543, "F5_wgt_SD": 0.031512996671558498, "F5_wgt_CV": 7.2282872957695226 }, "geometry": { "type": "MultiPolygon", "coordinates": [ [ [ [ 1.0028729, 42.794225 ], [ 0.9282446, 42.8104839 ], [ 0.858215, 42.825741 ], [ 0.6772165, 42.8431649 ], [ 0.6717218, 42.794225 ], [ 0.660127, 42.6909525 ], [ 0.7519918, 42.5992982 ], [ 0.7056596, 42.4614457 ], [ 0.7293124, 42.4081594 ], [ 0.7413142, 42.3811211 ], [ 0.7359804, 42.2747749 ], [ 0.6540693, 42.0143851 ], [ 0.5624576, 41.9379874 ], [ 0.5995948, 41.9133648 ], [ 0.596491, 41.8738297 ], [ 0.3343656, 41.679509 ], [ 0.3579601, 41.6070703 ], [ 0.4217932, 41.595234 ], [ 0.4400432, 41.5523463 ], [ 0.3554544, 41.4806097 ], [ 0.3359485, 41.4074325 ], [ 0.385724, 41.2788395 ], [ 0.2966838, 41.1705551 ], [ 0.2228022, 41.1274408 ], [ 0.2204095, 41.07143 ], [ 0.2833338, 40.9791973 ], [ 0.2538195, 40.8978129 ], [ 0.2673792, 40.8236132 ], [ 0.1707895, 40.732837 ], [ 0.2778115, 40.6876787 ], [ 0.2938196, 40.6263697 ], [ 0.3955796, 40.5997958 ], [ 0.5152385, 40.5229185 ], [ 0.6021769, 40.6172138 ], [ 0.7592664, 40.6426998 ], [ 0.8637462, 40.6962611 ], [ 0.868637, 40.7236925 ], [ 0.7116892, 40.8021311 ], [ 0.9282446, 40.9894904 ], [ 0.9757317, 41.0305754 ], [ 1.6453235, 41.1956215 ], [ 2.1007249, 41.2880497 ], [ 2.1664584, 41.3519561 ], [ 2.280824, 41.4631429 ], [ 2.778513, 41.6488075 ], [ 3.1998578, 41.9066376 ], [ 3.2136378, 41.9502348 ], [ 3.2020277, 42.0534088 ], [ 3.1267886, 42.1414669 ], [ 3.1206198, 42.2070088 ], [ 3.1617421, 42.2522544 ], [ 3.266239, 42.2609997 ], [ 3.3020152, 42.3127286 ], [ 3.1794691, 42.3594452 ], [ 3.1742148, 42.4081594 ], [ 3.1750198, 42.4351778 ], [ 3.0135063, 42.4668844 ], [ 2.8750561, 42.4615424 ], [ 2.7062166, 42.4092552 ], [ 2.6321747, 42.3524898 ], [ 2.5568746, 42.3430812 ], [ 2.267755, 42.4253292 ], [ 2.1664584, 42.4039938 ], [ 2.0191201, 42.3620204 ], [ 1.9661314, 42.4081594 ], [ 1.9170045, 42.4509357 ], [ 1.731011, 42.492401 ], [ 1.725801, 42.504402 ], [ 1.6070203, 42.4614457 ], [ 1.5386497, 42.4367198 ], [ 1.4644572, 42.4398427 ], [ 1.4472691, 42.4614457 ], [ 1.442566, 42.603668 ], [ 1.3485283, 42.713901299999989 ], [ 1.2533371, 42.7158161 ], [ 1.1647703, 42.715007299999989 ], [ 1.0761081, 42.7782695 ], [ 1.0028729, 42.794225 ] ] ], [ [ [ 1.9537091, 42.4863331 ], [ 1.9446341, 42.4544094 ], [ 1.9975839, 42.4371883 ], [ 1.9929031, 42.4923056 ], [ 1.9537091, 42.4863331 ] ] ], [ [ [ 0.6808641, 40.601121 ], [ 0.6002095, 40.5618408 ], [ 0.6199282, 40.5465173 ], [ 0.6961838, 40.5730547 ], [ 0.6808641, 40.601121 ] ] ] ] } },
{ "type": "Feature", "properties": { "region": "ES52", "SampSize": 177.0, "F1_wgt_F1_wgt_Direct": 0.53301672527469024, "F1_wgt_F1_wgt_SD": 0.041282827589611708, "F1_wgt_F1_wgt_CV": 7.7451279916848028, "F2_wgt_Direct": 0.51999700512406111, "F2_wgt_SD": 0.04098307824226835, "F2_wgt_CV": 7.8814065924265453, "F3_wgt_Direct": 0.5118652629006043, "F3_wgt_SD": 0.040254114621444598, "F3_wgt_CV": 7.8642012926087688, "F4_wgt_Direct": 0.44917988423822192, "F4_wgt_SD": 0.036411519865250028, "F4_wgt_CV": 8.1062222826388268, "F5_wgt_Direct": 0.49282867876577507, "F5_wgt_SD": 0.038951207343188091, "F5_wgt_CV": 7.9035999773260546 }, "geometry": { "type": "MultiPolygon", "coordinates": [ [ [ [ -0.2548964, 40.684469 ], [ -0.3606517, 40.6683758 ], [ -0.3611048, 40.6173109 ], [ -0.2947097, 40.5937693 ], [ -0.2836355, 40.4780954 ], [ -0.335502, 40.4400885 ], [ -0.2904182, 40.3719305 ], [ -0.4142379, 40.2516197 ], [ -0.5432666, 40.2391834 ], [ -0.6400166, 40.0714168 ], [ -0.754865, 40.0378068 ], [ -0.8291674, 39.9748857 ], [ -0.8377174, 39.9300108 ], [ -0.797643, 39.8810765 ], [ -0.8869397, 39.8600532 ], [ -0.9150434, 39.9408515 ], [ -0.9864982, 39.9771156 ], [ -1.1423615, 39.9718555 ], [ -1.1965448, 39.9429532 ], [ -1.2085075, 39.8341048 ], [ -1.2748507, 39.6909124 ], [ -1.3858105, 39.6764958 ], [ -1.4973931, 39.5584483 ], [ -1.5051465, 39.4180145 ], [ -1.4412474, 39.3647109 ], [ -1.1807498, 39.3076977 ], [ -1.1755999, 39.2676171 ], [ -1.2578756, 39.0512479 ], [ -1.1403556, 38.933174 ], [ -0.9567488, 38.9343002 ], [ -0.9288845, 38.78384 ], [ -0.9516937, 38.7672374 ], [ -0.9314501, 38.6854156 ], [ -1.02687, 38.6555095 ], [ -1.0077159, 38.5686752 ], [ -1.0829152, 38.380384 ], [ -1.0724887, 38.3484492 ], [ -0.9945491, 38.318037 ], [ -0.9743424, 38.2712095 ], [ -1.0297086, 38.1401521 ], [ -1.0245123, 38.0899011 ], [ -0.902859, 37.929568499999988 ], [ -0.7621355, 37.847008 ], [ -0.6529095, 38.0080226 ], [ -0.6274718, 38.1442778 ], [ -0.5161166, 38.2100721 ], [ -0.500216, 38.3291718 ], [ -0.4104804, 38.3617449 ], [ -0.3506134, 38.4548856 ], [ -0.0910902, 38.533085199999988 ], [ -0.0260054, 38.6143471 ], [ 0.0969197, 38.676383799999989 ], [ 0.2214974, 38.739254599999988 ], [ 0.1731331, 38.8148449 ], [ 0.0969197, 38.8407263 ], [ -0.037616, 38.886413499999989 ], [ -0.1962083, 39.0555356 ], [ -0.2679674, 39.2676171 ], [ -0.3276452, 39.4038156 ], [ -0.3195963, 39.4953122 ], [ -0.188467, 39.7219545 ], [ -0.0161354, 39.9101702 ], [ 0.0492702, 40.0284059 ], [ 0.0969197, 40.056081 ], [ 0.1237804, 40.0716818 ], [ 0.1975718, 40.172149 ], [ 0.390437, 40.3413378 ], [ 0.5152385, 40.5229185 ], [ 0.3955796, 40.5997958 ], [ 0.2938196, 40.6263697 ], [ 0.2778115, 40.6876787 ], [ 0.1707895, 40.732837 ], [ 0.0969197, 40.713401 ], [ 0.0453276, 40.6998265 ], [ -0.1762955, 40.7837497 ], [ -0.2548964, 40.684469 ] ] ], [ [ [ -1.3496067, 40.1350197 ], [ -1.4488315, 40.1453585 ], [ -1.3677961, 40.0208256 ], [ -1.165154, 40.010109 ], [ -1.0958768, 40.0364323 ], [ -1.0910225, 40.0713946 ], [ -1.1475786, 40.1098395 ], [ -1.2377642, 40.1215559 ], [ -1.2935013, 40.1884965 ], [ -1.3496067, 40.1350197 ] ] ] ] } },
{ "type": "Feature", "properties": { "region": "ES53", "SampSize": 20.0, "F1_wgt_F1_wgt_Direct": 0.71748917251350142, "F1_wgt_F1_wgt_SD": 0.17331494886255006, "F1_wgt_F1_wgt_CV": 24.155758093936765, "F2_wgt_Direct": 0.72133563386503075, "F2_wgt_SD": 0.1751370009986139, "F2_wgt_CV": 24.279543776341956, "F3_wgt_Direct": 0.76072694454408907, "F3_wgt_SD": 0.18424276480413129, "F3_wgt_CV": 24.219303144908288, "F4_wgt_Direct": 0.7270289759081926, "F4_wgt_SD": 0.18372262762894331, "F4_wgt_CV": 25.270330855718651, "F5_wgt_Direct": 0.72376302863427278, "F5_wgt_SD": 0.17819560827349495, "F5_wgt_CV": 24.620711645045851 }, "geometry": { "type": "MultiPolygon", "coordinates": [ [ [ [ 4.3120506, 39.8657346 ], [ 4.2609403, 39.988596099999988 ], [ 4.1518185, 40.0613212 ], [ 4.0336726, 40.0632406 ], [ 3.8466258, 40.0527127 ], [ 3.8027258, 40.020828 ], [ 3.835782, 39.9295244 ], [ 4.0336726, 39.9163287 ], [ 4.2459314, 39.8160984 ], [ 4.2874611, 39.8223719 ], [ 4.3120506, 39.8657346 ] ] ], [ [ [ 3.1423503, 39.7933888 ], [ 3.1526908, 39.8561258 ], [ 3.1069735, 39.8754029 ], [ 3.0996627, 39.9205066 ], [ 2.9437213, 39.9102361 ], [ 2.7538525, 39.8385148 ], [ 2.3647482, 39.5789068 ], [ 2.3845316, 39.541705199999988 ], [ 2.5052938, 39.47683 ], [ 2.5954983, 39.5397575 ], [ 2.6915551, 39.5436911 ], [ 2.7346705, 39.5071338 ], [ 2.7739521, 39.3842936 ], [ 2.9529808, 39.352128 ], [ 3.0525921, 39.2727934 ], [ 3.1953846, 39.3476395 ], [ 3.2407788, 39.3765162 ], [ 3.300498, 39.4972407 ], [ 3.4557052, 39.6850856 ], [ 3.446306, 39.7430556 ], [ 3.3570996, 39.7779467 ], [ 3.253082, 39.7352089 ], [ 3.1953846, 39.7576364 ], [ 3.1423503, 39.7933888 ] ] ], [ [ [ 3.1864714, 39.9715781 ], [ 3.1145838, 39.9320133 ], [ 3.1540411, 39.9160716 ], [ 3.1886814, 39.9344199 ], [ 3.1864714, 39.9715781 ] ] ], [ [ [ 2.9191147, 39.1577303 ], [ 2.9116748, 39.123609 ], [ 2.9614194, 39.1209446 ], [ 2.9668318, 39.1710237 ], [ 2.9191147, 39.1577303 ] ] ], [ [ [ 1.4251474, 39.091017 ], [ 1.3807052, 39.0656894 ], [ 1.3631144, 39.0732829 ], [ 1.2928576, 39.0283867 ], [ 1.2894177, 38.9730282 ], [ 1.2173741, 38.9583484 ], [ 1.2361564, 38.9381213 ], [ 1.2154512, 38.8993893 ], [ 1.2489425, 38.8584565 ], [ 1.2732089, 38.8793133 ], [ 1.302816, 38.8636734 ], [ 1.3443544, 38.8708503 ], [ 1.3720425, 38.8347493 ], [ 1.4039316, 38.8356029 ], [ 1.4041052, 38.8774828 ], [ 1.4226128, 38.904867 ], [ 1.4563571, 38.903427 ], [ 1.525534, 38.9462731 ], [ 1.5326472, 38.9817174 ], [ 1.5774815, 38.990705 ], [ 1.6053438, 39.0286869 ], [ 1.5873752, 39.0624625 ], [ 1.5919307, 39.0953159 ], [ 1.5561883, 39.0930364 ], [ 1.5401328, 39.1148252 ], [ 1.4251474, 39.091017 ] ] ], [ [ [ 1.5586238, 38.6956549 ], [ 1.5163263, 38.6677566 ], [ 1.5702469, 38.6438739 ], [ 1.5911855, 38.6813994 ], [ 1.5586238, 38.6956549 ] ] ], [ [ [ 1.4372304, 38.75113 ], [ 1.3832966, 38.7186039 ], [ 1.3828784, 38.6884017 ], [ 1.3884125, 38.6436291 ], [ 1.4511268, 38.6849201 ], [ 1.4903242, 38.6798407 ], [ 1.4701699, 38.7222125 ], [ 1.4372304, 38.75113 ] ] ] ] } },
{ "type": "Feature", "properties": { "region": "ES61", "SampSize": 298.0, "F1_wgt_F1_wgt_Direct": 0.48885799562075999, "F1_wgt_F1_wgt_SD": 0.02938081837742924, "F1_wgt_F1_wgt_CV": 6.0100926323442829, "F2_wgt_Direct": 0.4927556660933391, "F2_wgt_SD": 0.029822688156479579, "F2_wgt_CV": 6.0522263280947204, "F3_wgt_Direct": 0.4816664292293798, "F3_wgt_SD": 0.029206815763797921, "F3_wgt_CV": 6.0637017635889716, "F4_wgt_Direct": 0.38543431632083691, "F4_wgt_SD": 0.02422891093425654, "F4_wgt_CV": 6.2861322690552326, "F5_wgt_Direct": 0.42824254273391837, "F5_wgt_SD": 0.02646373279929096, "F5_wgt_CV": 6.1796132234656973 }, "geometry": { "type": "MultiPolygon", "coordinates": [ [ [ [ -4.6536565, 38.5378968 ], [ -4.8423821, 38.6105393 ], [ -4.8858316, 38.68103 ], [ -4.9823542, 38.6908482 ], [ -5.046996, 38.7291335 ], [ -5.1633033, 38.7060065 ], [ -5.5638924, 38.430181 ], [ -5.5692175, 38.3363978 ], [ -5.5246227, 38.2221614 ], [ -5.5848455, 38.131752 ], [ -5.7131832, 38.0870502 ], [ -5.7357142, 38.1121633 ], [ -5.6922834, 38.1603218 ], [ -5.70644, 38.1861057 ], [ -5.8484, 38.1635814 ], [ -5.9141443, 38.1115793 ], [ -5.9584269, 38.0020273 ], [ -6.0962317, 37.9854379 ], [ -6.1803075, 37.941078 ], [ -6.3112453, 37.9857107 ], [ -6.3918021, 38.052542099999989 ], [ -6.4776282, 38.0175286 ], [ -6.5705506, 38.0292554 ], [ -6.620216, 38.0895815 ], [ -6.7525542, 38.0980605 ], [ -6.8066723, 38.1258928 ], [ -6.8065031, 38.1735148 ], [ -6.9317385, 38.208378 ], [ -7.0132789, 38.0254508 ], [ -7.1034007, 38.036375 ], [ -7.250536, 37.9791389 ], [ -7.2977808, 37.8536629 ], [ -7.4189033, 37.7409406 ], [ -7.5009498, 37.6033003 ], [ -7.5126915, 37.5262565 ], [ -7.4518636, 37.4210772 ], [ -7.4019165, 37.1748275 ], [ -7.3685778, 37.1720094 ], [ -7.350895, 37.1786576 ], [ -7.28722, 37.199773 ], [ -7.1329709, 37.207354 ], [ -7.0397821, 37.2052518 ], [ -6.9708277, 37.1786576 ], [ -6.5813932, 37.0131217 ], [ -6.4641586, 36.9216861 ], [ -6.3941465, 36.8134064 ], [ -6.345561, 36.798767 ], [ -6.4208703, 36.7434454 ], [ -6.4195511, 36.6903554 ], [ -6.372585, 36.6312514 ], [ -6.2410401, 36.5689169 ], [ -6.2100443, 36.4993133 ], [ -6.2247535, 36.4175235 ], [ -6.0355287, 36.1962585 ], [ -5.9147664, 36.1752181 ], [ -5.7954948, 36.0879388 ], [ -5.5993311, 36.0186734 ], [ -5.4558656, 36.0694169 ], [ -5.4165761, 36.1611271 ], [ -5.3515225, 36.152569 ], [ -5.339225, 36.152035 ], [ -5.252405, 36.3112755 ], [ -5.1784517, 36.4083713 ], [ -4.9353949, 36.4961372 ], [ -4.6540885, 36.504126 ], [ -4.5132406, 36.5993153 ], [ -4.406735, 36.7139833 ], [ -3.7774575, 36.7379265 ], [ -3.6180519, 36.743493799999989 ], [ -3.4369432, 36.6959625 ], [ -3.2885565, 36.7474112 ], [ -3.169745, 36.7499951 ], [ -3.128691, 36.750888 ], [ -2.9215905, 36.7438859 ], [ -2.8535272, 36.703276 ], [ -2.7115924, 36.6837891 ], [ -2.635894, 36.7140466 ], [ -2.5517569, 36.816443 ], [ -2.3534316, 36.8377422 ], [ -2.1962411, 36.7312725 ], [ -2.1355323, 36.735259 ], [ -2.0337727, 36.8302804 ], [ -1.9082286, 36.9475115 ], [ -1.8312438, 37.1523668 ], [ -1.8213637, 37.1786576 ], [ -1.7999746, 37.223829 ], [ -1.7106038, 37.3034837 ], [ -1.6731352, 37.3553141 ], [ -1.630033, 37.375183 ], [ -1.8312438, 37.4601427 ], [ -1.9923949, 37.6641068 ], [ -2.0055076, 37.8590814 ], [ -2.2076315, 37.916588 ], [ -2.341602, 38.02602 ], [ -2.551274, 38.084118 ], [ -2.4523241, 38.1909888 ], [ -2.4423319, 38.2683212 ], [ -2.4818725, 38.3139205 ], [ -2.488049, 38.3860873 ], [ -2.5644547, 38.4178673 ], [ -2.5916163, 38.5033147 ], [ -2.762069, 38.5327795 ], [ -2.8599993, 38.4650815 ], [ -2.9585726, 38.4673941 ], [ -3.010343, 38.4285031 ], [ -3.0677099, 38.4689048 ], [ -3.1460338, 38.4423457 ], [ -3.169745, 38.4465298 ], [ -3.3417206, 38.4768771 ], [ -3.4539186, 38.4025404 ], [ -3.5650079, 38.4457808 ], [ -3.6140717, 38.3997423 ], [ -3.7647313, 38.4197756 ], [ -3.9351948, 38.368877 ], [ -4.248978, 38.3969337 ], [ -4.268895, 38.347213 ], [ -4.4470636, 38.4052278 ], [ -4.6536565, 38.5378968 ] ] ] ] } },
{ "type": "Feature", "properties": { "region": "ES62", "SampSize": 41.0, "F1_wgt_F1_wgt_Direct": 0.49551570633048669, "F1_wgt_F1_wgt_SD": 0.080094142438249666, "F1_wgt_F1_wgt_CV": 16.163794893885861, "F2_wgt_Direct": 0.4730844843857549, "F2_wgt_SD": 0.07912429727241857, "F2_wgt_CV": 16.72519388902645, "F3_wgt_Direct": 0.42782011795542613, "F3_wgt_SD": 0.073598454633828247, "F3_wgt_CV": 17.203130835819259, "F4_wgt_Direct": 0.39210907580913734, "F4_wgt_SD": 0.067098954397891736, "F4_wgt_CV": 17.11231862191141, "F5_wgt_Direct": 0.4100232994025339, "F5_wgt_SD": 0.069044715831000913, "F5_wgt_CV": 16.839217657047669 }, "geometry": { "type": "MultiPolygon", "coordinates": [ [ [ [ -1.1723712, 38.7504721 ], [ -1.3316502, 38.686001499999989 ], [ -1.3986299, 38.6895828 ], [ -1.4917775, 38.5444282 ], [ -1.4881596, 38.3749096 ], [ -1.5880515, 38.314545 ], [ -1.6731352, 38.3211404 ], [ -1.7400524, 38.3771601 ], [ -1.8312438, 38.3367855 ], [ -1.923649, 38.2958734 ], [ -2.0337727, 38.296403 ], [ -2.05246, 38.2964929 ], [ -2.2088895, 38.20075 ], [ -2.341602, 38.02602 ], [ -2.2076315, 37.916588 ], [ -2.0055076, 37.8590814 ], [ -1.9923949, 37.6641068 ], [ -1.8312438, 37.4601427 ], [ -1.630033, 37.375183 ], [ -1.4963249, 37.4326579 ], [ -1.3282842, 37.5581361 ], [ -1.2192429, 37.5731614 ], [ -1.1468865, 37.5446686 ], [ -1.0619834, 37.579599 ], [ -0.9142922, 37.5621181 ], [ -0.7254063, 37.6094717 ], [ -0.7142354, 37.6263898 ], [ -0.8149242, 37.6717777 ], [ -0.8518659, 37.7200388 ], [ -0.7621355, 37.847008 ], [ -0.902859, 37.929568499999988 ], [ -1.0245123, 38.0899011 ], [ -1.0297086, 38.1401521 ], [ -0.9743424, 38.2712095 ], [ -0.9945491, 38.318037 ], [ -1.0724887, 38.3484492 ], [ -1.0829152, 38.380384 ], [ -1.0077159, 38.5686752 ], [ -1.02687, 38.6555095 ], [ -1.1723712, 38.7504721 ] ] ] ] } },
{ "type": "Feature", "properties": { "region": "ES64", "SampSize": 1.0, "F1_wgt_F1_wgt_Direct": 0.59236740908910901, "F1_wgt_F1_wgt_SD": 0.59236181234060303, "F1_wgt_F1_wgt_CV": 99.999055189664375, "F2_wgt_Direct": 0.45271301075810694, "F2_wgt_SD": 0.45270873347879059, "F2_wgt_CV": 99.999055189664375, "F3_wgt_Direct": 0.5562624709259586, "F3_wgt_SD": 0.5562572153006401, "F3_wgt_CV": 99.999055189664404, "F4_wgt_Direct": 0.50357028109414304, "F4_wgt_SD": 0.50356552331008009, "F4_wgt_CV": 99.999055189664375, "F5_wgt_Direct": 0.46620215561930251, "F5_wgt_SD": 0.46619775089315119, "F5_wgt_CV": 99.999055189664375 }, "geometry": { "type": "MultiPolygon", "coordinates": [ [ [ [ -2.9524865, 35.319769 ], [ -2.970089, 35.28943 ], [ -2.9506124, 35.2698735 ], [ -2.9281235, 35.273081499999989 ], [ -2.9524865, 35.319769 ] ] ] ] } },
{ "type": "Feature", "properties": { "region": "ES70", "SampSize": 66.0, "F1_wgt_F1_wgt_Direct": 0.63236360003818559, "F1_wgt_F1_wgt_SD": 0.088322476220394144, "F1_wgt_F1_wgt_CV": 13.967039882602467, "F2_wgt_Direct": 0.65576986413599181, "F2_wgt_SD": 0.090746182950805318, "F2_wgt_CV": 13.838114240026531, "F3_wgt_Direct": 0.61630144089195538, "F3_wgt_SD": 0.086896835159189473, "F3_wgt_CV": 14.099729352153741, "F4_wgt_Direct": 0.49705638904414245, "F4_wgt_SD": 0.069856577087891086, "F4_wgt_CV": 14.054054756690247, "F5_wgt_Direct": 0.5776597277624872, "F5_wgt_SD": 0.08160491941087912, "F5_wgt_CV": 14.126814712697458 }, "geometry": { "type": "MultiPolygon", "coordinates": [ [ [ [ -13.4255464, 29.1940234 ], [ -13.5032552, 29.2823599 ], [ -13.5372986, 29.1276726 ], [ -13.5569505, 29.1165128 ], [ -13.6042024, 29.1352451 ], [ -13.8085964, 29.0352877 ], [ -13.868169, 28.8641891 ], [ -13.7834543, 28.8500299 ], [ -13.721153, 28.9090904 ], [ -13.5321542, 28.9683119 ], [ -13.4641798, 29.0316463 ], [ -13.464087, 29.1276726 ], [ -13.4255464, 29.1940234 ] ] ], [ [ [ -13.5003933, 29.4287001 ], [ -13.5477528, 29.3955144 ], [ -13.5029995, 29.3744517 ], [ -13.4729884, 29.4035706 ], [ -13.5003933, 29.4287001 ] ] ], [ [ [ -13.8498896, 28.4206697 ], [ -13.8665354, 28.4810889 ], [ -13.8428713, 28.5048543 ], [ -13.8224021, 28.5921085 ], [ -13.8424728, 28.7271203 ], [ -13.887494, 28.757747 ], [ -13.9775407, 28.7343635 ], [ -14.0155824, 28.7160096 ], [ -14.0093323, 28.6758912 ], [ -14.0383461, 28.6149467 ], [ -14.0334745, 28.5964235 ], [ -14.1011339, 28.4757488 ], [ -14.1460099, 28.4387902 ], [ -14.1642309, 28.368527 ], [ -14.2011571, 28.3310066 ], [ -14.2159356, 28.2276988 ], [ -14.2501868, 28.1913526 ], [ -14.311583, 28.1465542 ], [ -14.3714549, 28.11731 ], [ -14.4266456, 28.1026435 ], [ -14.4987717, 28.1002463 ], [ -14.4920041, 28.0765491 ], [ -14.3314399, 28.0442564 ], [ -14.274916, 28.09689 ], [ -14.2217654, 28.1623899 ], [ -14.1207594, 28.1908055 ], [ -14.0112653, 28.2078831 ], [ -13.985105, 28.2280044 ], [ -13.9504203, 28.2276236 ], [ -13.9144635, 28.2575103 ], [ -13.8498896, 28.4206697 ] ] ], [ [ [ -15.3931575, 28.185119 ], [ -15.4218657, 28.1932384 ], [ -15.4570107, 28.1616637 ], [ -15.4358035, 28.1375038 ], [ -15.467876, 28.1257843 ], [ -15.5253986, 28.1536012 ], [ -15.612964, 28.1473662 ], [ -15.6363842, 28.1702661 ], [ -15.6967881, 28.1505332 ], [ -15.7089111, 28.0864155 ], [ -15.7901508, 28.0193564 ], [ -15.8207692, 28.0136482 ], [ -15.8334619, 27.9714741 ], [ -15.8329037, 27.9122479 ], [ -15.7875674, 27.8360572 ], [ -15.6728348, 27.7503219 ], [ -15.6569417, 27.7569289 ], [ -15.6002472, 27.7360362 ], [ -15.4905291, 27.7927476 ], [ -15.4420542, 27.8004233 ], [ -15.4147948, 27.8455166 ], [ -15.3864842, 27.858252 ], [ -15.3937606, 27.8896639 ], [ -15.3745295, 27.9368383 ], [ -15.3830725, 27.9727736 ], [ -15.3696157, 27.992235 ], [ -15.4152107, 28.0465758 ], [ -15.4116516, 28.134045 ], [ -15.3931575, 28.185119 ] ] ], [ [ [ -16.2245045, 28.5655011 ], [ -16.3203327, 28.577461 ], [ -16.3355822, 28.5570149 ], [ -16.384121, 28.5458283 ], [ -16.4206419, 28.5172798 ], [ -16.4306958, 28.4871741 ], [ -16.5232106, 28.4174966 ], [ -16.5540462, 28.4182636 ], [ -16.6028939, 28.3942339 ], [ -16.6735637, 28.4002204 ], [ -16.7509683, 28.3715803 ], [ -16.8096946, 28.3774366 ], [ -16.8294542, 28.392265 ], [ -16.9232591, 28.3518319 ], [ -16.8814197, 28.313204 ], [ -16.8381258, 28.2573222 ], [ -16.8354322, 28.207637 ], [ -16.7725374, 28.1141405 ], [ -16.7382141, 28.0878299 ], [ -16.735993, 28.0548151 ], [ -16.7122345, 28.0468113 ], [ -16.7070271, 28.0108713 ], [ -16.6444347, 28.0043128 ], [ -16.5975443, 28.0280969 ], [ -16.540651, 28.0315993 ], [ -16.4627071, 28.1203609 ], [ -16.4268685, 28.1518291 ], [ -16.4241784, 28.2054476 ], [ -16.3627036, 28.3047148 ], [ -16.3601374, 28.3785358 ], [ -16.2500734, 28.4556986 ], [ -16.2353732, 28.4856511 ], [ -16.1270679, 28.5325806 ], [ -16.1208561, 28.5549058 ], [ -16.1583848, 28.5877906 ], [ -16.2245045, 28.5655011 ] ] ], [ [ [ -17.0988888, 28.0948218 ], [ -17.1183877, 28.1516163 ], [ -17.1837182, 28.1814236 ], [ -17.1956086, 28.1990913 ], [ -17.2427549, 28.202399 ], [ -17.2608829, 28.2177919 ], [ -17.3177023, 28.2047859 ], [ -17.3470676, 28.1474023 ], [ -17.3490773, 28.099762 ], [ -17.3198644, 28.0595255 ], [ -17.2455409, 28.0199408 ], [ -17.2009457, 28.0234804 ], [ -17.0988888, 28.0948218 ] ] ], [ [ [ -17.9663056, 28.8265119 ], [ -18.0067419, 28.775268 ], [ -17.9634791, 28.667638 ], [ -17.8800506, 28.5372206 ], [ -17.8665576, 28.4708696 ], [ -17.8337756, 28.4576492 ], [ -17.7871591, 28.542214 ], [ -17.7594322, 28.573764 ], [ -17.7502581, 28.6211695 ], [ -17.7702335, 28.6760372 ], [ -17.724535, 28.7411453 ], [ -17.757799, 28.7882115 ], [ -17.7779948, 28.8387957 ], [ -17.8571586, 28.833281 ], [ -17.9205443, 28.8566847 ], [ -17.9663056, 28.8265119 ] ] ], [ [ [ -17.9238091, 27.8480745 ], [ -17.9922056, 27.8208795 ], [ -17.9963188, 27.7921053 ], [ -18.0681136, 27.7536464 ], [ -18.1282998, 27.7708548 ], [ -18.1494836, 27.7595615 ], [ -18.1583867, 27.7249384 ], [ -18.1444164, 27.7045752 ], [ -18.0504977, 27.6932847 ], [ -17.9895898, 27.6396438 ], [ -17.971965, 27.6492148 ], [ -17.9576051, 27.7204847 ], [ -17.9344158, 27.7286916 ], [ -17.8852595, 27.8114924 ], [ -17.9238091, 27.8480745 ] ] ] ] } },
{ "type": "Feature", "properties": { "region": "FI193", "SampSize": 72.0, "F1_wgt_F1_wgt_Direct": 0.53088808880888094, "F1_wgt_F1_wgt_SD": 0.064163542798766307, "F1_wgt_F1_wgt_CV": 12.086076924936451, "F2_wgt_Direct": 0.50913550491771353, "F2_wgt_SD": 0.062834421102177102, "F2_wgt_CV": 12.341394480499332, "F3_wgt_Direct": 0.5108921874693213, "F3_wgt_SD": 0.061663528400380072, "F3_wgt_CV": 12.069773214937433, "F4_wgt_Direct": 0.43912694135026153, "F4_wgt_SD": 0.054964460315243428, "F4_wgt_CV": 12.516758854793659, "F5_wgt_Direct": 0.48733308243427842, "F5_wgt_SD": 0.059657448133107492, "F5_wgt_CV": 12.241616726513303 }, "geometry": { "type": "MultiPolygon", "coordinates": [ [ [ [ 25.9127929, 63.438349 ], [ 25.7854544, 63.4994615 ], [ 25.4950861, 63.5312455 ], [ 25.2509226, 63.6076819 ], [ 25.151002, 63.575205 ], [ 25.094198, 63.4825096 ], [ 25.0363225, 63.458078 ], [ 24.9021113, 63.4287199 ], [ 24.7888311, 63.3653843 ], [ 24.7946338, 63.2823776 ], [ 24.7211991, 63.1476705 ], [ 24.5712787, 63.153449 ], [ 24.5307525, 63.1574855 ], [ 24.359008, 63.1164345 ], [ 24.2989127, 63.0625095 ], [ 24.3005532, 63.0081799 ], [ 24.3526753, 62.9301613 ], [ 24.418191, 62.8959311 ], [ 24.3980717, 62.8194202 ], [ 24.5589305, 62.6743749 ], [ 24.5278765, 62.6249305 ], [ 24.5439653, 62.5693365 ], [ 24.4568453, 62.4876482 ], [ 24.3548822, 62.4915229 ], [ 24.311612, 62.4562503 ], [ 24.1911959, 62.4716514 ], [ 24.012998, 62.3633305 ], [ 24.0946469, 62.2789103 ], [ 24.2512085, 62.251362 ], [ 24.3346903, 62.1807052 ], [ 24.5092749, 62.1933592 ], [ 24.6503228, 62.1195261 ], [ 24.7050017, 62.0231977 ], [ 24.5508439, 61.9195008 ], [ 24.7660378, 61.7923842 ], [ 24.7431356, 61.7205741 ], [ 24.8044752, 61.6725817 ], [ 24.8079643, 61.6010973 ], [ 24.908012, 61.570429 ], [ 24.9704715, 61.4507055 ], [ 25.424665, 61.4889776 ], [ 25.5117205, 61.6722016 ], [ 25.6759175, 61.7131948 ], [ 25.7727813, 61.6955728 ], [ 25.864398, 61.7907211 ], [ 25.8769044, 61.7655115 ], [ 25.9406019, 61.7757861 ], [ 26.0610097, 61.7248538 ], [ 26.0861651, 61.6655865 ], [ 26.1445857, 61.6285174 ], [ 26.2857016, 61.648530799999989 ], [ 26.315036, 61.6084485 ], [ 26.3897061, 61.6523247 ], [ 26.5075368, 61.6341587 ], [ 26.5274951, 61.6853484 ], [ 26.4730252, 61.7587098 ], [ 26.3738966, 61.8181412 ], [ 26.339078, 61.9366217 ], [ 26.4003349, 61.9809879 ], [ 26.2340126, 62.124986299999989 ], [ 26.3162533, 62.1956888 ], [ 26.4565392, 62.2157938 ], [ 26.52062, 62.2578765 ], [ 26.6419652, 62.2244981 ], [ 26.6345405, 62.2879179 ], [ 26.6816285, 62.3392384 ], [ 26.7471784, 62.3595183 ], [ 26.6918481, 62.4056334 ], [ 26.7091295, 62.452949 ], [ 26.6321966, 62.4539005 ], [ 26.5837591, 62.4755984 ], [ 26.4838551, 62.5190606 ], [ 26.5928608, 62.617645 ], [ 26.5070612, 62.7401062 ], [ 26.4456839, 62.7817222 ], [ 26.344154, 62.7567929 ], [ 26.0519371, 62.9187886 ], [ 26.1326206, 62.9523466 ], [ 26.2747678, 62.936015899999987 ], [ 26.3190694, 62.9753098 ], [ 26.2355847, 63.0237099 ], [ 26.2738108, 63.0562292 ], [ 26.1662279, 63.1529963 ], [ 26.1755775, 63.2331452 ], [ 26.0826813, 63.3555907 ], [ 26.1630513, 63.4347085 ], [ 26.138652, 63.457592 ], [ 25.9127929, 63.438349 ] ] ] ] } },
{ "type": "Feature", "properties": { "region": "FI194", "SampSize": 44.0, "F1_wgt_F1_wgt_Direct": 0.50470706161525236, "F1_wgt_F1_wgt_SD": 0.077879961343440676, "F1_wgt_F1_wgt_CV": 15.430725517133745, "F2_wgt_Direct": 0.4874312803760657, "F2_wgt_SD": 0.075766669426859001, "F2_wgt_CV": 15.544072052249721, "F3_wgt_Direct": 0.45943107519799514, "F3_wgt_SD": 0.071884469549521976, "F3_wgt_CV": 15.646409968795176, "F4_wgt_Direct": 0.4417261457550713, "F4_wgt_SD": 0.068994624319011322, "F4_wgt_CV": 15.619320925881423, "F5_wgt_Direct": 0.50938780630592961, "F5_wgt_SD": 0.078736497749027301, "F5_wgt_CV": 15.45708334088773 }, "geometry": { "type": "MultiPolygon", "coordinates": [ [ [ [ 23.527755, 63.4673687 ], [ 23.3784613, 63.4933095 ], [ 23.2696399, 63.4667911 ], [ 23.2514648, 63.4526522 ], [ 23.1220819, 63.3587375 ], [ 22.7703057, 63.3494682 ], [ 22.5961781, 63.275403399999988 ], [ 22.5826772, 63.2495894 ], [ 22.6340519, 63.1672363 ], [ 22.6251287, 63.1066935 ], [ 22.4700568, 62.999303 ], [ 22.3819352, 62.8557132 ], [ 22.2323475, 62.7702187 ], [ 22.0679115, 62.7659948 ], [ 21.7658756, 62.8414323 ], [ 21.7363554, 62.7819075 ], [ 21.7668195, 62.6955898 ], [ 21.6096978, 62.6016641 ], [ 21.5577239, 62.4215597 ], [ 21.5642555, 62.3735405 ], [ 21.6785916, 62.3471954 ], [ 21.6811332, 62.2706014 ], [ 21.7365631, 62.2378452 ], [ 21.6399071, 62.1118275 ], [ 21.6478345, 62.0195925 ], [ 21.6884513, 62.0205312 ], [ 21.9830331, 61.9849351 ], [ 22.1967589, 62.0975301 ], [ 22.3295891, 62.1119724 ], [ 22.5294536, 62.2240605 ], [ 22.5984076, 62.3044947 ], [ 22.831244, 62.27089 ], [ 23.2018857, 62.3318416 ], [ 23.2514648, 62.3703436 ], [ 23.3197359, 62.4125059 ], [ 23.4920102, 62.3810729 ], [ 23.8286741, 62.4838684 ], [ 23.892778, 62.4741167 ], [ 23.9310795, 62.4020333 ], [ 24.012998, 62.3633305 ], [ 24.1911959, 62.4716514 ], [ 24.311612, 62.4562503 ], [ 24.3548822, 62.4915229 ], [ 24.4568453, 62.4876482 ], [ 24.5439653, 62.5693365 ], [ 24.5278765, 62.6249305 ], [ 24.5589305, 62.6743749 ], [ 24.3980717, 62.8194202 ], [ 24.418191, 62.8959311 ], [ 24.3526753, 62.9301613 ], [ 24.3005532, 63.0081799 ], [ 24.2989127, 63.0625095 ], [ 24.359008, 63.1164345 ], [ 24.2425375, 63.1360763 ], [ 24.2315149, 63.1726426 ], [ 24.0543534, 63.257393 ], [ 23.8306068, 63.28845 ], [ 23.6969895, 63.380327 ], [ 23.527755, 63.4673687 ] ] ] ] } },
{ "type": "Feature", "properties": { "region": "FI195", "SampSize": 45.0, "F1_wgt_F1_wgt_Direct": 0.54392839283928385, "F1_wgt_F1_wgt_SD": 0.082299590465098479, "F1_wgt_F1_wgt_CV": 15.13059284063073, "F2_wgt_Direct": 0.52961339955204989, "F2_wgt_SD": 0.08115438790345221, "F2_wgt_CV": 15.323326028399784, "F3_wgt_Direct": 0.5388957609314563, "F3_wgt_SD": 0.082037302623354846, "F3_wgt_CV": 15.223222851402131, "F4_wgt_Direct": 0.46426118896474622, "F4_wgt_SD": 0.072778366319663279, "F4_wgt_CV": 15.676168512373694, "F5_wgt_Direct": 0.51755457054445086, "F5_wgt_SD": 0.079395028635214027, "F5_wgt_CV": 15.340416866900238 }, "geometry": { "type": "MultiPolygon", "coordinates": [ [ [ [ 22.7593497, 63.8878349 ], [ 22.7288104, 63.8439628 ], [ 22.5964923, 63.8089887 ], [ 22.606367, 63.764049799999988 ], [ 22.6818564, 63.790571199999988 ], [ 22.6789828, 63.719839099999987 ], [ 22.5390469, 63.6573392 ], [ 22.4394486, 63.5134622 ], [ 22.3845408, 63.5203151 ], [ 22.3624223, 63.5860055 ], [ 22.2608917, 63.4948561 ], [ 22.2390471, 63.4576138 ], [ 22.3493442, 63.3574622 ], [ 22.3384612, 63.3061698 ], [ 22.2657719, 63.2968173 ], [ 22.0266764, 63.3745594 ], [ 21.9230172, 63.2638771 ], [ 21.6809888, 63.2295278 ], [ 21.5723113, 63.2548919 ], [ 21.5363752, 63.177694 ], [ 21.6121979, 63.0676525 ], [ 21.4966802, 63.0524309 ], [ 21.4439518, 62.9535303 ], [ 21.3599904, 62.949068 ], [ 21.3805361, 62.8977211 ], [ 21.1749793, 62.8630543 ], [ 21.1824654, 62.8191056 ], [ 21.0940519, 62.6620583 ], [ 21.1797206, 62.589016599999987 ], [ 21.0684956, 62.5484652 ], [ 21.144453, 62.5008675 ], [ 21.2129267, 62.3677059 ], [ 21.3333688, 62.3468826 ], [ 21.3786443, 62.2105444 ], [ 21.3095454, 62.0699415 ], [ 21.3387385, 61.955712 ], [ 21.4475658, 62.0123003 ], [ 21.6478345, 62.0195925 ], [ 21.6399071, 62.1118275 ], [ 21.7365631, 62.2378452 ], [ 21.6811332, 62.2706014 ], [ 21.6785916, 62.3471954 ], [ 21.5642555, 62.3735405 ], [ 21.5577239, 62.4215597 ], [ 21.6096978, 62.6016641 ], [ 21.7668195, 62.6955898 ], [ 21.7363554, 62.7819075 ], [ 21.7658756, 62.8414323 ], [ 22.0679115, 62.7659948 ], [ 22.2323475, 62.7702187 ], [ 22.3819352, 62.8557132 ], [ 22.4700568, 62.999303 ], [ 22.6251287, 63.1066935 ], [ 22.6340519, 63.1672363 ], [ 22.5826772, 63.2495894 ], [ 22.5961781, 63.275403399999988 ], [ 22.7703057, 63.3494682 ], [ 23.1220819, 63.3587375 ], [ 23.2514648, 63.4526522 ], [ 23.2696399, 63.4667911 ], [ 23.3784613, 63.4933095 ], [ 23.527755, 63.4673687 ], [ 23.6969895, 63.380327 ], [ 23.6431035, 63.5266608 ], [ 23.4675935, 63.6286353 ], [ 23.4863897, 63.6525055 ], [ 23.6996565, 63.6633093 ], [ 23.7067443, 63.6882431 ], [ 23.4920566, 63.7707773 ], [ 23.2514648, 63.7296037 ], [ 23.2240972, 63.7249201 ], [ 23.123469, 63.7562266 ], [ 23.012891, 63.7914165 ], [ 22.989051, 63.788022 ], [ 22.9335522, 63.7789584 ], [ 22.8781341, 63.786817 ], [ 22.866946, 63.8381865 ], [ 22.7593497, 63.8878349 ] ] ], [ [ [ 22.4364872, 63.60423 ], [ 22.3925772, 63.5922649 ], [ 22.4241722, 63.5489787 ], [ 22.4626106, 63.5788328 ], [ 22.4364872, 63.60423 ] ] ], [ [ [ 21.8099358, 63.4604563 ], [ 21.7715072, 63.4532779 ], [ 21.7723539, 63.4305452 ], [ 21.8037249, 63.4107973 ], [ 21.8369899, 63.439331 ], [ 21.8099358, 63.4604563 ] ] ], [ [ [ 21.6884513, 63.3253983 ], [ 21.6460921, 63.3103073 ], [ 21.637277, 63.2732022 ], [ 21.6624531, 63.263008799999987 ], [ 21.6884513, 63.2949833 ], [ 21.7529369, 63.2774508 ], [ 21.7665726, 63.293415 ], [ 21.7562095, 63.313528 ], [ 21.6884513, 63.3253983 ] ] ], [ [ [ 21.7168389, 63.4703619 ], [ 21.6967539, 63.4421579 ], [ 21.7500621, 63.4148378 ], [ 21.7559122, 63.4647366 ], [ 21.7168389, 63.4703619 ] ] ], [ [ [ 21.4536961, 63.0696352 ], [ 21.4161977, 63.0839657 ], [ 21.3987458, 63.0419496 ], [ 21.3516089, 63.0354865 ], [ 21.3810661, 62.9946621 ], [ 21.4295887, 63.0167381 ], [ 21.4536961, 63.0696352 ] ] ], [ [ [ 21.4369906, 63.2650864 ], [ 21.3927266, 63.3055495 ], [ 21.4041933, 63.357595 ], [ 21.2844887, 63.3615118 ], [ 21.2381299, 63.3891701 ], [ 21.0933919, 63.2788298 ], [ 21.1643417, 63.1949435 ], [ 21.2888344, 63.1582288 ], [ 21.446022, 63.2115705 ], [ 21.4369906, 63.2650864 ] ] ], [ [ [ 21.2167315, 63.0052335 ], [ 21.1914908, 63.026009 ], [ 21.1406542, 62.9916374 ], [ 21.1524398, 62.9482542 ], [ 21.2117805, 62.9499683 ], [ 21.2167315, 63.0052335 ] ] ], [ [ [ 21.0837898, 62.7471748 ], [ 21.0414219, 62.741889 ], [ 21.0449125, 62.7109347 ], [ 21.0785531, 62.6985984 ], [ 21.1017427, 62.721566499999987 ], [ 21.0837898, 62.7471748 ] ] ], [ [ [ 21.0381363, 63.4478508 ], [ 21.0279992, 63.4160117 ], [ 21.0858087, 63.4002582 ], [ 21.0817324, 63.4470055 ], [ 21.0381363, 63.4478508 ] ] ], [ [ [ 20.8254579, 63.0127838 ], [ 20.7995076, 62.9901671 ], [ 20.8435237, 62.947208 ], [ 20.8682057, 62.9641466 ], [ 20.8254579, 63.0127838 ] ] ] ] } },
{ "type": "Feature", "properties": { "region": "FI196", "SampSize": 65.0, "F1_wgt_F1_wgt_Direct": 0.53281589697431275, "F1_wgt_F1_wgt_SD": 0.066734898394378753, "F1_wgt_F1_wgt_CV": 12.524945065142466, "F2_wgt_Direct": 0.54639991909930563, "F2_wgt_SD": 0.069895779425665605, "F2_wgt_CV": 12.792055229598663, "F3_wgt_Direct": 0.47776448679435068, "F3_wgt_SD": 0.061152678931258843, "F3_wgt_CV": 12.799753983719899, "F4_wgt_Direct": 0.44767406506536939, "F4_wgt_SD": 0.058442116241603947, "F4_wgt_CV": 13.054612898576162, "F5_wgt_Direct": 0.49994145688717906, "F5_wgt_SD": 0.064363768987078768, "F5_wgt_CV": 12.874261196067129 }, "geometry": { "type": "MultiPolygon", "coordinates": [ [ [ [ 22.6167763, 62.0387587 ], [ 22.7695233, 62.0659079 ], [ 22.7748759, 62.147039 ], [ 22.848322, 62.1767119 ], [ 22.831244, 62.27089 ], [ 22.5984076, 62.3044947 ], [ 22.5294536, 62.2240605 ], [ 22.3295891, 62.1119724 ], [ 22.1967589, 62.0975301 ], [ 21.9830331, 61.9849351 ], [ 21.6884513, 62.0205312 ], [ 21.6478345, 62.0195925 ], [ 21.4475658, 62.0123003 ], [ 21.3387385, 61.955712 ], [ 21.4279537, 61.9170734 ], [ 21.474578, 61.8359561 ], [ 21.4636536, 61.7962073 ], [ 21.5056792, 61.773456499999988 ], [ 21.6271235, 61.5886049 ], [ 21.5444212, 61.5724385 ], [ 21.5866389, 61.5194327 ], [ 21.5273385, 61.4918429 ], [ 21.5541535, 61.440554899999988 ], [ 21.4897453, 61.4176189 ], [ 21.5364541, 61.332005599999988 ], [ 21.4353824, 61.2238081 ], [ 21.4656259, 61.0945495 ], [ 21.4199295, 61.047443 ], [ 21.4968883, 61.0054949 ], [ 21.6204473, 61.033011 ], [ 21.6935693, 61.0053232 ], [ 21.815171, 61.0205389 ], [ 22.0079536, 60.9139131 ], [ 22.1542552, 60.8871447 ], [ 22.5953013, 60.9853608 ], [ 22.7726581, 60.998402 ], [ 22.8349226, 61.0881743 ], [ 22.9648043, 61.049946899999988 ], [ 22.929011, 61.0945495 ], [ 22.931614, 61.1994629 ], [ 22.6473124, 61.2540376 ], [ 22.5750388, 61.3245654 ], [ 22.5540343, 61.411671 ], [ 22.4463019, 61.4865441 ], [ 22.6760686, 61.596396299999988 ], [ 22.7107597, 61.6483424 ], [ 22.6561591, 61.6905656 ], [ 22.8146306, 61.7919625 ], [ 22.7217132, 61.9099599 ], [ 22.5606149, 61.9951275 ], [ 22.6167763, 62.0387587 ] ] ], [ [ [ 21.5150577, 61.6521264 ], [ 21.4462576, 61.6628486 ], [ 21.4483291, 61.6365311 ], [ 21.4112951, 61.6234363 ], [ 21.4391248, 61.5964207 ], [ 21.5164416, 61.609883599999989 ], [ 21.5150577, 61.6521264 ] ] ], [ [ [ 21.4062938, 61.2113583 ], [ 21.3666706, 61.2194149 ], [ 21.3388402, 61.1825048 ], [ 21.3639285, 61.1688889 ], [ 21.3962606, 61.1846403 ], [ 21.4062938, 61.2113583 ] ] ] ] } },
{ "type": "Feature", "properties": { "region": "FI197", "SampSize": 169.0, "F1_wgt_F1_wgt_Direct": 0.51304491395885155, "F1_wgt_F1_wgt_SD": 0.040295700714514202, "F1_wgt_F1_wgt_CV": 7.854224770220819, "F2_wgt_Direct": 0.48161842876330846, "F2_wgt_SD": 0.03850885128653414, "F2_wgt_CV": 7.995717976452128, "F3_wgt_Direct": 0.47503479298305784, "F3_wgt_SD": 0.037809871489282949, "F3_wgt_CV": 7.9593899326509847, "F4_wgt_Direct": 0.43637724391752969, "F4_wgt_SD": 0.03515522239531263, "F4_wgt_CV": 8.0561539093355119, "F5_wgt_Direct": 0.48603650259584019, "F5_wgt_SD": 0.038555186877392171, "F5_wgt_CV": 7.9325702229102806 }, "geometry": { "type": "MultiPolygon", "coordinates": [ [ [ [ 23.9310795, 62.4020333 ], [ 23.892778, 62.4741167 ], [ 23.8286741, 62.4838684 ], [ 23.4920102, 62.3810729 ], [ 23.3197359, 62.4125059 ], [ 23.2514648, 62.3703436 ], [ 23.2018857, 62.3318416 ], [ 22.831244, 62.27089 ], [ 22.848322, 62.1767119 ], [ 22.7748759, 62.147039 ], [ 22.7695233, 62.0659079 ], [ 22.6167763, 62.0387587 ], [ 22.5606149, 61.9951275 ], [ 22.7217132, 61.9099599 ], [ 22.8146306, 61.7919625 ], [ 22.6561591, 61.6905656 ], [ 22.7107597, 61.6483424 ], [ 22.6760686, 61.596396299999988 ], [ 22.4463019, 61.4865441 ], [ 22.5540343, 61.411671 ], [ 22.5750388, 61.3245654 ], [ 22.6473124, 61.2540376 ], [ 22.931614, 61.1994629 ], [ 22.929011, 61.0945495 ], [ 22.9648043, 61.049946899999988 ], [ 23.016935, 61.0262918 ], [ 23.1448261, 61.0316124 ], [ 23.1953505, 61.001223 ], [ 23.2514648, 61.0068018 ], [ 23.3343544, 61.0120587 ], [ 23.4394094, 60.9771816 ], [ 23.7252511, 60.9996531 ], [ 23.820248, 60.967743 ], [ 23.8517157, 61.0219122 ], [ 23.8151963, 61.0693127 ], [ 24.2228123, 61.1534736 ], [ 24.3111259, 61.2328367 ], [ 24.5658859, 61.297596 ], [ 24.8211759, 61.2794955 ], [ 24.9139335, 61.324883 ], [ 24.887053, 61.4497699 ], [ 24.9704715, 61.4507055 ], [ 24.908012, 61.570429 ], [ 24.8079643, 61.6010973 ], [ 24.8044752, 61.6725817 ], [ 24.7431356, 61.7205741 ], [ 24.7660378, 61.7923842 ], [ 24.5508439, 61.9195008 ], [ 24.7050017, 62.0231977 ], [ 24.6503228, 62.1195261 ], [ 24.5092749, 62.1933592 ], [ 24.3346903, 62.1807052 ], [ 24.2512085, 62.251362 ], [ 24.0946469, 62.2789103 ], [ 24.012998, 62.3633305 ], [ 23.9310795, 62.4020333 ] ] ] ] } },
{ "type": "Feature", "properties": { "region": "FI1B1", "SampSize": 427.0, "F1_wgt_F1_wgt_Direct": 0.53454026901519203, "F1_wgt_F1_wgt_SD": 0.026357646599601631, "F1_wgt_F1_wgt_CV": 4.9309000888111809, "F2_wgt_Direct": 0.51606504011641874, "F2_wgt_SD": 0.025990541509104868, "F2_wgt_CV": 5.0362918408969692, "F3_wgt_Direct": 0.52617558484898774, "F3_wgt_SD": 0.02623088267965366, "F3_wgt_CV": 4.9851957093717898, "F4_wgt_Direct": 0.46469952648271828, "F4_wgt_SD": 0.02343114528263502, "F4_wgt_CV": 5.0422141507188307, "F5_wgt_Direct": 0.50133176278228841, "F5_wgt_SD": 0.024973355952768971, "F5_wgt_CV": 4.9814030960599762 }, "geometry": { "type": "MultiPolygon", "coordinates": [ [ [ [ 26.5037409, 60.3750017 ], [ 26.493787, 60.357414 ], [ 26.5251144, 60.3337136 ], [ 26.5516014, 60.3665493 ], [ 26.5037409, 60.3750017 ] ] ], [ [ [ 25.110966, 60.8185845 ], [ 25.1223214, 60.7132144 ], [ 25.0838887, 60.6772385 ], [ 24.6251795, 60.6603042 ], [ 24.5791537, 60.6391069 ], [ 24.5555994, 60.5789323 ], [ 24.470334, 60.5607107 ], [ 24.3645009, 60.5986075 ], [ 24.2813649, 60.5817933 ], [ 24.1924169, 60.622439799999988 ], [ 23.9004925, 60.6497585 ], [ 23.8702646, 60.5288523 ], [ 23.7495533, 60.4754201 ], [ 23.7740045, 60.4144929 ], [ 23.714237, 60.3151967 ], [ 23.6348264, 60.270583699999989 ], [ 23.6185552, 60.2014139 ], [ 23.2514648, 60.1538158 ], [ 23.1448261, 60.1000167 ], [ 23.0295995, 60.1008411 ], [ 22.9983707, 60.0120248 ], [ 22.9092345, 59.9754098 ], [ 22.9009819, 59.9398474 ], [ 23.0314456, 59.9321454 ], [ 23.097641, 59.9821506 ], [ 23.1547149, 59.9167664 ], [ 23.0543406, 59.8589881 ], [ 23.0609836, 59.8392289 ], [ 23.1723317, 59.8402096 ], [ 23.3474445, 59.9141767 ], [ 23.3989012, 59.8612794 ], [ 23.4365618, 59.8998345 ], [ 23.5490915, 59.9308603 ], [ 23.9227876, 59.9471418 ], [ 24.0263937, 60.0107385 ], [ 24.3189074, 60.0718494 ], [ 24.4759744, 59.9958856 ], [ 24.6598747, 60.1140008 ], [ 24.8156702, 60.1743403 ], [ 25.0565128, 60.1559783 ], [ 25.2576123, 60.2440066 ], [ 25.4468199, 60.2445588 ], [ 25.5494927, 60.3082831 ], [ 25.6283749, 60.2496953 ], [ 25.6354677, 60.3170022 ], [ 25.7852431, 60.2579014 ], [ 25.8759117, 60.2783568 ], [ 25.9202316, 60.3453679 ], [ 25.9626892, 60.2892014 ], [ 25.9990038, 60.2885495 ], [ 26.0783515, 60.3119753 ], [ 26.0572378, 60.4052533 ], [ 26.175717, 60.3909716 ], [ 26.2617153, 60.423392 ], [ 26.3618523, 60.4020298 ], [ 26.4198589, 60.4261534 ], [ 26.453932, 60.4876525 ], [ 26.5349365, 60.5577131 ], [ 26.5328704, 60.5872771 ], [ 26.3537684, 60.6653788 ], [ 26.2948894, 60.7472083 ], [ 26.2083595, 60.7579925 ], [ 26.2017009, 60.7164155 ], [ 26.1308121, 60.6930792 ], [ 25.9519154, 60.7080286 ], [ 25.8835142, 60.7331372 ], [ 25.6029151, 60.676604 ], [ 25.5319246, 60.7022792 ], [ 25.462547, 60.791185 ], [ 25.3526398, 60.7570914 ], [ 25.2064621, 60.829275 ], [ 25.110966, 60.8185845 ] ] ], [ [ [ 26.4304242, 60.3935667 ], [ 26.4032458, 60.3718067 ], [ 26.4153363, 60.35886 ], [ 26.4771465, 60.3570762 ], [ 26.4807897, 60.3809366 ], [ 26.4304242, 60.3935667 ] ] ], [ [ [ 26.2033046, 60.3544939 ], [ 26.1681141, 60.3429014 ], [ 26.1873323, 60.3141139 ], [ 26.226145, 60.3070211 ], [ 26.236292, 60.3349003 ], [ 26.2033046, 60.3544939 ] ] ], [ [ [ 25.8721173, 60.2279533 ], [ 25.8228834, 60.2294117 ], [ 25.7994095, 60.1977795 ], [ 25.8261442, 60.1931011 ], [ 25.8795414, 60.2053824 ], [ 25.8721173, 60.2279533 ] ] ], [ [ [ 22.8336026, 60.035011 ], [ 22.8040539, 60.0260197 ], [ 22.8242447, 59.9636574 ], [ 22.8545045, 59.9795321 ], [ 22.8336026, 60.035011 ] ] ] ] } },
{ "type": "Feature", "properties": { "region": "FI1C1", "SampSize": 134.0, "F1_wgt_F1_wgt_Direct": 0.51827048376479445, "F1_wgt_F1_wgt_SD": 0.045832088696071013, "F1_wgt_F1_wgt_CV": 8.8432758823423345, "F2_wgt_Direct": 0.5135453320601201, "F2_wgt_SD": 0.04591383375306439, "F2_wgt_CV": 8.9405610151061232, "F3_wgt_Direct": 0.50717915986422368, "F3_wgt_SD": 0.045188305565834239, "F3_wgt_CV": 8.9097323277106941, "F4_wgt_Direct": 0.44605775470473719, "F4_wgt_SD": 0.040397197945229141, "F4_wgt_CV": 9.0564949312381309, "F5_wgt_Direct": 0.4878045583739743, "F5_wgt_SD": 0.043464989670881908, "F5_wgt_CV": 8.9103287217663834 }, "geometry": { "type": "MultiPolygon", "coordinates": [ [ [ [ 22.0079536, 60.9139131 ], [ 21.815171, 61.0205389 ], [ 21.6935693, 61.0053232 ], [ 21.6204473, 61.033011 ], [ 21.4968883, 61.0054949 ], [ 21.4199295, 61.047443 ], [ 21.3629326, 61.0475966 ], [ 21.3625972, 60.9895563 ], [ 21.2992767, 60.9782399 ], [ 21.2251975, 60.8815148 ], [ 21.2523331, 60.8397067 ], [ 21.3576516, 60.7987725 ], [ 21.3591644, 60.724907599999987 ], [ 21.4368223, 60.6116661 ], [ 21.3129225, 60.5444018 ], [ 21.3087384, 60.516296 ], [ 21.5666198, 60.50245 ], [ 21.788699, 60.596181 ], [ 21.7648172, 60.5039305 ], [ 21.8839873, 60.320593 ], [ 21.9742477, 60.3028475 ], [ 22.0061146, 60.328009 ], [ 22.0035915, 60.4194429 ], [ 22.1434125, 60.425365 ], [ 22.1318276, 60.2751964 ], [ 22.2676219, 60.1508052 ], [ 22.3643538, 60.1962974 ], [ 22.4690959, 60.3256935 ], [ 22.521958, 60.3468579 ], [ 22.5424383, 60.243848 ], [ 22.45142, 60.1769208 ], [ 22.4008609, 60.0641964 ], [ 22.4382855, 60.021799 ], [ 22.5564957, 60.0176734 ], [ 22.6285597, 59.9798636 ], [ 22.7425367, 60.0266235 ], [ 22.8591214, 60.1385691 ], [ 22.9048067, 60.0472072 ], [ 23.0295995, 60.1008411 ], [ 23.1448261, 60.1000167 ], [ 23.2514648, 60.1538158 ], [ 23.6185552, 60.2014139 ], [ 23.6348264, 60.270583699999989 ], [ 23.714237, 60.3151967 ], [ 23.7740045, 60.4144929 ], [ 23.7495533, 60.4754201 ], [ 23.8702646, 60.5288523 ], [ 23.9004925, 60.6497585 ], [ 23.6992396, 60.6594668 ], [ 23.4765876, 60.7456087 ], [ 23.2722821, 60.719782 ], [ 23.2514648, 60.7296715 ], [ 23.1847166, 60.7655291 ], [ 23.1818784, 60.8162389 ], [ 23.1423624, 60.8598608 ], [ 23.1582186, 60.8871366 ], [ 23.2514648, 60.8932286 ], [ 23.2885167, 60.931019 ], [ 23.2514648, 60.9589388 ], [ 23.1953505, 61.001223 ], [ 23.1448261, 61.0316124 ], [ 23.016935, 61.0262918 ], [ 22.9648043, 61.049946899999988 ], [ 22.8349226, 61.0881743 ], [ 22.7726581, 60.998402 ], [ 22.5953013, 60.9853608 ], [ 22.1542552, 60.8871447 ], [ 22.0079536, 60.9139131 ] ] ], [ [ [ 22.5298611, 59.9366106 ], [ 22.5536157, 59.9844631 ], [ 22.4929384, 59.9899147 ], [ 22.4885622, 59.9691003 ], [ 22.5298611, 59.9366106 ] ] ], [ [ [ 22.4790689, 59.8433094 ], [ 22.5216324, 59.8703794 ], [ 22.5113004, 59.8934132 ], [ 22.4675585, 59.891808 ], [ 22.4598713, 59.8690414 ], [ 22.4790689, 59.8433094 ] ] ], [ [ [ 22.437076, 59.9705435 ], [ 22.4229554, 59.9786145 ], [ 22.385677, 59.9495007 ], [ 22.403655, 59.9106363 ], [ 22.4281597, 59.9262262 ], [ 22.437076, 59.9705435 ] ] ], [ [ [ 22.3358314, 59.9234356 ], [ 22.3849639, 59.9487508 ], [ 22.3811542, 59.9683516 ], [ 22.3288678, 59.9693382 ], [ 22.3194149, 59.948049 ], [ 22.3358314, 59.9234356 ] ] ], [ [ [ 21.7231382, 60.180491599999989 ], [ 21.7142542, 60.1396374 ], [ 21.7829445, 60.1304442 ], [ 21.8337873, 60.1389006 ], [ 21.9177129, 60.179447 ], [ 21.9686465, 60.1516321 ], [ 21.9247134, 60.1332783 ], [ 21.9220428, 60.1102118 ], [ 21.9870784, 60.1072505 ], [ 21.9863632, 60.1580433 ], [ 22.0343845, 60.1430712 ], [ 22.1257729, 60.1764038 ], [ 22.0639501, 60.2397334 ], [ 22.0292718, 60.2162537 ], [ 21.9547373, 60.2359423 ], [ 21.8337873, 60.2127737 ], [ 21.7481339, 60.2093161 ], [ 21.7231382, 60.180491599999989 ] ] ], [ [ [ 21.6974031, 60.3940892 ], [ 21.7344301, 60.4231857 ], [ 21.7015308, 60.4550884 ], [ 21.6685224, 60.4267071 ], [ 21.6974031, 60.3940892 ] ] ], [ [ [ 21.6972606, 60.3427982 ], [ 21.7000105, 60.3775121 ], [ 21.6449118, 60.3840516 ], [ 21.6380587, 60.3492569 ], [ 21.6972606, 60.3427982 ] ] ], [ [ [ 21.6884513, 60.1585026 ], [ 21.6884513, 60.1752147 ], [ 21.5982111, 60.1856881 ], [ 21.5581968, 60.1745354 ], [ 21.5281136, 60.1394242 ], [ 21.5504326, 60.1134195 ], [ 21.6496952, 60.1197046 ], [ 21.6884513, 60.1585026 ] ] ], [ [ [ 21.6428281, 60.4255639 ], [ 21.6808092, 60.4628204 ], [ 21.6547348, 60.4805691 ], [ 21.601487, 60.4352492 ], [ 21.6428281, 60.4255639 ] ] ], [ [ [ 21.6124218, 60.2230348 ], [ 21.6147714, 60.2536547 ], [ 21.5820268, 60.2786805 ], [ 21.5566591, 60.2272965 ], [ 21.6124218, 60.2230348 ] ] ], [ [ [ 21.3862485, 60.2860901 ], [ 21.3818718, 60.2758356 ], [ 21.3952375, 60.2647754 ], [ 21.4147132, 60.2783844 ], [ 21.4045712, 60.2911704 ], [ 21.3862485, 60.2860901 ] ] ], [ [ [ 21.4270814, 60.2585667 ], [ 21.4488582, 60.2635943 ], [ 21.4362386, 60.2896108 ], [ 21.4138153, 60.2804936 ], [ 21.4147132, 60.2783844 ], [ 21.4270814, 60.2585667 ] ] ], [ [ [ 21.2604858, 60.198941 ], [ 21.3217705, 60.1915025 ], [ 21.3584502, 60.1732404 ], [ 21.440592, 60.1946765 ], [ 21.4484583, 60.2397453 ], [ 21.3937363, 60.210411099999988 ], [ 21.3217705, 60.2319693 ], [ 21.2501636, 60.2160717 ], [ 21.2604858, 60.198941 ] ] ], [ [ [ 21.4217376, 60.3839934 ], [ 21.4233795, 60.4391356 ], [ 21.3768742, 60.4168729 ], [ 21.351243, 60.4391356 ], [ 21.3189924, 60.3629401 ], [ 21.4217376, 60.3839934 ] ] ], [ [ [ 21.3726086, 59.7709468 ], [ 21.408632, 59.7698341 ], [ 21.4182799, 59.7948751 ], [ 21.3567014, 59.810074 ], [ 21.3375131, 59.7972714 ], [ 21.3726086, 59.7709468 ] ] ], [ [ [ 21.2252519, 60.5995469 ], [ 21.3039313, 60.5833588 ], [ 21.3200229, 60.6269405 ], [ 21.3039313, 60.665912299999988 ], [ 21.2180814, 60.6242907 ], [ 21.2252519, 60.5995469 ] ] ], [ [ [ 21.276798, 60.2834716 ], [ 21.303371, 60.2816346 ], [ 21.3117049, 60.3242774 ], [ 21.2888982, 60.3462197 ], [ 21.264796, 60.3195621 ], [ 21.276798, 60.2834716 ] ] ] ] } },
{ "type": "Feature", "properties": { "region": "FI1C2", "SampSize": 36.0, "F1_wgt_F1_wgt_Direct": 0.51102610261026105, "F1_wgt_F1_wgt_SD": 0.086817880921528603, "F1_wgt_F1_wgt_CV": 16.988932752764118, "F2_wgt_Direct": 0.45939234589541345, "F2_wgt_SD": 0.078316362135605555, "F2_wgt_CV": 17.04781606296838, "F3_wgt_Direct": 0.49398450845261233, "F3_wgt_SD": 0.084851243171340865, "F3_wgt_CV": 17.176903671966183, "F4_wgt_Direct": 0.4132131592605901, "F4_wgt_SD": 0.071637247720760272, "F4_wgt_CV": 17.336632707668134, "F5_wgt_Direct": 0.4552563352011374, "F5_wgt_SD": 0.078160310857619347, "F5_wgt_CV": 17.168418056848619 }, "geometry": { "type": "MultiPolygon", "coordinates": [ [ [ [ 25.093191, 60.9075381 ], [ 25.0171162, 60.9369827 ], [ 25.0568678, 61.049946899999988 ], [ 25.194985, 61.0806095 ], [ 25.2512554, 61.1338769 ], [ 25.2494212, 61.1878515 ], [ 25.1821018, 61.2426396 ], [ 24.9389378, 61.2863017 ], [ 24.9139335, 61.324883 ], [ 24.8211759, 61.2794955 ], [ 24.5658859, 61.297596 ], [ 24.3111259, 61.2328367 ], [ 24.2228123, 61.1534736 ], [ 23.8151963, 61.0693127 ], [ 23.8517157, 61.0219122 ], [ 23.820248, 60.967743 ], [ 23.7252511, 60.9996531 ], [ 23.4394094, 60.9771816 ], [ 23.3343544, 61.0120587 ], [ 23.2514648, 61.0068018 ], [ 23.1953505, 61.001223 ], [ 23.2514648, 60.9589388 ], [ 23.2885167, 60.931019 ], [ 23.2514648, 60.8932286 ], [ 23.1582186, 60.8871366 ], [ 23.1423624, 60.8598608 ], [ 23.1818784, 60.8162389 ], [ 23.1847166, 60.7655291 ], [ 23.2514648, 60.7296715 ], [ 23.2722821, 60.719782 ], [ 23.4765876, 60.7456087 ], [ 23.6992396, 60.6594668 ], [ 23.9004925, 60.6497585 ], [ 24.1924169, 60.622439799999988 ], [ 24.2813649, 60.5817933 ], [ 24.3645009, 60.5986075 ], [ 24.470334, 60.5607107 ], [ 24.5555994, 60.5789323 ], [ 24.5791537, 60.6391069 ], [ 24.6251795, 60.6603042 ], [ 25.0838887, 60.6772385 ], [ 25.1223214, 60.7132144 ], [ 25.110966, 60.8185845 ], [ 25.093191, 60.9075381 ] ] ] ] } },
{ "type": "Feature", "properties": { "region": "FI1C3", "SampSize": 64.0, "F1_wgt_F1_wgt_Direct": 0.51031868811881187, "F1_wgt_F1_wgt_SD": 0.065159671773188294, "F1_wgt_F1_wgt_CV": 12.768427512107472, "F2_wgt_Direct": 0.50918191279579317, "F2_wgt_SD": 0.065647313073550442, "F2_wgt_CV": 12.892703260627844, "F3_wgt_Direct": 0.48404228883194911, "F3_wgt_SD": 0.062806506635251655, "F3_wgt_CV": 12.975417248524115, "F4_wgt_Direct": 0.4554227115522817, "F4_wgt_SD": 0.06030386783127116, "F4_wgt_CV": 13.241295680166884, "F5_wgt_Direct": 0.48826916241532159, "F5_wgt_SD": 0.063043114799218022, "F5_wgt_CV": 12.91154954111019 }, "geometry": { "type": "MultiPolygon", "coordinates": [ [ [ [ 26.2857016, 61.648530799999989 ], [ 26.1445857, 61.6285174 ], [ 26.0861651, 61.6655865 ], [ 26.0610097, 61.7248538 ], [ 25.9406019, 61.7757861 ], [ 25.8769044, 61.7655115 ], [ 25.864398, 61.7907211 ], [ 25.7727813, 61.6955728 ], [ 25.6759175, 61.7131948 ], [ 25.5117205, 61.6722016 ], [ 25.424665, 61.4889776 ], [ 24.9704715, 61.4507055 ], [ 24.887053, 61.4497699 ], [ 24.9139335, 61.324883 ], [ 24.9389378, 61.2863017 ], [ 25.1821018, 61.2426396 ], [ 25.2494212, 61.1878515 ], [ 25.2512554, 61.1338769 ], [ 25.194985, 61.0806095 ], [ 25.0568678, 61.049946899999988 ], [ 25.0171162, 60.9369827 ], [ 25.093191, 60.9075381 ], [ 25.110966, 60.8185845 ], [ 25.2064621, 60.829275 ], [ 25.3526398, 60.7570914 ], [ 25.462547, 60.791185 ], [ 25.5319246, 60.7022792 ], [ 25.6029151, 60.676604 ], [ 25.8835142, 60.7331372 ], [ 25.9519154, 60.7080286 ], [ 26.1308121, 60.6930792 ], [ 26.2017009, 60.7164155 ], [ 26.2083595, 60.7579925 ], [ 26.1859836, 60.8075034 ], [ 26.0904365, 60.8385908 ], [ 26.1449568, 60.9190315 ], [ 26.0522966, 60.9574983 ], [ 26.1207897, 61.0009132 ], [ 26.10391, 61.049946899999988 ], [ 26.0531528, 61.1004944 ], [ 26.067047, 61.1259634 ], [ 26.1312619, 61.1480069 ], [ 26.2313188, 61.1348006 ], [ 26.5136595, 61.274324 ], [ 26.4728474, 61.335505 ], [ 26.4079951, 61.3242659 ], [ 26.3365191, 61.3510085 ], [ 26.2607429, 61.4360017 ], [ 26.2793284, 61.473809599999989 ], [ 26.2602849, 61.5080882 ], [ 26.315036, 61.6084485 ], [ 26.2857016, 61.648530799999989 ] ] ] ] } },
{ "type": "Feature", "properties": { "region": "FI1C4", "SampSize": 62.0, "F1_wgt_F1_wgt_Direct": 0.48673238291571097, "F1_wgt_F1_wgt_SD": 0.064072431049977757, "F1_wgt_F1_wgt_CV": 13.163790472735691, "F2_wgt_Direct": 0.49159268892595626, "F2_wgt_SD": 0.06473455696408717, "F2_wgt_CV": 13.168331918345006, "F3_wgt_Direct": 0.44348568366689656, "F3_wgt_SD": 0.059410628044070497, "F3_wgt_CV": 13.396289943982501, "F4_wgt_Direct": 0.40261437529702215, "F4_wgt_SD": 0.05548743068987104, "F4_wgt_CV": 13.781780804258689, "F5_wgt_Direct": 0.46305713753854533, "F5_wgt_SD": 0.061480587199655073, "F5_wgt_CV": 13.277106044939728 }, "geometry": { "type": "MultiPolygon", "coordinates": [ [ [ [ 26.5136595, 61.274324 ], [ 26.2313188, 61.1348006 ], [ 26.1312619, 61.1480069 ], [ 26.067047, 61.1259634 ], [ 26.0531528, 61.1004944 ], [ 26.10391, 61.049946899999988 ], [ 26.1207897, 61.0009132 ], [ 26.0522966, 60.9574983 ], [ 26.1449568, 60.9190315 ], [ 26.0904365, 60.8385908 ], [ 26.1859836, 60.8075034 ], [ 26.2083595, 60.7579925 ], [ 26.2948894, 60.7472083 ], [ 26.3537684, 60.6653788 ], [ 26.5328704, 60.5872771 ], [ 26.5349365, 60.5577131 ], [ 26.453932, 60.4876525 ], [ 26.6183868, 60.4159525 ], [ 26.7637542, 60.4673497 ], [ 26.849322, 60.4664989 ], [ 26.9129579, 60.4260986 ], [ 26.9477426, 60.4865719 ], [ 27.0483843, 60.5264025 ], [ 27.1835015, 60.5394304 ], [ 27.3791187, 60.5043334 ], [ 27.4266725, 60.4712692 ], [ 27.4995119, 60.501630899999988 ], [ 27.6101407, 60.4757045 ], [ 27.7275743, 60.4931566 ], [ 27.7413199, 60.5652501 ], [ 27.803568, 60.548624 ], [ 27.9912795, 60.668979 ], [ 27.9051104, 60.7005399 ], [ 27.844598, 60.760475199999988 ], [ 27.4980186, 60.8038659 ], [ 27.3791187, 60.8751995 ], [ 27.1796674, 60.925957 ], [ 27.1690661, 60.9464277 ], [ 27.2108418, 60.9839452 ], [ 27.1477159, 61.049946899999988 ], [ 27.2058195, 61.162468 ], [ 26.9403602, 61.176209199999988 ], [ 26.8578676, 61.2797462 ], [ 26.6656865, 61.2115367 ], [ 26.6318938, 61.2830833 ], [ 26.5136595, 61.274324 ] ] ], [ [ [ 27.0354752, 60.4086793 ], [ 27.0341512, 60.464012 ], [ 26.9930022, 60.4346857 ], [ 27.0361793, 60.3699141 ], [ 27.0577797, 60.3859103 ], [ 27.0354752, 60.4086793 ] ] ], [ [ [ 26.5035985, 60.4241561 ], [ 26.4940417, 60.3974494 ], [ 26.5454861, 60.3706887 ], [ 26.5582799, 60.4117783 ], [ 26.5035985, 60.4241561 ] ] ] ] } },
{ "type": "Feature", "properties": { "region": "FI1C5", "SampSize": 26.0, "F1_wgt_F1_wgt_Direct": 0.46620854393131622, "F1_wgt_F1_wgt_SD": 0.095430971050424279, "F1_wgt_F1_wgt_CV": 20.469588619226062, "F2_wgt_Direct": 0.45553832670397099, "F2_wgt_SD": 0.09187362165057196, "F2_wgt_CV": 20.168143110003456, "F3_wgt_Direct": 0.51303233786888136, "F3_wgt_SD": 0.1044715063378646, "F3_wgt_CV": 20.363532398724736, "F4_wgt_Direct": 0.40621631333093783, "F4_wgt_SD": 0.08536481199707803, "F4_wgt_CV": 21.014619353194881, "F5_wgt_Direct": 0.44391119460116701, "F5_wgt_SD": 0.0906377786736587, "F5_wgt_CV": 20.417997963554942 }, "geometry": { "type": "MultiPolygon", "coordinates": [ [ [ [ 29.712872, 61.561343699999988 ], [ 30.1439665, 61.852238 ], [ 29.559279, 61.722068 ], [ 29.2483711, 61.5633383 ], [ 28.8491274, 61.5323838 ], [ 28.7737537, 61.4841309 ], [ 28.6736247, 61.4709933 ], [ 28.4637282, 61.5042313 ], [ 28.2462964, 61.3829066 ], [ 27.6381669, 61.3401034 ], [ 27.5541288, 61.2655466 ], [ 27.3897129, 61.2464248 ], [ 27.361285, 61.1981388 ], [ 27.2058195, 61.162468 ], [ 27.1477159, 61.049946899999988 ], [ 27.2108418, 60.9839452 ], [ 27.1690661, 60.9464277 ], [ 27.1796674, 60.925957 ], [ 27.3791187, 60.8751995 ], [ 27.4980186, 60.8038659 ], [ 27.844598, 60.760475199999988 ], [ 27.9051104, 60.7005399 ], [ 27.9912795, 60.668979 ], [ 28.5102824, 60.9469849 ], [ 28.6552211, 60.9569154 ], [ 28.7249938, 61.049946899999988 ], [ 28.8403335, 61.1272665 ], [ 29.2368411, 61.2692123 ], [ 29.507624, 61.487175099999988 ], [ 29.712872, 61.561343699999988 ] ] ] ] } },
{ "type": "Feature", "properties": { "region": "FI1D1", "SampSize": 38.0, "F1_wgt_F1_wgt_Direct": 0.52956085082192439, "F1_wgt_F1_wgt_SD": 0.088103464196978454, "F1_wgt_F1_wgt_CV": 16.637080339348014, "F2_wgt_Direct": 0.4865480418838507, "F2_wgt_SD": 0.08215138468401674, "F2_wgt_CV": 16.884537108799631, "F3_wgt_Direct": 0.44454339152351641, "F3_wgt_SD": 0.07558385727926166, "F3_wgt_CV": 17.00258258709561, "F4_wgt_Direct": 0.48276897327760654, "F4_wgt_SD": 0.081517218047131704, "F4_wgt_CV": 16.885347352315634, "F5_wgt_Direct": 0.5183288362245414, "F5_wgt_SD": 0.086700044189673739, "F5_wgt_CV": 16.72684175188645 }, "geometry": { "type": "MultiPolygon", "coordinates": [ [ [ [ 29.6788767, 61.8078335 ], [ 29.6680026, 61.8763992 ], [ 29.6203043, 61.9230768 ], [ 29.6481484, 61.977366599999989 ], [ 29.4721743, 62.0717914 ], [ 29.4185007, 62.2355113 ], [ 29.2867984, 62.3874613 ], [ 29.2238672, 62.4139324 ], [ 29.1149233, 62.399536299999987 ], [ 29.0902522, 62.4244384 ], [ 29.0970779, 62.491669599999987 ], [ 28.795638, 62.6353893 ], [ 28.65516, 62.65702 ], [ 28.5587729, 62.5756197 ], [ 28.4171502, 62.5597143 ], [ 28.3748991, 62.4809435 ], [ 28.2795148, 62.427953 ], [ 28.3279911, 62.3646614 ], [ 28.4250789, 62.34486 ], [ 28.6265935, 62.2418736 ], [ 28.6428301, 62.198501 ], [ 28.6063174, 62.1633853 ], [ 28.4780037, 62.2027381 ], [ 28.0424244, 62.2378978 ], [ 27.8439721, 62.2825323 ], [ 27.7101778, 62.3775107 ], [ 27.3907538, 62.5110296 ], [ 27.2733563, 62.4676237 ], [ 27.1160284, 62.494607599999988 ], [ 26.9440832, 62.4554214 ], [ 26.8588879, 62.4725317 ], [ 26.7801152, 62.4360833 ], [ 26.7091295, 62.452949 ], [ 26.6918481, 62.4056334 ], [ 26.7471784, 62.3595183 ], [ 26.6816285, 62.3392384 ], [ 26.6345405, 62.2879179 ], [ 26.6419652, 62.2244981 ], [ 26.52062, 62.2578765 ], [ 26.4565392, 62.2157938 ], [ 26.3162533, 62.1956888 ], [ 26.2340126, 62.124986299999989 ], [ 26.4003349, 61.9809879 ], [ 26.339078, 61.9366217 ], [ 26.3738966, 61.8181412 ], [ 26.4730252, 61.7587098 ], [ 26.5274951, 61.6853484 ], [ 26.5075368, 61.6341587 ], [ 26.3897061, 61.6523247 ], [ 26.315036, 61.6084485 ], [ 26.2602849, 61.5080882 ], [ 26.2793284, 61.473809599999989 ], [ 26.2607429, 61.4360017 ], [ 26.3365191, 61.3510085 ], [ 26.4079951, 61.3242659 ], [ 26.4728474, 61.335505 ], [ 26.5136595, 61.274324 ], [ 26.6318938, 61.2830833 ], [ 26.6656865, 61.2115367 ], [ 26.8578676, 61.2797462 ], [ 26.9403602, 61.176209199999988 ], [ 27.2058195, 61.162468 ], [ 27.361285, 61.1981388 ], [ 27.3897129, 61.2464248 ], [ 27.5541288, 61.2655466 ], [ 27.6381669, 61.3401034 ], [ 28.2462964, 61.3829066 ], [ 28.4637282, 61.5042313 ], [ 28.6736247, 61.4709933 ], [ 28.7737537, 61.4841309 ], [ 28.8491274, 61.5323838 ], [ 29.2483711, 61.5633383 ], [ 29.559279, 61.722068 ], [ 29.6788767, 61.8078335 ] ] ] ] } },
{ "type": "Feature", "properties": { "region": "FI1D2", "SampSize": 77.0, "F1_wgt_F1_wgt_Direct": 0.52455024723251553, "F1_wgt_F1_wgt_SD": 0.061200112656518667, "F1_wgt_F1_wgt_CV": 11.66715924344817, "F2_wgt_Direct": 0.49502885370545319, "F2_wgt_SD": 0.058704754036858549, "F2_wgt_CV": 11.858855013689451, "F3_wgt_Direct": 0.49465281140488776, "F3_wgt_SD": 0.058326092135517912, "F3_wgt_CV": 11.791319242654886, "F4_wgt_Direct": 0.45573309191706601, "F4_wgt_SD": 0.054217983314101229, "F4_wgt_CV": 11.896872155153432, "F5_wgt_Direct": 0.48740780002802248, "F5_wgt_SD": 0.057537396722563, "F5_wgt_CV": 11.804775532778716 }, "geometry": { "type": "MultiPolygon", "coordinates": [ [ [ [ 28.2630779, 63.6779065 ], [ 27.9880568, 63.8038982 ], [ 27.8711024, 63.8574769 ], [ 27.5401435, 63.9547137 ], [ 27.4639742, 63.9460019 ], [ 26.870419, 64.0369775 ], [ 26.5954309, 63.9774679 ], [ 26.2877351, 63.8574769 ], [ 26.2295856, 63.8262348 ], [ 26.235075, 63.8038982 ], [ 26.2852201, 63.5998556 ], [ 26.2035696, 63.5658195 ], [ 26.138652, 63.457592 ], [ 26.1630513, 63.4347085 ], [ 26.0826813, 63.3555907 ], [ 26.1755775, 63.2331452 ], [ 26.1662279, 63.1529963 ], [ 26.2738108, 63.0562292 ], [ 26.2355847, 63.0237099 ], [ 26.3190694, 62.9753098 ], [ 26.2747678, 62.936015899999987 ], [ 26.1326206, 62.9523466 ], [ 26.0519371, 62.9187886 ], [ 26.344154, 62.7567929 ], [ 26.4456839, 62.7817222 ], [ 26.5070612, 62.7401062 ], [ 26.5928608, 62.617645 ], [ 26.4838551, 62.5190606 ], [ 26.5837591, 62.4755984 ], [ 26.6321966, 62.4539005 ], [ 26.7091295, 62.452949 ], [ 26.7801152, 62.4360833 ], [ 26.8588879, 62.4725317 ], [ 26.9440832, 62.4554214 ], [ 27.1160284, 62.494607599999988 ], [ 27.2733563, 62.4676237 ], [ 27.3907538, 62.5110296 ], [ 27.7101778, 62.3775107 ], [ 27.8439721, 62.2825323 ], [ 28.0424244, 62.2378978 ], [ 28.4780037, 62.2027381 ], [ 28.6063174, 62.1633853 ], [ 28.6428301, 62.198501 ], [ 28.6265935, 62.2418736 ], [ 28.4250789, 62.34486 ], [ 28.3279911, 62.3646614 ], [ 28.2795148, 62.427953 ], [ 28.3748991, 62.4809435 ], [ 28.4171502, 62.5597143 ], [ 28.5587729, 62.5756197 ], [ 28.65516, 62.65702 ], [ 28.6823047, 62.6965714 ], [ 28.6616797, 62.7579201 ], [ 28.7489737, 62.8112432 ], [ 28.9325828, 62.786594699999988 ], [ 29.0450327, 62.8317325 ], [ 28.9809842, 62.9134077 ], [ 29.0251424, 62.9892968 ], [ 28.6558917, 63.1970932 ], [ 28.6522782, 63.2362428 ], [ 28.731696, 63.3219404 ], [ 28.7426703, 63.3802686 ], [ 28.6310652, 63.4923868 ], [ 28.5846026, 63.6750582 ], [ 28.3596095, 63.7547535 ], [ 28.2630779, 63.6779065 ] ] ] ] } },
{ "type": "Feature", "properties": { "region": "FI1D3", "SampSize": 46.0, "F1_wgt_F1_wgt_Direct": 0.52398544202246311, "F1_wgt_F1_wgt_SD": 0.078427890708780049, "F1_wgt_F1_wgt_CV": 14.967570550446297, "F2_wgt_Direct": 0.48337651945280641, "F2_wgt_SD": 0.073668557288815828, "F2_wgt_CV": 15.240408734005197, "F3_wgt_Direct": 0.47303448911698948, "F3_wgt_SD": 0.07178267730299645, "F3_wgt_CV": 15.174935222375163, "F4_wgt_Direct": 0.45321751628677215, "F4_wgt_SD": 0.068608520749321306, "F4_wgt_CV": 15.138099981535014, "F5_wgt_Direct": 0.50509615978997202, "F5_wgt_SD": 0.075843930784613822, "F5_wgt_CV": 15.015740926668514 }, "geometry": { "type": "MultiPolygon", "coordinates": [ [ [ [ 29.7693731, 63.7129551 ], [ 29.7233121, 63.7547762 ], [ 29.7069703, 63.8038982 ], [ 29.659097, 63.8768492 ], [ 28.894419, 63.8370776 ], [ 28.5200595, 63.8773607 ], [ 28.4137186, 63.8038982 ], [ 28.3596095, 63.7547535 ], [ 28.5846026, 63.6750582 ], [ 28.6310652, 63.4923868 ], [ 28.7426703, 63.3802686 ], [ 28.731696, 63.3219404 ], [ 28.6522782, 63.2362428 ], [ 28.6558917, 63.1970932 ], [ 29.0251424, 62.9892968 ], [ 28.9809842, 62.9134077 ], [ 29.0450327, 62.8317325 ], [ 28.9325828, 62.786594699999988 ], [ 28.7489737, 62.8112432 ], [ 28.6616797, 62.7579201 ], [ 28.6823047, 62.6965714 ], [ 28.65516, 62.65702 ], [ 28.795638, 62.6353893 ], [ 29.0970779, 62.491669599999987 ], [ 29.0902522, 62.4244384 ], [ 29.1149233, 62.399536299999987 ], [ 29.2238672, 62.4139324 ], [ 29.2867984, 62.3874613 ], [ 29.4185007, 62.2355113 ], [ 29.4721743, 62.0717914 ], [ 29.6481484, 61.977366599999989 ], [ 29.6203043, 61.9230768 ], [ 29.6680026, 61.8763992 ], [ 29.6788767, 61.8078335 ], [ 29.559279, 61.722068 ], [ 30.1439665, 61.852238 ], [ 30.5746025, 62.1232491 ], [ 30.6548879, 62.200390399999989 ], [ 30.9451386, 62.3163552 ], [ 31.1574223, 62.4506575 ], [ 31.575636, 62.9094664 ], [ 31.5055686, 62.9887967 ], [ 31.2778187, 63.1085554 ], [ 31.221085, 63.2238463 ], [ 30.7824568, 63.404294 ], [ 30.4906132, 63.4675773 ], [ 29.971917, 63.7571655 ], [ 29.7693731, 63.7129551 ] ] ] ] } },
{ "type": "Feature", "properties": { "region": "FI1D5", "SampSize": 12.0, "F1_wgt_F1_wgt_Direct": 0.52583258325832594, "F1_wgt_F1_wgt_SD": 0.15519076262191336, "F1_wgt_F1_wgt_CV": 29.513340854663767, "F2_wgt_Direct": 0.52656660823838741, "F2_wgt_SD": 0.15577302500346463, "F2_wgt_CV": 29.582776911091759, "F3_wgt_Direct": 0.47467161453731521, "F3_wgt_SD": 0.14195257577801829, "F3_wgt_CV": 29.905427548345433, "F4_wgt_Direct": 0.46989908971134264, "F4_wgt_SD": 0.13911615803330138, "F4_wgt_CV": 29.60553895066278, "F5_wgt_Direct": 0.51843411112040372, "F5_wgt_SD": 0.15143352111875297, "F5_wgt_CV": 29.209791151952825 }, "geometry": { "type": "MultiPolygon", "coordinates": [ [ [ [ 24.0529734, 64.072102 ], [ 23.9515555, 64.073453 ], [ 23.8758421, 63.9699362 ], [ 23.7220631, 63.9825166 ], [ 23.617333, 64.048772 ], [ 23.4227278, 64.0724841 ], [ 23.4097254, 64.040046 ], [ 23.3703662, 63.9418537 ], [ 23.0511864, 63.8647439 ], [ 23.012891, 63.7914165 ], [ 23.123469, 63.7562266 ], [ 23.2240972, 63.7249201 ], [ 23.2514648, 63.7296037 ], [ 23.4920566, 63.7707773 ], [ 23.7067443, 63.6882431 ], [ 23.6996565, 63.6633093 ], [ 23.4863897, 63.6525055 ], [ 23.4675935, 63.6286353 ], [ 23.6431035, 63.5266608 ], [ 23.6969895, 63.380327 ], [ 23.8306068, 63.28845 ], [ 24.0543534, 63.257393 ], [ 24.2315149, 63.1726426 ], [ 24.2425375, 63.1360763 ], [ 24.359008, 63.1164345 ], [ 24.5307525, 63.1574855 ], [ 24.5712787, 63.153449 ], [ 24.7211991, 63.1476705 ], [ 24.7946338, 63.2823776 ], [ 24.7888311, 63.3653843 ], [ 24.9021113, 63.4287199 ], [ 25.0363225, 63.458078 ], [ 24.5754283, 63.683603 ], [ 24.4362989, 63.822197 ], [ 24.2823145, 63.8791947 ], [ 24.1384365, 63.976046 ], [ 24.0529734, 64.072102 ] ] ], [ [ [ 22.9865097, 63.8071794 ], [ 22.9153999, 63.8890341 ], [ 22.8448862, 63.8834069 ], [ 22.866946, 63.8381865 ], [ 22.8781341, 63.786817 ], [ 22.9335522, 63.7789584 ], [ 22.989051, 63.788022 ], [ 22.9865097, 63.8071794 ] ] ] ] } },
{ "type": "Feature", "properties": { "region": "FI1D7", "SampSize": 41.0, "F1_wgt_F1_wgt_Direct": 0.51280103620118112, "F1_wgt_F1_wgt_SD": 0.082332347872408132, "F1_wgt_F1_wgt_CV": 16.05541761037075, "F2_wgt_Direct": 0.49797994912464466, "F2_wgt_SD": 0.081971176550281855, "F2_wgt_CV": 16.460738367954736, "F3_wgt_Direct": 0.50596287373016868, "F3_wgt_SD": 0.081764831827073461, "F3_wgt_CV": 16.160243383920466, "F4_wgt_Direct": 0.4113717430742399, "F4_wgt_SD": 0.068747335628693146, "F4_wgt_CV": 16.711730153105428, "F5_wgt_Direct": 0.4706764279317962, "F5_wgt_SD": 0.076696401932026675, "F5_wgt_CV": 16.294931587935913 }, "geometry": { "type": "MultiPolygon", "coordinates": [ [ [ [ 27.9149811, 70.086397 ], [ 27.6463238, 70.0721345 ], [ 27.0867989, 69.9221277 ], [ 26.8142923, 69.9560038 ], [ 26.5098531, 69.9390301 ], [ 26.340853, 69.8401947 ], [ 25.9630136, 69.6901823 ], [ 25.9453619, 69.6039032 ], [ 25.8609968, 69.5234156 ], [ 25.8236402, 69.3864639 ], [ 25.7234567, 69.2550331 ], [ 25.7293945, 68.9898106 ], [ 25.6059369, 68.8989143 ], [ 25.4462109, 68.8926297 ], [ 25.2398858, 68.8319289 ], [ 25.1516475, 68.7725546 ], [ 25.08671, 68.6434423 ], [ 24.894558, 68.5773299 ], [ 24.7278043, 68.6464678 ], [ 24.6077128, 68.6673034 ], [ 24.303146, 68.7201448 ], [ 23.9066749, 68.8285893 ], [ 23.7840693, 68.8085885 ], [ 23.6265494, 68.703299 ], [ 23.2186165, 68.640402 ], [ 23.0343559, 68.6856384 ], [ 22.7952877, 68.6911362 ], [ 22.548422, 68.7379517 ], [ 22.4017801, 68.7265207 ], [ 22.3123767, 68.8431452 ], [ 21.9836115, 69.0728935 ], [ 21.624865, 69.2707591 ], [ 21.3044408, 69.307198500000013 ], [ 21.0266017, 69.2105065 ], [ 21.0778247, 69.1107712 ], [ 21.0480367, 69.0585219 ], [ 20.7329707, 69.1086207 ], [ 20.5486365, 69.0599685 ], [ 20.7852169, 69.023616 ], [ 20.8829872, 68.973511 ], [ 20.8766947, 68.9270148 ], [ 20.9051924, 68.8969089 ], [ 21.0415504, 68.8702547 ], [ 21.1096689, 68.8569394 ], [ 21.3805119, 68.7542568 ], [ 21.4550422, 68.6912865 ], [ 21.9124574, 68.5697101 ], [ 22.0496521, 68.4874981 ], [ 22.3055095, 68.4791241 ], [ 22.926544, 68.3482606 ], [ 23.0539175, 68.3024326 ], [ 23.0870684, 68.277751 ], [ 23.1419063, 68.2369229 ], [ 23.161984, 68.1436508 ], [ 23.2973899, 68.1475896 ], [ 23.3899386, 68.0513872 ], [ 23.6454577, 67.9550474 ], [ 23.6413206, 67.9207577 ], [ 23.4876894, 67.8484634 ], [ 23.4852328, 67.6958544 ], [ 23.550274, 67.6061432 ], [ 23.4124192, 67.4835096 ], [ 23.4781321, 67.4514989 ], [ 23.7484787, 67.4278922 ], [ 23.7587794, 67.3230786 ], [ 23.711354, 67.2839255 ], [ 23.5691982, 67.2585003 ], [ 23.5836398, 67.2078468 ], [ 23.5630504, 67.1726827 ], [ 23.9827501, 66.8311294 ], [ 23.9782421, 66.796335 ], [ 23.8899919, 66.7559372 ], [ 23.8792773, 66.6209686 ], [ 23.8584476, 66.5638931 ], [ 23.6535323, 66.446861 ], [ 23.6753804, 66.3772174 ], [ 23.6521396, 66.2957927 ], [ 23.7332605, 66.1973502 ], [ 23.9153772, 66.1537798 ], [ 23.9463126, 66.0771638 ], [ 24.0848281, 65.9350282 ], [ 24.155129, 65.816027 ], [ 24.1874172, 65.7760205 ], [ 24.2912809, 65.788107 ], [ 24.5422847, 65.7342807 ], [ 24.5789228, 65.7004219 ], [ 24.5284425, 65.6675187 ], [ 24.5429724, 65.6553462 ], [ 24.6077128, 65.6796769 ], [ 24.6943369, 65.6491727 ], [ 24.8789201, 65.65258 ], [ 25.0846075, 65.5889495 ], [ 25.3998176, 65.7334749 ], [ 25.7783228, 65.7432386 ], [ 26.1008405, 65.8061332 ], [ 26.2366981, 65.7243176 ], [ 26.9967143, 65.7220345 ], [ 27.1164283, 65.7578311 ], [ 27.3886588, 65.9197628 ], [ 27.6013589, 65.948205 ], [ 27.8556394, 65.8254445 ], [ 28.2141276, 65.8058713 ], [ 28.427144, 65.8370217 ], [ 28.4864293, 65.8786495 ], [ 28.4186726, 65.9574939 ], [ 28.4239888, 65.9918961 ], [ 28.7020395, 66.0279464 ], [ 28.6508391, 66.1120438 ], [ 28.7264955, 66.1657206 ], [ 28.7381419, 66.2269991 ], [ 28.600404, 66.282613 ], [ 28.5599943, 66.3405765 ], [ 28.6909457, 66.4598714 ], [ 29.2293134, 66.4149028 ], [ 29.5729385, 66.432856 ], [ 29.3674666, 66.6209686 ], [ 29.0721649, 66.8441792 ], [ 29.0462306, 66.9625719 ], [ 29.5316629, 67.3068545 ], [ 29.9192483, 67.51913 ], [ 30.0074983, 67.6663832 ], [ 29.6575598, 67.806836300000015 ], [ 29.3204181, 68.0731917 ], [ 28.6358056, 68.2146338 ], [ 28.4435121, 68.5379206 ], [ 28.7017113, 68.731351 ], [ 28.7892888, 68.8627999 ], [ 28.4863785, 68.8869999 ], [ 28.4514739, 68.9150711 ], [ 28.92968, 69.051905 ], [ 28.8303221, 69.1207794 ], [ 28.8533059, 69.2181344 ], [ 29.1999419, 69.3904262 ], [ 29.2996662, 69.4785075 ], [ 29.1580673, 69.6578417 ], [ 28.4149698, 69.8227071 ], [ 28.0452476, 69.9863867 ], [ 27.9149811, 70.086397 ] ] ] ] } },
{ "type": "Feature", "properties": { "region": "FI1D8", "SampSize": 25.0, "F1_wgt_F1_wgt_Direct": 0.49490909090909085, "F1_wgt_F1_wgt_SD": 0.10152980575024236, "F1_wgt_F1_wgt_CV": 20.514839516029873, "F2_wgt_Direct": 0.46712532865907103, "F2_wgt_SD": 0.096459726153919262, "F2_wgt_CV": 20.649645873585222, "F3_wgt_Direct": 0.46077045414384166, "F3_wgt_SD": 0.094817061518684576, "F3_wgt_CV": 20.577938682041651, "F4_wgt_Direct": 0.38134387351778648, "F4_wgt_SD": 0.080134182491792744, "F4_wgt_CV": 21.013627871500383, "F5_wgt_Direct": 0.46044660031780543, "F5_wgt_SD": 0.094498744994176681, "F5_wgt_CV": 20.523279991415414 }, "geometry": { "type": "MultiPolygon", "coordinates": [ [ [ [ 29.246138, 65.5119368 ], [ 29.1061296, 65.4481077 ], [ 28.6915213, 65.3922592 ], [ 28.5527492, 65.2856091 ], [ 28.0179055, 65.2271335 ], [ 27.87461, 65.1208985 ], [ 27.6243405, 65.1104832 ], [ 27.3248016, 65.0566735 ], [ 27.3062726, 65.0262361 ], [ 27.3726188, 64.9396231 ], [ 27.3690851, 64.8675366 ], [ 27.1965026, 64.7876998 ], [ 27.3415958, 64.5755766 ], [ 27.2263099, 64.4653561 ], [ 27.2088806, 64.3660074 ], [ 27.1632345, 64.3322924 ], [ 27.1348703, 64.3113421 ], [ 26.9049182, 64.3060422 ], [ 26.8664025, 64.2904168 ], [ 26.7943463, 64.2490544 ], [ 26.790116, 64.1257105 ], [ 26.7997269, 64.0929146 ], [ 26.870419, 64.0369775 ], [ 27.4639742, 63.9460019 ], [ 27.5401435, 63.9547137 ], [ 27.8711024, 63.8574769 ], [ 27.9880568, 63.8038982 ], [ 28.2630779, 63.6779065 ], [ 28.3596095, 63.7547535 ], [ 28.4137186, 63.8038982 ], [ 28.5200595, 63.8773607 ], [ 28.894419, 63.8370776 ], [ 29.659097, 63.8768492 ], [ 29.7069703, 63.8038982 ], [ 29.7233121, 63.7547762 ], [ 29.7693731, 63.7129551 ], [ 29.971917, 63.7571655 ], [ 30.2487988, 63.8315933 ], [ 30.4835838, 64.016216 ], [ 30.4945565, 64.040046 ], [ 30.5189002, 64.0929146 ], [ 30.5341093, 64.1259449 ], [ 30.4647739, 64.2598058 ], [ 30.3813961, 64.2904168 ], [ 30.2673359, 64.3322924 ], [ 30.0554428, 64.410086 ], [ 29.9954758, 64.5563567 ], [ 30.1132185, 64.645188 ], [ 30.0613363, 64.7188823 ], [ 30.0604271, 64.7723312 ], [ 29.7525443, 64.7949354 ], [ 29.6329859, 64.8974028 ], [ 29.6100564, 64.9886001 ], [ 29.627326, 65.0415768 ], [ 29.8277136, 65.1014381 ], [ 29.8362808, 65.1190916 ], [ 29.8690027, 65.1865186 ], [ 29.6395956, 65.2550369 ], [ 29.7323897, 65.35106 ], [ 29.7547315, 65.4973695 ], [ 29.246138, 65.5119368 ] ] ] ] } },
{ "type": "Feature", "properties": { "region": "FI1D9", "SampSize": 83.0, "F1_wgt_F1_wgt_Direct": 0.55433615650721701, "F1_wgt_F1_wgt_SD": 0.061696732394152229, "F1_wgt_F1_wgt_CV": 11.129840922319303, "F2_wgt_Direct": 0.50128031846931986, "F2_wgt_SD": 0.056966377171519249, "F2_wgt_CV": 11.36417590570251, "F3_wgt_Direct": 0.49609109702638082, "F3_wgt_SD": 0.056479395009925611, "F3_wgt_CV": 11.384883814377783, "F4_wgt_Direct": 0.46453077852192087, "F4_wgt_SD": 0.053219781579847247, "F4_wgt_CV": 11.456675002071115, "F5_wgt_Direct": 0.49959543786923216, "F5_wgt_SD": 0.056435013923537558, "F5_wgt_CV": 11.296142767882776 }, "geometry": { "type": "MultiPolygon", "coordinates": [ [ [ [ 28.5599943, 66.3405765 ], [ 28.600404, 66.282613 ], [ 28.7381419, 66.2269991 ], [ 28.7264955, 66.1657206 ], [ 28.6508391, 66.1120438 ], [ 28.7020395, 66.0279464 ], [ 28.4239888, 65.9918961 ], [ 28.4186726, 65.9574939 ], [ 28.4864293, 65.8786495 ], [ 28.427144, 65.8370217 ], [ 28.2141276, 65.8058713 ], [ 27.8556394, 65.8254445 ], [ 27.6013589, 65.948205 ], [ 27.3886588, 65.9197628 ], [ 27.1164283, 65.7578311 ], [ 26.9967143, 65.7220345 ], [ 26.2366981, 65.7243176 ], [ 26.1008405, 65.8061332 ], [ 25.7783228, 65.7432386 ], [ 25.3998176, 65.7334749 ], [ 25.0846075, 65.5889495 ], [ 25.2148614, 65.5457254 ], [ 25.3233865, 65.459378 ], [ 25.2683345, 65.3364376 ], [ 25.3019797, 65.243487 ], [ 25.2543137, 65.1465342 ], [ 25.3696556, 65.0745439 ], [ 25.4148132, 65.0047989 ], [ 25.26171, 64.9728523 ], [ 25.3384348, 64.900237 ], [ 25.3357269, 64.8694802 ], [ 25.284134, 64.8540443 ], [ 25.1193935, 64.9054458 ], [ 25.0061185, 64.907286 ], [ 24.7633264, 64.8725046 ], [ 24.6077128, 64.8151119 ], [ 24.3291309, 64.5464245 ], [ 23.7175736, 64.2099732 ], [ 23.6168135, 64.0929146 ], [ 23.617333, 64.048772 ], [ 23.7220631, 63.9825166 ], [ 23.8758421, 63.9699362 ], [ 23.9515555, 64.073453 ], [ 24.0529734, 64.072102 ], [ 24.1384365, 63.976046 ], [ 24.2823145, 63.8791947 ], [ 24.4362989, 63.822197 ], [ 24.5754283, 63.683603 ], [ 25.0363225, 63.458078 ], [ 25.094198, 63.4825096 ], [ 25.151002, 63.575205 ], [ 25.2509226, 63.6076819 ], [ 25.4950861, 63.5312455 ], [ 25.7854544, 63.4994615 ], [ 25.9127929, 63.438349 ], [ 26.138652, 63.457592 ], [ 26.2035696, 63.5658195 ], [ 26.2852201, 63.5998556 ], [ 26.235075, 63.8038982 ], [ 26.2295856, 63.8262348 ], [ 26.2877351, 63.8574769 ], [ 26.5954309, 63.9774679 ], [ 26.870419, 64.0369775 ], [ 26.7997269, 64.0929146 ], [ 26.790116, 64.1257105 ], [ 26.7943463, 64.2490544 ], [ 26.8664025, 64.2904168 ], [ 26.9049182, 64.3060422 ], [ 27.1348703, 64.3113421 ], [ 27.1632345, 64.3322924 ], [ 27.2088806, 64.3660074 ], [ 27.2263099, 64.4653561 ], [ 27.3415958, 64.5755766 ], [ 27.1965026, 64.7876998 ], [ 27.3690851, 64.8675366 ], [ 27.3726188, 64.9396231 ], [ 27.3062726, 65.0262361 ], [ 27.3248016, 65.0566735 ], [ 27.6243405, 65.1104832 ], [ 27.87461, 65.1208985 ], [ 28.0179055, 65.2271335 ], [ 28.5527492, 65.2856091 ], [ 28.6915213, 65.3922592 ], [ 29.1061296, 65.4481077 ], [ 29.246138, 65.5119368 ], [ 29.7547315, 65.4973695 ], [ 29.8390154, 65.5578531 ], [ 29.7691361, 65.6404499 ], [ 29.9879014, 65.6887145 ], [ 30.1098141, 65.6804472 ], [ 30.1254276, 65.717657100000011 ], [ 30.0662318, 65.8927514 ], [ 29.9334354, 66.1059798 ], [ 29.7090325, 66.273713 ], [ 29.5729385, 66.432856 ], [ 29.2293134, 66.4149028 ], [ 28.6909457, 66.4598714 ], [ 28.5599943, 66.3405765 ] ] ], [ [ [ 24.8473873, 65.0484272 ], [ 24.9535575, 65.049112 ], [ 24.9554058, 65.0669047 ], [ 24.8410631, 65.09169 ], [ 24.6623032, 65.0820574 ], [ 24.6077128, 65.0561656 ], [ 24.5638112, 65.0353434 ], [ 24.5806641, 65.0043277 ], [ 24.6077128, 64.9895062 ], [ 24.6623032, 64.9595931 ], [ 24.8058053, 64.9494553 ], [ 24.8744312, 64.980146 ], [ 24.8473873, 65.0484272 ] ] ] ] } },
{ "type": "Feature", "properties": { "region": "FI200", "SampSize": 7.0, "F1_wgt_F1_wgt_Direct": 0.54404011829754406, "F1_wgt_F1_wgt_SD": 0.20796910140924524, "F1_wgt_F1_wgt_CV": 38.226795123131652, "F2_wgt_Direct": 0.54610617253036187, "F2_wgt_SD": 0.21044909592008343, "F2_wgt_CV": 38.536296878860696, "F3_wgt_Direct": 0.55448968772877594, "F3_wgt_SD": 0.21490901469546445, "F3_wgt_CV": 38.757982240525529, "F4_wgt_Direct": 0.53892253991068217, "F4_wgt_SD": 0.20679661536434885, "F4_wgt_CV": 38.372233493633814, "F5_wgt_Direct": 0.60681728575012839, "F5_wgt_SD": 0.23102262303087931, "F5_wgt_CV": 38.071200088721341 }, "geometry": { "type": "MultiPolygon", "coordinates": [ [ [ [ 21.1006765, 60.527756 ], [ 21.0633806, 60.5367193 ], [ 21.0524306, 60.4947308 ], [ 21.0818055, 60.4410495 ], [ 21.1077767, 60.4969528 ], [ 21.1006765, 60.527756 ] ] ], [ [ [ 21.0717043, 60.4117147 ], [ 21.0403449, 60.426847 ], [ 21.004577, 60.3952727 ], [ 21.0326137, 60.3721648 ], [ 21.0568752, 60.3733653 ], [ 21.0428793, 60.3449959 ], [ 21.0849612, 60.3449959 ], [ 21.1008989, 60.3783733 ], [ 21.0717043, 60.4117147 ] ] ], [ [ [ 21.0087371, 60.3426343 ], [ 20.9551875, 60.3328645 ], [ 20.9726231, 60.2854972 ], [ 21.0030291, 60.2968308 ], [ 21.0087371, 60.3426343 ] ] ], [ [ [ 20.9429705, 59.9601243 ], [ 20.863004, 59.9278535 ], [ 20.8932932, 59.9110396 ], [ 20.9429705, 59.9191032 ], [ 20.9768044, 59.9158245 ], [ 20.9890761, 59.9387531 ], [ 20.9429705, 59.9601243 ] ] ], [ [ [ 20.9196159, 60.4965144 ], [ 20.909723, 60.4549935 ], [ 20.9521345, 60.4317415 ], [ 20.9544697, 60.489942 ], [ 20.9196159, 60.4965144 ] ] ], [ [ [ 20.8133803, 60.2795106 ], [ 20.7617417, 60.3041693 ], [ 20.790148, 60.3534982 ], [ 20.7581601, 60.3632214 ], [ 20.6638822, 60.2099886 ], [ 20.6926959, 60.1927029 ], [ 20.751115, 60.2333103 ], [ 20.8133803, 60.2284497 ], [ 20.8374508, 60.2291237 ], [ 20.8292405, 60.2701826 ], [ 20.8133803, 60.2795106 ] ] ], [ [ [ 20.6559199, 60.1606716 ], [ 20.62375, 60.144585 ], [ 20.669218, 60.1032201 ], [ 20.6988318, 60.1236264 ], [ 20.6559199, 60.1606716 ] ] ], [ [ [ 20.5695578, 60.0149877 ], [ 20.6016603, 60.0388603 ], [ 20.5566559, 60.0701985 ], [ 20.5546389, 60.104419799999988 ], [ 20.4599696, 60.08583 ], [ 20.3540767, 60.0120988 ], [ 20.361551, 60.0023352 ], [ 20.4599696, 59.9853677 ], [ 20.4599696, 60.0141953 ], [ 20.5695578, 60.0149877 ] ] ], [ [ [ 19.7846856, 60.401668 ], [ 19.75339, 60.3512753 ], [ 19.7449555, 60.292997 ], [ 19.6860564, 60.2994335 ], [ 19.6528651, 60.2682699 ], [ 19.6097585, 60.2889825 ], [ 19.552403, 60.2500383 ], [ 19.54122, 60.1678771 ], [ 19.6961019, 60.184508 ], [ 19.7604211, 60.1044371 ], [ 19.9430553, 60.0857186 ], [ 19.9661145, 60.1081445 ], [ 20.1339714, 60.0039235 ], [ 20.2080409, 60.0022074 ], [ 20.2136739, 60.0630635 ], [ 20.2672581, 60.0879858 ], [ 20.2906364, 60.1793524 ], [ 20.3293924, 60.2245815 ], [ 20.3955308, 60.2107239 ], [ 20.4084367, 60.247790699999989 ], [ 20.3679204, 60.2727773 ], [ 20.3068197, 60.2627343 ], [ 20.2489823, 60.1793524 ], [ 20.255892, 60.1636379 ], [ 20.1641031, 60.0915515 ], [ 20.0449073, 60.0908681 ], [ 20.010452, 60.2145497 ], [ 20.1641031, 60.1779286 ], [ 20.224928, 60.2179324 ], [ 20.2449558, 60.2680015 ], [ 20.1641031, 60.3459511 ], [ 20.1010645, 60.3512753 ], [ 20.1120452, 60.3938591 ], [ 20.0109133, 60.3768912 ], [ 19.8783084, 60.4164001 ], [ 19.7846856, 60.401668 ] ] ], [ [ [ 20.3428041, 60.3664186 ], [ 20.3013434, 60.3545118 ], [ 20.3029642, 60.339252099999989 ], [ 20.372477, 60.3244193 ], [ 20.372729, 60.3545118 ], [ 20.3428041, 60.3664186 ] ] ], [ [ [ 20.2923412, 60.0074211 ], [ 20.2578996, 59.9624573 ], [ 20.305788, 59.9498989 ], [ 20.3204839, 59.9947969 ], [ 20.2923412, 60.0074211 ] ] ], [ [ [ 19.9357241, 60.000598 ], [ 19.920937, 59.9825598 ], [ 19.9319227, 59.969155 ], [ 19.9844437, 59.9658929 ], [ 19.997849, 59.9968747 ], [ 19.9357241, 60.000598 ] ] ], [ [ [ 19.7200139, 60.4158697 ], [ 19.6939462, 60.4038893 ], [ 19.684811, 60.3685019 ], [ 19.7353818, 60.3681137 ], [ 19.7418141, 60.4010105 ], [ 19.7200139, 60.4158697 ] ] ], [ [ [ 19.5639054, 60.3660527 ], [ 19.5651991, 60.3334318 ], [ 19.5913285, 60.3137888 ], [ 19.6252843, 60.3660527 ], [ 19.5639054, 60.3660527 ] ] ], [ [ [ 19.4802841, 60.2825948 ], [ 19.4634162, 60.2475227 ], [ 19.4658932, 60.2311908 ], [ 19.5097538, 60.2257997 ], [ 19.5194499, 60.2525935 ], [ 19.4802841, 60.2825948 ] ] ], [ [ [ 19.3947679, 60.2735554 ], [ 19.3444695, 60.2513146 ], [ 19.3765674, 60.2089432 ], [ 19.4103946, 60.2636613 ], [ 19.3947679, 60.2735554 ] ] ] ] } },
{ "type": "Feature", "properties": { "region": "FR10", "SampSize": 223.0, "F1_wgt_F1_wgt_Direct": 0.52133118234344289, "F1_wgt_F1_wgt_SD": 0.035795436651228613, "F1_wgt_F1_wgt_CV": 6.8661606793447607, "F2_wgt_Direct": 0.54114932798503002, "F2_wgt_SD": 0.037355809929287137, "F2_wgt_CV": 6.9030502298471896, "F3_wgt_Direct": 0.50432512142184716, "F3_wgt_SD": 0.035215699473709651, "F3_wgt_CV": 6.9827375194846129, "F4_wgt_Direct": 0.44028289313261648, "F4_wgt_SD": 0.03086010380998546, "F4_wgt_CV": 7.009153499109531, "F5_wgt_Direct": 0.47292242017868208, "F5_wgt_SD": 0.033090446640337487, "F5_wgt_CV": 6.9970137232730636 }, "geometry": { "type": "MultiPolygon", "coordinates": [ [ [ [ 1.704359, 49.232197 ], [ 1.608799, 49.077894 ], [ 1.4602164, 49.0494602 ], [ 1.5015265, 48.941052 ], [ 1.581164, 48.8341507 ], [ 1.6125465, 48.6661034 ], [ 1.7725217, 48.5606427 ], [ 1.8042058, 48.473843099999989 ], [ 1.8763576, 48.4434213 ], [ 1.9221465, 48.4575995 ], [ 1.9758229, 48.3863113 ], [ 1.9703804, 48.3099887 ], [ 1.99409, 48.286584 ], [ 2.1455936, 48.2975219 ], [ 2.1664584, 48.3098744 ], [ 2.2099907, 48.3356467 ], [ 2.2702344, 48.310568 ], [ 2.402663, 48.3207175 ], [ 2.4277117, 48.2685875 ], [ 2.5131265, 48.2177725 ], [ 2.4849394, 48.1307881 ], [ 2.6855776, 48.1238474 ], [ 2.7703231, 48.1578935 ], [ 2.8155842, 48.139175699999988 ], [ 2.936316, 48.1633915 ], [ 3.0251696, 48.2402076 ], [ 3.025476, 48.3181589 ], [ 3.0559249, 48.3550846 ], [ 3.1953846, 48.3687575 ], [ 3.414789, 48.3902685 ], [ 3.3963232, 48.4762804 ], [ 3.4869939, 48.5881637 ], [ 3.555614, 48.6202855 ], [ 3.4543434, 48.6446798 ], [ 3.4657454, 48.7254958 ], [ 3.4076223, 48.7634361 ], [ 3.4851835, 48.8519105 ], [ 3.2674589, 48.9484089 ], [ 3.1953846, 49.0058438 ], [ 3.1494736, 49.0927876 ], [ 3.07188, 49.1175535 ], [ 3.0541578, 49.0900842 ], [ 2.9706415, 49.0783871 ], [ 2.8080196, 49.0907327 ], [ 2.7211472, 49.0641853 ], [ 2.6323447, 49.1005308 ], [ 2.5905285, 49.079654 ], [ 2.3161718, 49.1763389 ], [ 2.2504983, 49.1591986 ], [ 2.1664584, 49.181828599999989 ], [ 2.0894937, 49.2025534 ], [ 1.8404873, 49.1707053 ], [ 1.754147, 49.1823636 ], [ 1.704359, 49.232197 ] ] ] ] } },
{ "type": "Feature", "properties": { "region": "FRB0", "SampSize": 80.0, "F1_wgt_F1_wgt_Direct": 0.52008956643924398, "F1_wgt_F1_wgt_SD": 0.059530078245495312, "F1_wgt_F1_wgt_CV": 11.44612045441783, "F2_wgt_Direct": 0.54973060497288573, "F2_wgt_SD": 0.063239678079151623, "F2_wgt_CV": 11.503757932900749, "F3_wgt_Direct": 0.50704426891930987, "F3_wgt_SD": 0.060136961211999178, "F3_wgt_CV": 11.860297985454457, "F4_wgt_Direct": 0.44200542670039072, "F4_wgt_SD": 0.052452912389139218, "F4_wgt_CV": 11.867029050006201, "F5_wgt_Direct": 0.46816306573356609, "F5_wgt_SD": 0.054866207130119679, "F5_wgt_CV": 11.719465106490119 }, "geometry": { "type": "MultiPolygon", "coordinates": [ [ [ [ 1.5015265, 48.941052 ], [ 1.4603547, 48.923286499999989 ], [ 1.4567304, 48.8787655 ], [ 1.375503, 48.8389629 ], [ 1.3343028, 48.7699255 ], [ 1.1299336, 48.78174 ], [ 0.9282446, 48.7103242 ], [ 0.8148245, 48.6701635 ], [ 0.8520028, 48.5902026 ], [ 0.9282446, 48.5353543 ], [ 0.9587292, 48.5060605 ], [ 0.9409068, 48.4052612 ], [ 0.9282446, 48.3909037 ], [ 0.7806383, 48.3236189 ], [ 0.8203769, 48.2185894 ], [ 0.7976585, 48.194455 ], [ 0.9002938, 48.1439008 ], [ 0.8427591, 48.1033429 ], [ 0.8039434, 48.0519469 ], [ 0.8314462, 48.0240831 ], [ 0.8366249, 47.9458727 ], [ 0.7687232, 47.8931915 ], [ 0.7241287, 47.8018217 ], [ 0.5985928, 47.7267101 ], [ 0.6144325, 47.6942155 ], [ 0.3810657, 47.6328135 ], [ 0.3809246, 47.574778 ], [ 0.2300005, 47.6083975 ], [ 0.2174642, 47.5052604 ], [ 0.1457235, 47.3546046 ], [ 0.0969197, 47.2961531 ], [ 0.082545, 47.2789368 ], [ 0.05383, 47.1637335 ], [ 0.0969197, 47.143903 ], [ 0.1856774, 47.1030555 ], [ 0.2015602, 47.063821 ], [ 0.299474, 47.0437837 ], [ 0.3215447, 46.9443532 ], [ 0.5797461, 46.9588633 ], [ 0.5912145, 47.0056439 ], [ 0.6785528, 46.9742065 ], [ 0.7157309, 46.8959891 ], [ 0.867469, 46.7482165 ], [ 0.9114636, 46.7025855 ], [ 0.9210727, 46.6091068 ], [ 1.1225403, 46.5141347 ], [ 1.1792593, 46.4387768 ], [ 1.177279, 46.383948 ], [ 1.3500762, 46.3942647 ], [ 1.4151855, 46.347215 ], [ 1.5205788, 46.4157561 ], [ 1.7304806, 46.4006663 ], [ 1.7729505, 46.4512993 ], [ 2.1664584, 46.4241605 ], [ 2.1677845, 46.424069 ], [ 2.2810435, 46.4204035 ], [ 2.3654046, 46.5130979 ], [ 2.5974905, 46.5480026 ], [ 2.5933791, 46.649351599999989 ], [ 2.7135076, 46.7315636 ], [ 2.7851126, 46.7257637 ], [ 2.9470777, 46.7971641 ], [ 3.032063, 46.794909499999989 ], [ 3.0634662, 46.8563578 ], [ 3.0674935, 47.0256683 ], [ 3.0325097, 47.0640726 ], [ 2.9747276, 47.2603247 ], [ 2.8797942, 47.3546046 ], [ 2.9239073, 47.4410406 ], [ 2.8746305, 47.520425 ], [ 2.8828981, 47.5514708 ], [ 2.9765355, 47.5694245 ], [ 2.9404734, 47.6056823 ], [ 2.9396451, 47.6531418 ], [ 2.8538899, 47.7410373 ], [ 3.0129558, 47.7910835 ], [ 3.0195154, 47.9018428 ], [ 3.1200172, 47.9805457 ], [ 3.0268309, 48.1266639 ], [ 2.936316, 48.1633915 ], [ 2.8155842, 48.139175699999988 ], [ 2.7703231, 48.1578935 ], [ 2.6855776, 48.1238474 ], [ 2.4849394, 48.1307881 ], [ 2.5131265, 48.2177725 ], [ 2.4277117, 48.2685875 ], [ 2.402663, 48.3207175 ], [ 2.2702344, 48.310568 ], [ 2.2099907, 48.3356467 ], [ 2.1664584, 48.3098744 ], [ 2.1455936, 48.2975219 ], [ 1.99409, 48.286584 ], [ 1.9703804, 48.3099887 ], [ 1.9758229, 48.3863113 ], [ 1.9221465, 48.4575995 ], [ 1.8763576, 48.4434213 ], [ 1.8042058, 48.473843099999989 ], [ 1.7725217, 48.5606427 ], [ 1.6125465, 48.6661034 ], [ 1.581164, 48.8341507 ], [ 1.5015265, 48.941052 ] ] ] ] } },
{ "type": "Feature", "properties": { "region": "FRC1", "SampSize": 41.0, "F1_wgt_F1_wgt_Direct": 0.51902979896116441, "F1_wgt_F1_wgt_SD": 0.082845697090445383, "F1_wgt_F1_wgt_CV": 15.961645604213984, "F2_wgt_Direct": 0.55263346928053059, "F2_wgt_SD": 0.087224082479586254, "F2_wgt_CV": 15.78335141249093, "F3_wgt_Direct": 0.497997506217702, "F3_wgt_SD": 0.082266595205676321, "F3_wgt_CV": 16.519479350507645, "F4_wgt_Direct": 0.4210309093296189, "F4_wgt_SD": 0.069675519992409424, "F4_wgt_CV": 16.548789755923003, "F5_wgt_Direct": 0.45362346535706211, "F5_wgt_SD": 0.074310677171788853, "F5_wgt_CV": 16.381576978892937 }, "geometry": { "type": "MultiPolygon", "coordinates": [ [ [ [ 3.6065957, 48.2709788 ], [ 3.4999403, 48.362461 ], [ 3.414789, 48.3902685 ], [ 3.1953846, 48.3687575 ], [ 3.0559249, 48.3550846 ], [ 3.025476, 48.3181589 ], [ 3.0251696, 48.2402076 ], [ 2.936316, 48.1633915 ], [ 3.0268309, 48.1266639 ], [ 3.1200172, 47.9805457 ], [ 3.0195154, 47.9018428 ], [ 3.0129558, 47.7910835 ], [ 2.8538899, 47.7410373 ], [ 2.9396451, 47.6531418 ], [ 2.9404734, 47.6056823 ], [ 2.9765355, 47.5694245 ], [ 2.8828981, 47.5514708 ], [ 2.8746305, 47.520425 ], [ 2.9239073, 47.4410406 ], [ 2.8797942, 47.3546046 ], [ 2.9747276, 47.2603247 ], [ 3.0325097, 47.0640726 ], [ 3.0674935, 47.0256683 ], [ 3.0634662, 46.8563578 ], [ 3.032063, 46.794909499999989 ], [ 3.1953846, 46.6898367 ], [ 3.4152158, 46.7110793 ], [ 3.4678362, 46.6624243 ], [ 3.5485306, 46.6929293 ], [ 3.5971711, 46.7526733 ], [ 3.6294225, 46.7494565 ], [ 3.7465586, 46.5458007 ], [ 3.9895085, 46.4642382 ], [ 3.9822013, 46.3336791 ], [ 3.8995385, 46.275908 ], [ 3.9048041, 46.2153329 ], [ 4.0064377, 46.1712246 ], [ 4.0672338, 46.1873334 ], [ 4.2798246, 46.1677655 ], [ 4.3880745, 46.2197905 ], [ 4.4223832, 46.2974397 ], [ 4.5171768, 46.2717118 ], [ 4.6753436, 46.3008448 ], [ 4.7336051, 46.1871385 ], [ 4.7802085, 46.176676 ], [ 4.9420466, 46.5091572 ], [ 5.0697223, 46.4876766 ], [ 5.1764914, 46.5121823 ], [ 5.2366541, 46.4603668 ], [ 5.3105635, 46.44677 ], [ 5.4137152, 46.4866999 ], [ 5.3623056, 46.553406099999989 ], [ 5.429393, 46.6376477 ], [ 5.3447322, 46.8015642 ], [ 5.4347295, 46.8455175 ], [ 5.2676122, 46.9363721 ], [ 5.2552325, 46.9798875 ], [ 5.3036665, 47.0540937 ], [ 5.3818534, 47.0867228 ], [ 5.4384791, 47.1492282 ], [ 5.5185375, 47.304184 ], [ 5.4898512, 47.3546046 ], [ 5.3970279, 47.4793103 ], [ 5.4836921, 47.5337513 ], [ 5.4811722, 47.5912308 ], [ 5.4386411, 47.6233489 ], [ 5.37408, 47.604538 ], [ 5.2594278, 47.585648 ], [ 5.1648608, 47.6641796 ], [ 5.0974379, 47.6570164 ], [ 4.9713594, 47.6991613 ], [ 4.9316462, 47.7758901 ], [ 4.9785844, 47.8111821 ], [ 4.9451748, 47.875015 ], [ 4.8976914, 47.9155968 ], [ 4.8451158, 47.9076854 ], [ 4.8534161, 47.9469848 ], [ 4.7999259, 47.9669056 ], [ 4.7919297, 47.9997286 ], [ 4.704233, 48.020235 ], [ 4.5901473, 48.0274114 ], [ 4.5433532, 47.9728469 ], [ 4.3262174, 47.9577741 ], [ 4.2934215, 47.9256735 ], [ 4.2106122, 47.9610582 ], [ 4.1052114, 47.9294065 ], [ 3.9148427, 47.9421656 ], [ 3.7858954, 48.1169582 ], [ 3.737115, 48.1587271 ], [ 3.6733187, 48.1471502 ], [ 3.5900497, 48.1904262 ], [ 3.6065957, 48.2709788 ] ] ] ] } },
{ "type": "Feature", "properties": { "region": "FRC2", "SampSize": 31.0, "F1_wgt_F1_wgt_Direct": 0.51359325974216774, "F1_wgt_F1_wgt_SD": 0.094743227266194344, "F1_wgt_F1_wgt_CV": 18.447132135993566, "F2_wgt_Direct": 0.5211628686436629, "F2_wgt_SD": 0.096799481311561394, "F2_wgt_CV": 18.573748656247144, "F3_wgt_Direct": 0.49550153509619282, "F3_wgt_SD": 0.092848038439354796, "F3_wgt_CV": 18.738193903138971, "F4_wgt_Direct": 0.45350300765523394, "F4_wgt_SD": 0.086328052327740309, "F4_wgt_CV": 19.03582795935267, "F5_wgt_Direct": 0.48058874137195923, "F5_wgt_SD": 0.089983905132432651, "F5_wgt_CV": 18.72368147359245 }, "geometry": { "type": "MultiPolygon", "coordinates": [ [ [ [ 5.9964823, 47.9619499 ], [ 5.9311487, 47.964888 ], [ 5.8847235, 47.9260465 ], [ 5.8181469, 47.8578472 ], [ 5.6969778, 47.8111477 ], [ 5.6793784, 47.6880638 ], [ 5.4213542, 47.6713966 ], [ 5.37408, 47.604538 ], [ 5.4386411, 47.6233489 ], [ 5.4811722, 47.5912308 ], [ 5.4836921, 47.5337513 ], [ 5.3970279, 47.4793103 ], [ 5.4898512, 47.3546046 ], [ 5.5185375, 47.304184 ], [ 5.4384791, 47.1492282 ], [ 5.3818534, 47.0867228 ], [ 5.3036665, 47.0540937 ], [ 5.2552325, 46.9798875 ], [ 5.2676122, 46.9363721 ], [ 5.4347295, 46.8455175 ], [ 5.3447322, 46.8015642 ], [ 5.429393, 46.6376477 ], [ 5.3623056, 46.553406099999989 ], [ 5.4137152, 46.4866999 ], [ 5.3105635, 46.44677 ], [ 5.3120797, 46.412182 ], [ 5.4907966, 46.2669897 ], [ 5.6471409, 46.3266899 ], [ 5.7381734, 46.2661005 ], [ 5.8661349, 46.2684687 ], [ 6.064003, 46.416229 ], [ 6.138106, 46.557667 ], [ 6.1389547, 46.5943038 ], [ 6.435801, 46.7670532 ], [ 6.460011, 46.8515515 ], [ 6.4587172, 46.9466457 ], [ 6.6373774, 47.0069324 ], [ 6.858914, 47.1652945 ], [ 7.0161589, 47.3337468 ], [ 6.9151094, 47.3679774 ], [ 6.939186, 47.4337045 ], [ 7.0239161, 47.5041415 ], [ 7.130353, 47.5030405 ], [ 7.0839159, 47.5775625 ], [ 7.0169415, 47.606298 ], [ 7.0233752, 47.7237065 ], [ 6.8461755, 47.8229425 ], [ 6.8235335, 47.813051 ], [ 6.6058775, 47.9364595 ], [ 6.4843789, 47.891976 ], [ 6.3811633, 47.9570565 ], [ 6.1939667, 47.9460136 ], [ 6.1279053, 48.0187247 ], [ 5.9964823, 47.9619499 ] ] ] ] } },
{ "type": "Feature", "properties": { "region": "FRD1", "SampSize": 22.0, "F1_wgt_F1_wgt_Direct": 0.53339683798870796, "F1_wgt_F1_wgt_SD": 0.11595353369896934, "F1_wgt_F1_wgt_CV": 21.738699114940022, "F2_wgt_Direct": 0.47271016868576216, "F2_wgt_SD": 0.10574354282599702, "F2_wgt_CV": 22.36963573683791, "F3_wgt_Direct": 0.50190581148171065, "F3_wgt_SD": 0.11302024736370991, "F3_wgt_CV": 22.518218513958839, "F4_wgt_Direct": 0.45799471539501191, "F4_wgt_SD": 0.10089234422129303, "F4_wgt_CV": 22.029150300189663, "F5_wgt_Direct": 0.45428344834482653, "F5_wgt_SD": 0.1000121669595808, "F5_wgt_CV": 22.015366688787207 }, "geometry": { "type": "MultiPolygon", "coordinates": [ [ [ [ -1.3983775, 49.6981559 ], [ -1.6523885, 49.6606347 ], [ -1.8312438, 49.681914 ], [ -1.9044651, 49.6906256 ], [ -1.8312438, 49.4604561 ], [ -1.8128719, 49.4027045 ], [ -1.6128621, 49.1871025 ], [ -1.5649318, 48.9812945 ], [ -1.5645397, 48.7707978 ], [ -1.4326007, 48.6570437 ], [ -1.5711, 48.626501 ], [ -1.5012167, 48.5063337 ], [ -1.411714, 48.4615996 ], [ -1.2430156, 48.5357964 ], [ -1.0701645, 48.508492 ], [ -0.86036, 48.5014585 ], [ -0.7478575, 48.442946 ], [ -0.4863539, 48.5105085 ], [ -0.3610128, 48.5006217 ], [ -0.2160911, 48.5627079 ], [ -0.1698311, 48.5345319 ], [ -0.1405925, 48.4598519 ], [ -0.0569122, 48.4410961 ], [ -0.054527, 48.3820045 ], [ 0.0511834, 48.3868688 ], [ 0.0969197, 48.4101765 ], [ 0.2162294, 48.4709781 ], [ 0.2973981, 48.4777665 ], [ 0.3584421, 48.4479389 ], [ 0.4099672, 48.3196998 ], [ 0.4806866, 48.3038803 ], [ 0.5420478, 48.2518849 ], [ 0.6659276, 48.2569488 ], [ 0.7428386, 48.19039 ], [ 0.7976585, 48.194455 ], [ 0.8203769, 48.2185894 ], [ 0.7806383, 48.3236189 ], [ 0.9282446, 48.3909037 ], [ 0.9409068, 48.4052612 ], [ 0.9587292, 48.5060605 ], [ 0.9282446, 48.5353543 ], [ 0.8520028, 48.5902026 ], [ 0.8148245, 48.6701635 ], [ 0.7695894, 48.6805417 ], [ 0.7561243, 48.7569736 ], [ 0.6238329, 48.827071 ], [ 0.6009114, 48.8799027 ], [ 0.4221214, 48.8906831 ], [ 0.3959956, 48.9127852 ], [ 0.4128105, 48.9506265 ], [ 0.4368334, 49.0073731 ], [ 0.3863263, 49.0519903 ], [ 0.3870269, 49.1992662 ], [ 0.3409431, 49.2408007 ], [ 0.3724956, 49.273322 ], [ 0.3175471, 49.3097114 ], [ 0.2972215, 49.4299035 ], [ 0.1406225, 49.404571 ], [ 0.0969197, 49.3838547 ], [ -0.0798483, 49.3000617 ], [ -0.2216492, 49.2829242 ], [ -0.410042, 49.3335988 ], [ -0.8037999, 49.3561762 ], [ -0.9600546, 49.3940925 ], [ -1.0833189, 49.3813915 ], [ -1.1195875, 49.322267 ], [ -1.2805834, 49.5212839 ], [ -1.2527855, 49.6261024 ], [ -1.2945637, 49.6773622 ], [ -1.3983775, 49.6981559 ] ] ] ] } },
{ "type": "Feature", "properties": { "region": "FRD2", "SampSize": 57.0, "F1_wgt_F1_wgt_Direct": 0.48349721796342793, "F1_wgt_F1_wgt_SD": 0.06586305955227785, "F1_wgt_F1_wgt_CV": 13.622220998438047, "F2_wgt_Direct": 0.52235386453403454, "F2_wgt_SD": 0.071301498516959105, "F2_wgt_CV": 13.65003752399986, "F3_wgt_Direct": 0.47815512658953446, "F3_wgt_SD": 0.065641387413205507, "F3_wgt_CV": 13.728052626225304, "F4_wgt_Direct": 0.40214431374668252, "F4_wgt_SD": 0.057551002366408352, "F4_wgt_CV": 14.311032233732067, "F5_wgt_Direct": 0.44581818195727674, "F5_wgt_SD": 0.062182734480574937, "F5_wgt_CV": 13.948003243738045 }, "geometry": { "type": "MultiPolygon", "coordinates": [ [ [ [ 0.5035839, 49.4815246 ], [ 0.4048813, 49.4460761 ], [ 0.2972215, 49.4299035 ], [ 0.3175471, 49.3097114 ], [ 0.3724956, 49.273322 ], [ 0.3409431, 49.2408007 ], [ 0.3870269, 49.1992662 ], [ 0.3863263, 49.0519903 ], [ 0.4368334, 49.0073731 ], [ 0.4128105, 48.9506265 ], [ 0.3959956, 48.9127852 ], [ 0.4221214, 48.8906831 ], [ 0.6009114, 48.8799027 ], [ 0.6238329, 48.827071 ], [ 0.7561243, 48.7569736 ], [ 0.7695894, 48.6805417 ], [ 0.8148245, 48.6701635 ], [ 0.9282446, 48.7103242 ], [ 1.1299336, 48.78174 ], [ 1.3343028, 48.7699255 ], [ 1.375503, 48.8389629 ], [ 1.4567304, 48.8787655 ], [ 1.4603547, 48.923286499999989 ], [ 1.5015265, 48.941052 ], [ 1.4602164, 49.0494602 ], [ 1.608799, 49.077894 ], [ 1.704359, 49.232197 ], [ 1.7278281, 49.2647875 ], [ 1.793216, 49.2666566 ], [ 1.7139305, 49.409225 ], [ 1.7797715, 49.4935823 ], [ 1.7407082, 49.5026201 ], [ 1.7051524, 49.5918439 ], [ 1.7432137, 49.6855135 ], [ 1.7106346, 49.7109689 ], [ 1.783834, 49.7583095 ], [ 1.6926674, 49.9038899 ], [ 1.4557245, 50.0473529 ], [ 1.4425559, 50.0661417 ], [ 1.37964, 50.0651205 ], [ 1.3336715, 50.0473529 ], [ 1.1979066, 49.9711609 ], [ 1.0743416, 49.9291074 ], [ 1.0240627, 49.9181464 ], [ 0.9535142, 49.9164225 ], [ 0.9282446, 49.9104947 ], [ 0.7762957, 49.8748508 ], [ 0.6974026, 49.8706933 ], [ 0.5864436, 49.8517705 ], [ 0.3799482, 49.7715148 ], [ 0.3285591, 49.7458507 ], [ 0.2121198, 49.7133657 ], [ 0.1662791, 49.6813825 ], [ 0.1457886, 49.6369524 ], [ 0.0969197, 49.5668459 ], [ 0.0732703, 49.519824 ], [ 0.0781198, 49.5056693 ], [ 0.0969197, 49.4911246 ], [ 0.1501589, 49.4741133 ], [ 0.1714326, 49.4591421 ], [ 0.1930719, 49.452583 ], [ 0.2515641, 49.4481103 ], [ 0.3760402, 49.4522199 ], [ 0.5011559, 49.4837136 ], [ 0.5218262, 49.4771128 ], [ 0.5317984, 49.4742003 ], [ 0.5866375, 49.4380983 ], [ 0.6361978, 49.438529 ], [ 0.6133476, 49.4284532 ], [ 0.5873883, 49.4296309 ], [ 0.5178851, 49.4714468 ], [ 0.5035839, 49.4815246 ] ] ] ] } },
{ "type": "Feature", "properties": { "region": "FRE1", "SampSize": 96.0, "F1_wgt_F1_wgt_Direct": 0.50533674613824831, "F1_wgt_F1_wgt_SD": 0.053403854198852428, "F1_wgt_F1_wgt_CV": 10.56797365459, "F2_wgt_Direct": 0.55793168876663846, "F2_wgt_SD": 0.058441652310659759, "F2_wgt_CV": 10.474696721358599, "F3_wgt_Direct": 0.47397711635817952, "F3_wgt_SD": 0.051237651692329779, "F3_wgt_CV": 10.810153048319329, "F4_wgt_Direct": 0.41760432160095901, "F4_wgt_SD": 0.045945878326561641, "F4_wgt_CV": 11.002251641079791, "F5_wgt_Direct": 0.42596596996825431, "F5_wgt_SD": 0.045885004088546781, "F5_wgt_CV": 10.771988215858279 }, "geometry": { "type": "MultiPolygon", "coordinates": [ [ [ [ 2.7066946, 50.8099287 ], [ 2.6361432, 50.820799 ], [ 2.607036, 50.9126895 ], [ 2.6226208, 50.9566082 ], [ 2.546011, 51.089382 ], [ 2.1664584, 51.0237145 ], [ 2.0676915, 51.0066265 ], [ 1.7710785, 50.9518124 ], [ 1.7217405, 50.9338582 ], [ 1.6475063, 50.882230299999989 ], [ 1.5829808, 50.8655317 ], [ 1.6041396, 50.770316099999988 ], [ 1.5642789, 50.6956695 ], [ 1.5783953, 50.5753953 ], [ 1.5939234, 50.5468526 ], [ 1.5794099, 50.520207 ], [ 1.5586686, 50.403745 ], [ 1.5808083, 50.3811372 ], [ 1.6238168, 50.370293 ], [ 1.644737, 50.350413 ], [ 1.7880289, 50.3572845 ], [ 1.9213429, 50.3247363 ], [ 2.1234037, 50.2037677 ], [ 2.1664584, 50.2062859 ], [ 2.4377558, 50.2221534 ], [ 2.4615519, 50.1984075 ], [ 2.403699, 50.1525167 ], [ 2.4133937, 50.1116633 ], [ 2.5006442, 50.1311867 ], [ 2.6585182, 50.1027112 ], [ 2.7380532, 50.1160267 ], [ 2.7653766, 50.0976389 ], [ 2.7601275, 50.0454101 ], [ 2.8436334, 50.0697511 ], [ 2.8962171, 50.0413789 ], [ 3.0917223, 50.0473529 ], [ 3.1729615, 50.011312 ], [ 3.1953846, 50.0134572 ], [ 3.5571736, 50.0480695 ], [ 3.621878, 50.032897299999988 ], [ 3.7160265, 50.061837 ], [ 4.140853, 49.97876 ], [ 4.2085292, 50.0787877 ], [ 4.148795, 50.1505554 ], [ 4.1981926, 50.2500512 ], [ 4.0554307, 50.3407585 ], [ 4.0277745, 50.3583305 ], [ 3.8940678, 50.3325362 ], [ 3.7702335, 50.3504345 ], [ 3.7078889, 50.3223671 ], [ 3.666698, 50.3557512 ], [ 3.65551, 50.4617355 ], [ 3.6150815, 50.490399 ], [ 3.5239951, 50.4974771 ], [ 3.4909836, 50.5271565 ], [ 3.3858116, 50.4950332 ], [ 3.3033021, 50.5224229 ], [ 3.245294, 50.7130095 ], [ 3.1953846, 50.7553546 ], [ 3.176996, 50.7561645 ], [ 3.098481, 50.779019 ], [ 3.0187085, 50.773533 ], [ 2.9081047, 50.7017415 ], [ 2.863276, 50.7083435 ], [ 2.7066946, 50.8099287 ] ] ] ] } },
{ "type": "Feature", "properties": { "region": "FRE2", "SampSize": 50.0, "F1_wgt_F1_wgt_Direct": 0.51936215928046803, "F1_wgt_F1_wgt_SD": 0.076345402114847416, "F1_wgt_F1_wgt_CV": 14.699839168224628, "F2_wgt_Direct": 0.55103617056397902, "F2_wgt_SD": 0.08042634047842917, "F2_wgt_CV": 14.595473904392476, "F3_wgt_Direct": 0.53153023188478532, "F3_wgt_SD": 0.077365380816724241, "F3_wgt_CV": 14.555217403606497, "F4_wgt_Direct": 0.42989459287243975, "F4_wgt_SD": 0.064614283410450224, "F4_wgt_CV": 15.03026194833366, "F5_wgt_Direct": 0.45749248417228394, "F5_wgt_SD": 0.067325929590073802, "F5_wgt_CV": 14.716291943436604 }, "geometry": { "type": "MultiPolygon", "coordinates": [ [ [ [ 1.7880289, 50.3572845 ], [ 1.644737, 50.350413 ], [ 1.5704215, 50.3483343 ], [ 1.549301, 50.3013586 ], [ 1.6317688, 50.1984448 ], [ 1.519863, 50.1945587 ], [ 1.37964, 50.0651205 ], [ 1.4425559, 50.0661417 ], [ 1.4557245, 50.0473529 ], [ 1.6926674, 49.9038899 ], [ 1.783834, 49.7583095 ], [ 1.7106346, 49.7109689 ], [ 1.7432137, 49.6855135 ], [ 1.7051524, 49.5918439 ], [ 1.7407082, 49.5026201 ], [ 1.7797715, 49.4935823 ], [ 1.7139305, 49.409225 ], [ 1.793216, 49.2666566 ], [ 1.7278281, 49.2647875 ], [ 1.704359, 49.232197 ], [ 1.754147, 49.1823636 ], [ 1.8404873, 49.1707053 ], [ 2.0894937, 49.2025534 ], [ 2.1664584, 49.181828599999989 ], [ 2.2504983, 49.1591986 ], [ 2.3161718, 49.1763389 ], [ 2.5905285, 49.079654 ], [ 2.6323447, 49.1005308 ], [ 2.7211472, 49.0641853 ], [ 2.8080196, 49.0907327 ], [ 2.9706415, 49.0783871 ], [ 3.0541578, 49.0900842 ], [ 3.07188, 49.1175535 ], [ 3.1494736, 49.0927876 ], [ 3.1953846, 49.0058438 ], [ 3.2674589, 48.9484089 ], [ 3.4851835, 48.8519105 ], [ 3.6657282, 49.0175043 ], [ 3.5929333, 49.0453256 ], [ 3.6228493, 49.0784285 ], [ 3.6218545, 49.1380663 ], [ 3.7358589, 49.1588151 ], [ 3.6672214, 49.2213147 ], [ 3.660659, 49.3169241 ], [ 3.8395564, 49.3598221 ], [ 3.869445, 49.3961828 ], [ 4.0260904, 49.3665839 ], [ 4.0479745, 49.405644 ], [ 4.0617896, 49.5265226 ], [ 4.0371609, 49.6248106 ], [ 4.1052114, 49.6328706 ], [ 4.2379674, 49.753724 ], [ 4.233133, 49.9578285 ], [ 4.140853, 49.97876 ], [ 3.7160265, 50.061837 ], [ 3.621878, 50.032897299999988 ], [ 3.5571736, 50.0480695 ], [ 3.1953846, 50.0134572 ], [ 3.1729615, 50.011312 ], [ 3.0917223, 50.0473529 ], [ 2.8962171, 50.0413789 ], [ 2.8436334, 50.0697511 ], [ 2.7601275, 50.0454101 ], [ 2.7653766, 50.0976389 ], [ 2.7380532, 50.1160267 ], [ 2.6585182, 50.1027112 ], [ 2.5006442, 50.1311867 ], [ 2.4133937, 50.1116633 ], [ 2.403699, 50.1525167 ], [ 2.4615519, 50.1984075 ], [ 2.4377558, 50.2221534 ], [ 2.1664584, 50.2062859 ], [ 2.1234037, 50.2037677 ], [ 1.9213429, 50.3247363 ], [ 1.7880289, 50.3572845 ] ] ] ] } },
{ "type": "Feature", "properties": { "region": "FRF1", "SampSize": 51.0, "F1_wgt_F1_wgt_Direct": 0.52851765962711572, "F1_wgt_F1_wgt_SD": 0.076095126093146545, "F1_wgt_F1_wgt_CV": 14.397839827496744, "F2_wgt_Direct": 0.54597749850818866, "F2_wgt_SD": 0.079215002296443918, "F2_wgt_CV": 14.50884011024052, "F3_wgt_Direct": 0.51313138036270534, "F3_wgt_SD": 0.075239298004850824, "F3_wgt_CV": 14.662774658542254, "F4_wgt_Direct": 0.4622691110857588, "F4_wgt_SD": 0.068148587488945825, "F4_wgt_CV": 14.742189312385856, "F5_wgt_Direct": 0.48040705099649567, "F5_wgt_SD": 0.070511179503210758, "F5_wgt_CV": 14.677382306723285 }, "geometry": { "type": "MultiPolygon", "coordinates": [ [ [ [ 7.0949631, 49.0586568 ], [ 7.0239161, 48.9565081 ], [ 6.9841596, 48.9482541 ], [ 6.9601472, 48.9071044 ], [ 7.0239161, 48.8808589 ], [ 7.07622, 48.7982714 ], [ 7.162231, 48.839283 ], [ 7.2626231, 48.8137937 ], [ 7.3016359, 48.7619478 ], [ 7.265513, 48.7058139 ], [ 7.2811557, 48.6413755 ], [ 7.2343204, 48.5683555 ], [ 7.1679897, 48.5316328 ], [ 7.079356, 48.5364185 ], [ 7.0878427, 48.5100407 ], [ 7.1114221, 48.4760967 ], [ 7.0885404, 48.3526179 ], [ 7.198287, 48.3104715 ], [ 6.9451087, 47.9847238 ], [ 6.8906574, 47.8481187 ], [ 6.8461755, 47.8229425 ], [ 7.0233752, 47.7237065 ], [ 7.0169415, 47.606298 ], [ 7.0839159, 47.5775625 ], [ 7.130353, 47.5030405 ], [ 7.1907, 47.442753 ], [ 7.326466, 47.4398535 ], [ 7.3374028, 47.440884 ], [ 7.3527539, 47.4344133 ], [ 7.380894, 47.4318925 ], [ 7.4211395, 47.446388 ], [ 7.445019, 47.4617235 ], [ 7.5109055, 47.5025825 ], [ 7.5551595, 47.564564 ], [ 7.589039, 47.589878 ], [ 7.5205008, 47.678195 ], [ 7.5459905, 47.743574 ], [ 7.5382383, 47.7928169 ], [ 7.6143858, 47.975755 ], [ 7.5740786, 48.0403272 ], [ 7.577291, 48.115655 ], [ 7.5779195, 48.121392 ], [ 7.680713, 48.257267 ], [ 7.7361284, 48.3357969 ], [ 7.8125877, 48.5990022 ], [ 7.9436758, 48.7058139 ], [ 7.9596305, 48.718581 ], [ 8.0896384, 48.8089707 ], [ 8.1688877, 48.9266264 ], [ 8.232633, 48.9665715 ], [ 8.0684075, 48.9993165 ], [ 7.9106545, 49.0451635 ], [ 7.635651, 49.0539505 ], [ 7.5387143, 48.9405609 ], [ 7.4563485, 48.9620549 ], [ 7.3282418, 48.9494106 ], [ 7.1362675, 49.0097346 ], [ 7.0949631, 49.0586568 ] ] ] ] } },
{ "type": "Feature", "properties": { "region": "FRF2", "SampSize": 24.0, "F1_wgt_F1_wgt_Direct": 0.50928443774302423, "F1_wgt_F1_wgt_SD": 0.10699072254193408, "F1_wgt_F1_wgt_CV": 21.008048668457384, "F2_wgt_Direct": 0.51258815622169873, "F2_wgt_SD": 0.10854832387839136, "F2_wgt_CV": 21.176518138558645, "F3_wgt_Direct": 0.50476647377223594, "F3_wgt_SD": 0.10910464512750744, "F3_wgt_CV": 21.614875550696411, "F4_wgt_Direct": 0.4139756038402802, "F4_wgt_SD": 0.090944002735357937, "F4_wgt_CV": 21.968444973981097, "F5_wgt_Direct": 0.42773557520768862, "F5_wgt_SD": 0.093301753114237926, "F5_wgt_CV": 21.812951393845346 }, "geometry": { "type": "MultiPolygon", "coordinates": [ [ [ [ 4.8357682, 50.0473529 ], [ 4.8690704, 50.1443824 ], [ 4.796697, 50.148678 ], [ 4.6973884, 50.0850445 ], [ 4.6952057, 50.0473529 ], [ 4.6776578, 49.9962822 ], [ 4.432494, 49.941616 ], [ 4.233133, 49.9578285 ], [ 4.2379674, 49.753724 ], [ 4.1052114, 49.6328706 ], [ 4.0371609, 49.6248106 ], [ 4.0617896, 49.5265226 ], [ 4.0479745, 49.405644 ], [ 4.0260904, 49.3665839 ], [ 3.869445, 49.3961828 ], [ 3.8395564, 49.3598221 ], [ 3.660659, 49.3169241 ], [ 3.6672214, 49.2213147 ], [ 3.7358589, 49.1588151 ], [ 3.6218545, 49.1380663 ], [ 3.6228493, 49.0784285 ], [ 3.5929333, 49.0453256 ], [ 3.6657282, 49.0175043 ], [ 3.4851835, 48.8519105 ], [ 3.4076223, 48.7634361 ], [ 3.4657454, 48.7254958 ], [ 3.4543434, 48.6446798 ], [ 3.555614, 48.6202855 ], [ 3.4869939, 48.5881637 ], [ 3.3963232, 48.4762804 ], [ 3.414789, 48.3902685 ], [ 3.4999403, 48.362461 ], [ 3.6065957, 48.2709788 ], [ 3.5900497, 48.1904262 ], [ 3.6733187, 48.1471502 ], [ 3.737115, 48.1587271 ], [ 3.7858954, 48.1169582 ], [ 3.9148427, 47.9421656 ], [ 4.1052114, 47.9294065 ], [ 4.2106122, 47.9610582 ], [ 4.2934215, 47.9256735 ], [ 4.3262174, 47.9577741 ], [ 4.5433532, 47.9728469 ], [ 4.5901473, 48.0274114 ], [ 4.704233, 48.020235 ], [ 4.7919297, 47.9997286 ], [ 4.7999259, 47.9669056 ], [ 4.8534161, 47.9469848 ], [ 4.8451158, 47.9076854 ], [ 4.8976914, 47.9155968 ], [ 4.9451748, 47.875015 ], [ 4.9785844, 47.8111821 ], [ 4.9316462, 47.7758901 ], [ 4.9713594, 47.6991613 ], [ 5.0974379, 47.6570164 ], [ 5.1648608, 47.6641796 ], [ 5.2594278, 47.585648 ], [ 5.37408, 47.604538 ], [ 5.4213542, 47.6713966 ], [ 5.6793784, 47.6880638 ], [ 5.6969778, 47.8111477 ], [ 5.8181469, 47.8578472 ], [ 5.8847235, 47.9260465 ], [ 5.7955975, 47.9617557 ], [ 5.7476413, 48.0396195 ], [ 5.6438769, 48.0812365 ], [ 5.7169596, 48.2017021 ], [ 5.5165678, 48.3459492 ], [ 5.4307751, 48.3423308 ], [ 5.4275423, 48.3913012 ], [ 5.470055, 48.4209265 ], [ 5.0562355, 48.6203621 ], [ 5.0060704, 48.6225516 ], [ 4.9884305, 48.684422 ], [ 5.0010027, 48.7058139 ], [ 4.9981143, 48.7390383 ], [ 4.8967383, 48.810802 ], [ 4.9247527, 48.9062785 ], [ 5.0313513, 48.978434 ], [ 4.9505731, 49.1753983 ], [ 4.9807448, 49.2117112 ], [ 4.9509905, 49.2368675 ], [ 5.0404074, 49.2868472 ], [ 5.0334794, 49.3373556 ], [ 5.0917053, 49.3894119 ], [ 5.110022, 49.4424446 ], [ 5.0711288, 49.5025215 ], [ 5.1186589, 49.5841083 ], [ 5.2735819, 49.5497869 ], [ 5.393511, 49.617111 ], [ 5.3199513, 49.6212796 ], [ 5.2906182, 49.6798476 ], [ 5.1537385, 49.717926 ], [ 4.969431, 49.801826 ], [ 4.8644336, 49.811491 ], [ 4.8786035, 49.9125466 ], [ 4.8016969, 49.9653318 ], [ 4.8357682, 50.0473529 ] ] ] ] } },
{ "type": "Feature", "properties": { "region": "FRF3", "SampSize": 62.0, "F1_wgt_F1_wgt_Direct": 0.51054665399642862, "F1_wgt_F1_wgt_SD": 0.066777724248147943, "F1_wgt_F1_wgt_CV": 13.07965172730621, "F2_wgt_Direct": 0.54600158564989676, "F2_wgt_SD": 0.071287571978199363, "F2_wgt_CV": 13.056293947085692, "F3_wgt_Direct": 0.48867345733538919, "F3_wgt_SD": 0.064829505200825449, "F3_wgt_CV": 13.2664265324178, "F4_wgt_Direct": 0.41792905071496872, "F4_wgt_SD": 0.05706422621111517, "F4_wgt_CV": 13.65404632999142, "F5_wgt_Direct": 0.45432365103756189, "F5_wgt_SD": 0.060945592411489502, "F5_wgt_CV": 13.414576210660607 }, "geometry": { "type": "MultiPolygon", "coordinates": [ [ [ [ 5.2735819, 49.5497869 ], [ 5.1186589, 49.5841083 ], [ 5.0711288, 49.5025215 ], [ 5.110022, 49.4424446 ], [ 5.0917053, 49.3894119 ], [ 5.0334794, 49.3373556 ], [ 5.0404074, 49.2868472 ], [ 4.9509905, 49.2368675 ], [ 4.9807448, 49.2117112 ], [ 4.9505731, 49.1753983 ], [ 5.0313513, 48.978434 ], [ 4.9247527, 48.9062785 ], [ 4.8967383, 48.810802 ], [ 4.9981143, 48.7390383 ], [ 5.0010027, 48.7058139 ], [ 4.9884305, 48.684422 ], [ 5.0060704, 48.6225516 ], [ 5.0562355, 48.6203621 ], [ 5.470055, 48.4209265 ], [ 5.4275423, 48.3913012 ], [ 5.4307751, 48.3423308 ], [ 5.5165678, 48.3459492 ], [ 5.7169596, 48.2017021 ], [ 5.6438769, 48.0812365 ], [ 5.7476413, 48.0396195 ], [ 5.7955975, 47.9617557 ], [ 5.8847235, 47.9260465 ], [ 5.9311487, 47.964888 ], [ 5.9964823, 47.9619499 ], [ 6.1279053, 48.0187247 ], [ 6.1939667, 47.9460136 ], [ 6.3811633, 47.9570565 ], [ 6.4843789, 47.891976 ], [ 6.6058775, 47.9364595 ], [ 6.8235335, 47.813051 ], [ 6.8461755, 47.8229425 ], [ 6.8906574, 47.8481187 ], [ 6.9451087, 47.9847238 ], [ 7.198287, 48.3104715 ], [ 7.0885404, 48.3526179 ], [ 7.1114221, 48.4760967 ], [ 7.0878427, 48.5100407 ], [ 7.079356, 48.5364185 ], [ 7.1679897, 48.5316328 ], [ 7.2343204, 48.5683555 ], [ 7.2811557, 48.6413755 ], [ 7.265513, 48.7058139 ], [ 7.3016359, 48.7619478 ], [ 7.2626231, 48.8137937 ], [ 7.162231, 48.839283 ], [ 7.07622, 48.7982714 ], [ 7.0239161, 48.8808589 ], [ 6.9601472, 48.9071044 ], [ 6.9841596, 48.9482541 ], [ 7.0239161, 48.9565081 ], [ 7.0949631, 49.0586568 ], [ 7.1362675, 49.0097346 ], [ 7.3282418, 48.9494106 ], [ 7.4563485, 48.9620549 ], [ 7.5387143, 48.9405609 ], [ 7.635651, 49.0539505 ], [ 7.529495, 49.0998453 ], [ 7.4807818, 49.1634575 ], [ 7.3687555, 49.161458 ], [ 7.2948914, 49.1211383 ], [ 7.1924415, 49.1181018 ], [ 7.101069, 49.155998 ], [ 7.0516644, 49.125961 ], [ 7.0239161, 49.1898705 ], [ 6.858713, 49.2108113 ], [ 6.8167781, 49.1573542 ], [ 6.7328422, 49.1731219 ], [ 6.7234655, 49.218829 ], [ 6.585592, 49.3314504 ], [ 6.556986, 49.4192085 ], [ 6.4495749, 49.4686731 ], [ 6.3671075, 49.469507 ], [ 6.2156153, 49.5076097 ], [ 6.1016596, 49.4603535 ], [ 5.9999356, 49.4562242 ], [ 5.893386, 49.4969445 ], [ 5.818117, 49.5463105 ], [ 5.734556, 49.5456905 ], [ 5.470883, 49.497238 ], [ 5.393511, 49.617111 ], [ 5.2735819, 49.5497869 ] ] ] ] } },
{ "type": "Feature", "properties": { "region": "FRG0", "SampSize": 118.0, "F1_wgt_F1_wgt_Direct": 0.51856802777372657, "F1_wgt_F1_wgt_SD": 0.049092293773300259, "F1_wgt_F1_wgt_CV": 9.4668955940186361, "F2_wgt_Direct": 0.55015098386664618, "F2_wgt_SD": 0.051970330358139499, "F2_wgt_CV": 9.4465577418174433, "F3_wgt_Direct": 0.49577643142544803, "F3_wgt_SD": 0.04788425496769104, "F3_wgt_CV": 9.6584371366777244, "F4_wgt_Direct": 0.43255046913788009, "F4_wgt_SD": 0.042302884778981913, "F4_wgt_CV": 9.7798725922771848, "F5_wgt_Direct": 0.45377605075494382, "F5_wgt_SD": 0.044088514375303249, "F5_wgt_CV": 9.7159191856761762 }, "geometry": { "type": "MultiPolygon", "coordinates": [ [ [ [ -0.2160911, 48.5627079 ], [ -0.3610128, 48.5006217 ], [ -0.4863539, 48.5105085 ], [ -0.7478575, 48.442946 ], [ -0.86036, 48.5014585 ], [ -1.0701645, 48.508492 ], [ -1.0536558, 48.3329453 ], [ -1.0951333, 48.258263 ], [ -1.0291531, 48.0049452 ], [ -1.143027, 47.9683728 ], [ -1.238248, 47.8099925 ], [ -1.245885, 47.7767175 ], [ -1.4627178, 47.8286934 ], [ -1.6731352, 47.7123057 ], [ -1.8312438, 47.6985509 ], [ -1.9863895, 47.6850538 ], [ -2.0337727, 47.6620581 ], [ -2.097034, 47.6313565 ], [ -2.1023991, 47.5445825 ], [ -2.1609581, 47.505339899999989 ], [ -2.2826266, 47.511453 ], [ -2.3312636, 47.462762399999988 ], [ -2.458476, 47.448005 ], [ -2.5198181, 47.3763901 ], [ -2.4587546, 47.2776979 ], [ -2.2853393, 47.243354 ], [ -2.1760673, 47.2638785 ], [ -2.2016896, 47.1386966 ], [ -2.0542999, 47.0887197 ], [ -2.0337727, 47.0720395 ], [ -1.9804645, 47.028722 ], [ -2.0337727, 46.9818631 ], [ -2.1459833, 46.883228 ], [ -2.14404, 46.8374416 ], [ -2.0337727, 46.7572903 ], [ -1.9506664, 46.6968817 ], [ -1.8465119, 46.5846088 ], [ -1.8312438, 46.551816 ], [ -1.8047522, 46.4949174 ], [ -1.6731352, 46.4389973 ], [ -1.2201182, 46.2771234 ], [ -1.1807149, 46.3191512 ], [ -1.075287, 46.3199935 ], [ -0.9658776, 46.3551725 ], [ -0.9402225, 46.3172347 ], [ -0.8207244, 46.3333787 ], [ -0.7504715, 46.3042545 ], [ -0.6425477, 46.3266152 ], [ -0.5497058, 46.3845117 ], [ -0.6291562, 46.4188208 ], [ -0.6117059, 46.5979746 ], [ -0.7170271, 46.7635086 ], [ -0.7196173, 46.8177659 ], [ -0.8121483, 46.8690603 ], [ -0.8220303, 46.9182816 ], [ -0.891964, 46.9758205 ], [ -0.6117104, 46.9984583 ], [ -0.5074301, 47.0767156 ], [ -0.2426811, 47.1019628 ], [ -0.102116, 47.0648 ], [ 0.0068123, 47.162541 ], [ 0.05383, 47.1637335 ], [ 0.082545, 47.2789368 ], [ 0.0969197, 47.2961531 ], [ 0.1457235, 47.3546046 ], [ 0.2174642, 47.5052604 ], [ 0.2300005, 47.6083975 ], [ 0.3809246, 47.574778 ], [ 0.3810657, 47.6328135 ], [ 0.6144325, 47.6942155 ], [ 0.5985928, 47.7267101 ], [ 0.7241287, 47.8018217 ], [ 0.7687232, 47.8931915 ], [ 0.8366249, 47.9458727 ], [ 0.8314462, 48.0240831 ], [ 0.8039434, 48.0519469 ], [ 0.8427591, 48.1033429 ], [ 0.9002938, 48.1439008 ], [ 0.7976585, 48.194455 ], [ 0.7428386, 48.19039 ], [ 0.6659276, 48.2569488 ], [ 0.5420478, 48.2518849 ], [ 0.4806866, 48.3038803 ], [ 0.4099672, 48.3196998 ], [ 0.3584421, 48.4479389 ], [ 0.2973981, 48.4777665 ], [ 0.2162294, 48.4709781 ], [ 0.0969197, 48.4101765 ], [ 0.0511834, 48.3868688 ], [ -0.054527, 48.3820045 ], [ -0.0569122, 48.4410961 ], [ -0.1405925, 48.4598519 ], [ -0.1698311, 48.5345319 ], [ -0.2160911, 48.5627079 ] ] ], [ [ [ -2.194093, 46.9696617 ], [ -2.2037417, 46.9582278 ], [ -2.1606182, 46.8958573 ], [ -2.1412076, 46.9408884 ], [ -2.194093, 46.9696617 ] ] ], [ [ [ -2.2522296, 47.0280937 ], [ -2.3055581, 47.0249702 ], [ -2.3026045, 46.989521 ], [ -2.2621214, 46.9589208 ], [ -2.2188639, 46.9913053 ], [ -2.2522296, 47.0280937 ] ] ], [ [ [ -2.3151997, 46.7200495 ], [ -2.3830816, 46.7352129 ], [ -2.4048717, 46.7251725 ], [ -2.3304877, 46.6830296 ], [ -2.2996303, 46.697326 ], [ -2.3151997, 46.7200495 ] ] ] ] } },
{ "type": "Feature", "properties": { "region": "FRH0", "SampSize": 102.0, "F1_wgt_F1_wgt_Direct": 0.53443758180190959, "F1_wgt_F1_wgt_SD": 0.054057858825107337, "F1_wgt_F1_wgt_CV": 10.114905962048155, "F2_wgt_Direct": 0.55210357551691847, "F2_wgt_SD": 0.056105624293023917, "F2_wgt_CV": 10.162155577509864, "F3_wgt_Direct": 0.511991816261681, "F3_wgt_SD": 0.052817239419528858, "F3_wgt_CV": 10.316031964177681, "F4_wgt_Direct": 0.46438326221662679, "F4_wgt_SD": 0.048446592848442022, "F4_wgt_CV": 10.432458873989848, "F5_wgt_Direct": 0.50366681049918249, "F5_wgt_SD": 0.052023940827288277, "F5_wgt_CV": 10.329038908822984 }, "geometry": { "type": "MultiPolygon", "coordinates": [ [ [ [ -3.1240354, 48.861204699999988 ], [ -3.169745, 48.8549049 ], [ -3.5543836, 48.8018931 ], [ -3.5730427, 48.78603 ], [ -3.5506619, 48.7327336 ], [ -3.659154, 48.659424 ], [ -3.7799753, 48.6916334 ], [ -3.9072256, 48.670283 ], [ -4.026441, 48.7038509 ], [ -4.3940331, 48.6549011 ], [ -4.7092571, 48.5449915 ], [ -4.7625531, 48.4130129 ], [ -4.7114955, 48.3506476 ], [ -4.4688498, 48.3663907 ], [ -4.3230086, 48.3127107 ], [ -4.3442445, 48.2870763 ], [ -4.539961, 48.2961131 ], [ -4.5766984, 48.2701551 ], [ -4.540013, 48.2246983 ], [ -4.3762962, 48.2014653 ], [ -4.3212795, 48.1542734 ], [ -4.5781276, 48.0366014 ], [ -4.4358104, 47.9512431 ], [ -4.3298494, 47.8125119 ], [ -4.2306681, 47.806343399999989 ], [ -3.9795962, 47.8722862 ], [ -3.8120511, 47.799225 ], [ -3.616372, 47.7784712 ], [ -3.5271728, 47.843075 ], [ -3.5217174, 47.7698234 ], [ -3.4811255, 47.7219478 ], [ -3.3381147, 47.7071724 ], [ -3.169745, 47.6036908 ], [ -3.1258502, 47.5767126 ], [ -2.927804, 47.5785268 ], [ -2.7976842, 47.4934447 ], [ -2.5974591, 47.5379877 ], [ -2.4834798, 47.5047008 ], [ -2.458476, 47.448005 ], [ -2.3312636, 47.462762399999988 ], [ -2.2826266, 47.511453 ], [ -2.1609581, 47.505339899999989 ], [ -2.1023991, 47.5445825 ], [ -2.097034, 47.6313565 ], [ -2.0337727, 47.6620581 ], [ -1.9863895, 47.6850538 ], [ -1.8312438, 47.6985509 ], [ -1.6731352, 47.7123057 ], [ -1.4627178, 47.8286934 ], [ -1.245885, 47.7767175 ], [ -1.238248, 47.8099925 ], [ -1.143027, 47.9683728 ], [ -1.0291531, 48.0049452 ], [ -1.0951333, 48.258263 ], [ -1.0536558, 48.3329453 ], [ -1.0701645, 48.508492 ], [ -1.2430156, 48.5357964 ], [ -1.411714, 48.4615996 ], [ -1.5012167, 48.5063337 ], [ -1.5711, 48.626501 ], [ -1.6731352, 48.6109131 ], [ -1.8312438, 48.6154348 ], [ -1.8577116, 48.6841979 ], [ -1.8972656, 48.6944486 ], [ -2.123827, 48.6048255 ], [ -2.2018934, 48.5929928 ], [ -2.3500059, 48.6663126 ], [ -2.4652076, 48.6360233 ], [ -2.6913876, 48.5163771 ], [ -2.8071053, 48.5975595 ], [ -2.9284259, 48.7393891 ], [ -3.1240354, 48.861204699999988 ] ] ], [ [ [ -3.169745, 47.3526097 ], [ -3.2344986, 47.3741622 ], [ -3.2514774, 47.3504594 ], [ -3.2349431, 47.3121334 ], [ -3.169745, 47.2975381 ], [ -3.0939446, 47.2818807 ], [ -3.0596658, 47.3075574 ], [ -3.169745, 47.3526097 ] ] ], [ [ [ -3.1391056, 47.5402324 ], [ -3.1664557, 47.5338977 ], [ -3.1311449, 47.4671655 ], [ -3.1056051, 47.4822296 ], [ -3.1391056, 47.5402324 ] ] ], [ [ [ -3.4756863, 47.6622189 ], [ -3.5128862, 47.6442536 ], [ -3.4756863, 47.6141049 ], [ -3.429026, 47.6370286 ], [ -3.4756863, 47.6622189 ] ] ], [ [ [ -5.0504618, 48.4751029 ], [ -5.1044809, 48.4809103 ], [ -5.1239478, 48.4544999 ], [ -5.1122904, 48.4354674 ], [ -5.0557541, 48.4551604 ], [ -5.0504618, 48.4751029 ] ] ] ] } },
{ "type": "Feature", "properties": { "region": "FRI1", "SampSize": 88.0, "F1_wgt_F1_wgt_Direct": 0.51309585282902381, "F1_wgt_F1_wgt_SD": 0.056052064547856599, "F1_wgt_F1_wgt_CV": 10.92428719484009, "F2_wgt_Direct": 0.5312394524513735, "F2_wgt_SD": 0.058363594961638308, "F2_wgt_CV": 10.986306587796314, "F3_wgt_Direct": 0.49691874337549602, "F3_wgt_SD": 0.055963859706872898, "F3_wgt_CV": 11.262175245537858, "F4_wgt_Direct": 0.42101888627165129, "F4_wgt_SD": 0.047849539298098438, "F4_wgt_CV": 11.365176446556079, "F5_wgt_Direct": 0.42824550766371167, "F5_wgt_SD": 0.048377465720170917, "F5_wgt_CV": 11.296666247380765 }, "geometry": { "type": "MultiPolygon", "coordinates": [ [ [ [ 0.7586763, 45.676711 ], [ 0.629741, 45.71457 ], [ 0.5118972, 45.6164229 ], [ 0.4963376, 45.5518243 ], [ 0.2924408, 45.439828 ], [ 0.2552262, 45.3741935 ], [ 0.2561624, 45.3014781 ], [ 0.1429436, 45.2189035 ], [ 0.0969197, 45.2219299 ], [ 0.0617692, 45.2242413 ], [ 0.004336, 45.191628 ], [ -0.0401975, 45.10238 ], [ -0.1828615, 45.0944903 ], [ -0.3303173, 45.1594188 ], [ -0.3846113, 45.1555717 ], [ -0.4385085, 45.2802914 ], [ -0.5816982, 45.3240157 ], [ -0.7148255, 45.32837 ], [ -0.731753, 45.2274019 ], [ -1.008744, 45.4871781 ], [ -1.0624215, 45.5038509 ], [ -1.1141431, 45.4725899 ], [ -1.232698, 44.760417 ], [ -1.2193243, 44.7266392 ], [ -1.1429343, 44.7162412 ], [ -1.1101141, 44.6801737 ], [ -1.2036758, 44.6012025 ], [ -1.254086, 44.4676385 ], [ -1.3269766, 44.1378398 ], [ -1.3806088, 43.8951772 ], [ -1.4582815, 43.631111 ], [ -1.5022463, 43.563972 ], [ -1.5247575, 43.529595 ], [ -1.6731352, 43.3888802 ], [ -1.781126, 43.3646549 ], [ -1.785978, 43.350479 ], [ -1.728903, 43.296089 ], [ -1.6598924, 43.3075704 ], [ -1.5935532, 43.2652986 ], [ -1.5131682, 43.2859724 ], [ -1.4022095, 43.2517754 ], [ -1.3919844, 43.1951346 ], [ -1.4265918, 43.132084899999988 ], [ -1.4529085, 43.0841396 ], [ -1.4197004, 43.04686 ], [ -1.3643561, 43.0423748 ], [ -1.3072626, 43.0942194 ], [ -1.22553, 43.0407765 ], [ -0.9492364, 42.9621971 ], [ -0.7711328, 42.9578855 ], [ -0.724501, 42.9201585 ], [ -0.5541504, 42.7966036 ], [ -0.4039664, 42.8058157 ], [ -0.313342, 42.849365 ], [ -0.318223, 42.9012416 ], [ -0.2762183, 42.9951055 ], [ -0.1362627, 43.1320849 ], [ -0.0660396, 43.2008146 ], [ -0.0353336, 43.3013567 ], [ 0.0104189, 43.3480057 ], [ -0.0883573, 43.563972 ], [ -0.096788, 43.582405 ], [ -0.242833, 43.584979 ], [ -0.2752747, 43.6320237 ], [ -0.2037865, 43.7405373 ], [ -0.2073912, 43.9121183 ], [ -0.0353746, 43.975119 ], [ 0.0482559, 43.907208 ], [ 0.0760435, 43.9831385 ], [ 0.0969197, 43.9849277 ], [ 0.37909, 44.0091119 ], [ 0.5872117, 44.0721732 ], [ 0.6603943, 44.0473137 ], [ 0.741885, 44.065199 ], [ 0.7979037, 44.1295734 ], [ 0.8742143, 44.1487683 ], [ 0.9187343, 44.2487875 ], [ 0.8872561, 44.3158398 ], [ 0.9026154, 44.3604111 ], [ 1.0640815, 44.3785085 ], [ 0.9928121, 44.5356485 ], [ 1.075142, 44.5773255 ], [ 1.1485253, 44.6553972 ], [ 1.2900364, 44.7248526 ], [ 1.3130575, 44.7946211 ], [ 1.4217053, 44.8708573 ], [ 1.4139442, 44.9940443 ], [ 1.44826, 45.019314 ], [ 1.3901362, 45.0915068 ], [ 1.3979858, 45.1274194 ], [ 1.2946983, 45.1439514 ], [ 1.2390458, 45.2056357 ], [ 1.2648122, 45.2442057 ], [ 1.2345382, 45.3039674 ], [ 1.3115125, 45.378101099999988 ], [ 1.2531545, 45.44422 ], [ 1.1337494, 45.4871631 ], [ 1.1498114, 45.5301255 ], [ 1.0671637, 45.5455186 ], [ 1.0123185, 45.6068582 ], [ 0.9282446, 45.6106473 ], [ 0.8703593, 45.613256 ], [ 0.8085257, 45.5824121 ], [ 0.7604956, 45.6170823 ], [ 0.7586763, 45.676711 ] ], [ [ -0.0767522, 43.3610398 ], [ -0.0690262, 43.3192186 ], [ -0.0902675, 43.2990563 ], [ -0.08617, 43.2658976 ], [ -0.1120001, 43.2439227 ], [ -0.1355718, 43.2674286 ], [ -0.111679, 43.3323319 ], [ -0.0767522, 43.3610398 ] ] ] ] } },
{ "type": "Feature", "properties": { "region": "FRI2", "SampSize": 19.0, "F1_wgt_F1_wgt_Direct": 0.52986896416935902, "F1_wgt_F1_wgt_SD": 0.12429582326780764, "F1_wgt_F1_wgt_CV": 23.457841782195736, "F2_wgt_Direct": 0.57569271477328288, "F2_wgt_SD": 0.13563297608286567, "F2_wgt_CV": 23.559960479312327, "F3_wgt_Direct": 0.50861438946326765, "F3_wgt_SD": 0.12082281635891159, "F3_wgt_CV": 23.755288655205749, "F4_wgt_Direct": 0.48262023882311772, "F4_wgt_SD": 0.11455130387928995, "F4_wgt_CV": 23.735288051455605, "F5_wgt_Direct": 0.52882108723958221, "F5_wgt_SD": 0.1236687214516526, "F5_wgt_CV": 23.385739418448061 }, "geometry": { "type": "MultiPolygon", "coordinates": [ [ [ [ 2.1677845, 46.424069 ], [ 2.1664584, 46.4241605 ], [ 1.7729505, 46.4512993 ], [ 1.7304806, 46.4006663 ], [ 1.5205788, 46.4157561 ], [ 1.4151855, 46.347215 ], [ 1.3500762, 46.3942647 ], [ 1.177279, 46.383948 ], [ 1.0466955, 46.3551744 ], [ 0.9948895, 46.2854513 ], [ 0.9282446, 46.2799883 ], [ 0.8892979, 46.2767958 ], [ 0.8184732, 46.2198516 ], [ 0.8234325, 46.1285845 ], [ 0.8354663, 46.0491197 ], [ 0.9099715, 46.010678 ], [ 0.9249033, 45.9707445 ], [ 0.836951, 45.920837 ], [ 0.7754047, 45.8159246 ], [ 0.629741, 45.71457 ], [ 0.7586763, 45.676711 ], [ 0.7604956, 45.6170823 ], [ 0.8085257, 45.5824121 ], [ 0.8703593, 45.613256 ], [ 0.9282446, 45.6106473 ], [ 1.0123185, 45.6068582 ], [ 1.0671637, 45.5455186 ], [ 1.1498114, 45.5301255 ], [ 1.1337494, 45.4871631 ], [ 1.2531545, 45.44422 ], [ 1.3115125, 45.378101099999988 ], [ 1.2345382, 45.3039674 ], [ 1.2648122, 45.2442057 ], [ 1.2390458, 45.2056357 ], [ 1.2946983, 45.1439514 ], [ 1.3979858, 45.1274194 ], [ 1.3901362, 45.0915068 ], [ 1.44826, 45.019314 ], [ 1.5426225, 45.0422064 ], [ 1.6361425, 45.0273259 ], [ 1.791076, 44.9266147 ], [ 1.9028331, 44.97058 ], [ 2.062908, 44.9765045 ], [ 2.1290212, 44.9926902 ], [ 2.1081272, 45.060295 ], [ 2.1664584, 45.0901681 ], [ 2.2148904, 45.226872899999989 ], [ 2.3377356, 45.3300526 ], [ 2.3756489, 45.3974175 ], [ 2.5013566, 45.3926134 ], [ 2.5084125, 45.4785015 ], [ 2.4700157, 45.5985978 ], [ 2.5238901, 45.674967 ], [ 2.4921295, 45.73767 ], [ 2.4002756, 45.8251448 ], [ 2.5044439, 45.8777352 ], [ 2.5971002, 45.9712567 ], [ 2.5541628, 46.1003145 ], [ 2.5653725, 46.143036 ], [ 2.4750982, 46.275872 ], [ 2.3348597, 46.3267604 ], [ 2.2810435, 46.4204035 ], [ 2.1677845, 46.424069 ] ] ] ] } },
{ "type": "Feature", "properties": { "region": "FRI3", "SampSize": 52.0, "F1_wgt_F1_wgt_Direct": 0.51777532793294334, "F1_wgt_F1_wgt_SD": 0.07446704617918691, "F1_wgt_F1_wgt_CV": 14.382115593740895, "F2_wgt_Direct": 0.55926590559512579, "F2_wgt_SD": 0.079926069003065217, "F2_wgt_CV": 14.291246472107812, "F3_wgt_Direct": 0.50200706407210438, "F3_wgt_SD": 0.074312355151657489, "F3_wgt_CV": 14.803049691942949, "F4_wgt_Direct": 0.43462579201871249, "F4_wgt_SD": 0.063907986532904928, "F4_wgt_CV": 14.704140367756503, "F5_wgt_Direct": 0.48201517435499641, "F5_wgt_SD": 0.070167904991938201, "F5_wgt_CV": 14.557198346677083 }, "geometry": { "type": "MultiPolygon", "coordinates": [ [ [ [ 0.0969197, 47.143903 ], [ 0.05383, 47.1637335 ], [ 0.0068123, 47.162541 ], [ -0.102116, 47.0648 ], [ -0.2426811, 47.1019628 ], [ -0.5074301, 47.0767156 ], [ -0.6117104, 46.9984583 ], [ -0.891964, 46.9758205 ], [ -0.8220303, 46.9182816 ], [ -0.8121483, 46.8690603 ], [ -0.7196173, 46.8177659 ], [ -0.7170271, 46.7635086 ], [ -0.6117059, 46.5979746 ], [ -0.6291562, 46.4188208 ], [ -0.5497058, 46.3845117 ], [ -0.6425477, 46.3266152 ], [ -0.7504715, 46.3042545 ], [ -0.8207244, 46.3333787 ], [ -0.9402225, 46.3172347 ], [ -0.9658776, 46.3551725 ], [ -1.075287, 46.3199935 ], [ -1.1155264, 46.3050688 ], [ -1.121973, 46.2599493 ], [ -1.2190252, 46.1617361 ], [ -1.1348915, 46.127086 ], [ -1.0605593, 46.0235384 ], [ -1.0797696, 45.909112 ], [ -1.1426709, 45.856166599999987 ], [ -1.1466948, 45.811154699999989 ], [ -1.2164066, 45.8048218 ], [ -1.1975, 45.8869811 ], [ -1.2555216, 45.9845935 ], [ -1.4002817, 46.0387115 ], [ -1.3846208, 45.9646841 ], [ -1.2655733, 45.8672465 ], [ -1.2279028, 45.7040105 ], [ -0.8286816, 45.4960276 ], [ -0.757778, 45.4240479 ], [ -0.7148255, 45.32837 ], [ -0.5816982, 45.3240157 ], [ -0.4385085, 45.2802914 ], [ -0.3846113, 45.1555717 ], [ -0.3303173, 45.1594188 ], [ -0.1828615, 45.0944903 ], [ -0.0401975, 45.10238 ], [ 0.004336, 45.191628 ], [ 0.0617692, 45.2242413 ], [ 0.0969197, 45.2219299 ], [ 0.1429436, 45.2189035 ], [ 0.2561624, 45.3014781 ], [ 0.2552262, 45.3741935 ], [ 0.2924408, 45.439828 ], [ 0.4963376, 45.5518243 ], [ 0.5118972, 45.6164229 ], [ 0.629741, 45.71457 ], [ 0.7754047, 45.8159246 ], [ 0.836951, 45.920837 ], [ 0.9249033, 45.9707445 ], [ 0.9099715, 46.010678 ], [ 0.8354663, 46.0491197 ], [ 0.8234325, 46.1285845 ], [ 0.8184732, 46.2198516 ], [ 0.8892979, 46.2767958 ], [ 0.9282446, 46.2799883 ], [ 0.9948895, 46.2854513 ], [ 1.0466955, 46.3551744 ], [ 1.177279, 46.383948 ], [ 1.1792593, 46.4387768 ], [ 1.1225403, 46.5141347 ], [ 0.9210727, 46.6091068 ], [ 0.9114636, 46.7025855 ], [ 0.867469, 46.7482165 ], [ 0.7157309, 46.8959891 ], [ 0.6785528, 46.9742065 ], [ 0.5912145, 47.0056439 ], [ 0.5797461, 46.9588633 ], [ 0.3215447, 46.9443532 ], [ 0.299474, 47.0437837 ], [ 0.2015602, 47.063821 ], [ 0.1856774, 47.1030555 ], [ 0.0969197, 47.143903 ] ] ], [ [ [ -1.289515, 46.1884586 ], [ -1.3564863, 46.2086269 ], [ -1.4011388, 46.1879655 ], [ -1.3552705, 46.1528798 ], [ -1.3014845, 46.139924 ], [ -1.2675603, 46.1559703 ], [ -1.289515, 46.1884586 ] ] ], [ [ [ -1.4712023, 46.2324945 ], [ -1.5128934, 46.2586125 ], [ -1.5567209, 46.2358278 ], [ -1.5350711, 46.2022007 ], [ -1.4301312, 46.1922124 ], [ -1.4315785, 46.2308832 ], [ -1.4712023, 46.2324945 ] ] ] ] } },
{ "type": "Feature", "properties": { "region": "FRJ1", "SampSize": 46.0, "F1_wgt_F1_wgt_Direct": 0.48929004811534849, "F1_wgt_F1_wgt_SD": 0.074580619697996578, "F1_wgt_F1_wgt_CV": 15.24261937990908, "F2_wgt_Direct": 0.51349225662633846, "F2_wgt_SD": 0.079203628466217299, "F2_wgt_CV": 15.42450298794919, "F3_wgt_Direct": 0.47375179584171428, "F3_wgt_SD": 0.07536410283744624, "F3_wgt_CV": 15.907929742735208, "F4_wgt_Direct": 0.42130559453531918, "F4_wgt_SD": 0.067162925110881372, "F4_wgt_CV": 15.941617197122438, "F5_wgt_Direct": 0.4708166097782453, "F5_wgt_SD": 0.072600764427225628, "F5_wgt_CV": 15.420179092963735 }, "geometry": { "type": "MultiPolygon", "coordinates": [ [ [ [ 3.3613475, 44.971408 ], [ 3.1953846, 44.874031699999989 ], [ 3.1139691, 44.8856099 ], [ 2.983513, 44.6553972 ], [ 3.0716364, 44.5661891 ], [ 3.0782548, 44.5004347 ], [ 3.1334962, 44.4464363 ], [ 3.1318244, 44.2703831 ], [ 3.1953846, 44.2260547 ], [ 3.2286911, 44.2028259 ], [ 3.3414296, 44.2014065 ], [ 3.373648, 44.170759499999988 ], [ 3.2869941, 44.0879797 ], [ 3.4388013, 44.024366 ], [ 3.358362, 43.9138295 ], [ 3.263991, 43.8878358 ], [ 3.2160947, 43.817775 ], [ 3.1953846, 43.8190604 ], [ 3.0683352, 43.826946199999988 ], [ 3.0537563, 43.7026842 ], [ 2.935457, 43.694665 ], [ 2.7835794, 43.6269404 ], [ 2.6534079, 43.6407013 ], [ 2.625683, 43.563972 ], [ 2.6546059, 43.4871987 ], [ 2.5657825, 43.422958 ], [ 2.2695385, 43.4496501 ], [ 2.2071347, 43.3933404 ], [ 2.1664584, 43.3947763 ], [ 2.0871439, 43.3975762 ], [ 2.029134, 43.4368955 ], [ 1.9169409, 43.412498 ], [ 1.8557944, 43.4319126 ], [ 1.803787, 43.3483436 ], [ 1.748845, 43.3414289 ], [ 1.7122451, 43.3014629 ], [ 1.6884235, 43.2735545 ], [ 1.7265039, 43.1884501 ], [ 1.8760955, 43.132084899999988 ], [ 1.9489951, 43.1046168 ], [ 1.9840691, 43.0006557 ], [ 1.9455698, 42.9436181 ], [ 1.9817244, 42.8805828 ], [ 1.8803491, 42.8468463 ], [ 1.8736703, 42.8205571 ], [ 1.9022232, 42.794225 ], [ 1.9610846, 42.739941699999989 ], [ 2.0614574, 42.7495786 ], [ 2.1198488, 42.7231822 ], [ 2.166049, 42.6639175 ], [ 2.0114048, 42.6584696 ], [ 1.9490425, 42.6124173 ], [ 1.7860985, 42.573658 ], [ 1.7549488, 42.5378804 ], [ 1.725801, 42.504402 ], [ 1.731011, 42.492401 ], [ 1.9170045, 42.4509357 ], [ 1.9661314, 42.4081594 ], [ 2.0191201, 42.3620204 ], [ 2.1664584, 42.4039938 ], [ 2.267755, 42.4253292 ], [ 2.5568746, 42.3430812 ], [ 2.6321747, 42.3524898 ], [ 2.7062166, 42.4092552 ], [ 2.8750561, 42.4615424 ], [ 3.0135063, 42.4668844 ], [ 3.1750198, 42.4351778 ], [ 3.1417115, 42.4695039 ], [ 3.0754115, 42.5378804 ], [ 3.049365, 42.5647426 ], [ 3.0443642, 42.794225 ], [ 3.0434065, 42.8381725 ], [ 3.0806459, 43.0455661 ], [ 3.1953846, 43.165638199999989 ], [ 3.240516, 43.2128675 ], [ 3.3699217, 43.2744325 ], [ 3.5412048, 43.3014629 ], [ 3.8954892, 43.509994 ], [ 4.0672338, 43.5569547 ], [ 4.1010835, 43.5547055 ], [ 4.13663, 43.492556 ], [ 4.2302805, 43.4601835 ], [ 4.2562764, 43.5018491 ], [ 4.3892793, 43.563972 ], [ 4.4540286, 43.5942151 ], [ 4.4390777, 43.6347262 ], [ 4.4903922, 43.6950275 ], [ 4.6156775, 43.6933035 ], [ 4.6484835, 43.861078 ], [ 4.7390595, 43.924062 ], [ 4.8354614, 44.0071696 ], [ 4.719594, 44.0913015 ], [ 4.7135911, 44.1955808 ], [ 4.6492275, 44.27036 ], [ 4.5021539, 44.3331464 ], [ 4.4292797, 44.2995336 ], [ 4.3420957, 44.3354788 ], [ 4.2504746, 44.2794429 ], [ 4.0570375, 44.3316948 ], [ 4.0569615, 44.4089439 ], [ 3.9981615, 44.4597985 ], [ 3.8906942, 44.6553972 ], [ 3.862531, 44.743866 ], [ 3.6378857, 44.8734717 ], [ 3.4766093, 44.8175183 ], [ 3.4081002, 44.9397901 ], [ 3.3613475, 44.971408 ] ], [ [ 1.9537091, 42.4863331 ], [ 1.9929031, 42.4923056 ], [ 1.9975839, 42.4371883 ], [ 1.9446341, 42.4544094 ], [ 1.9537091, 42.4863331 ] ] ] ] } },
{ "type": "Feature", "properties": { "region": "FRJ2", "SampSize": 78.0, "F1_wgt_F1_wgt_Direct": 0.54067937934699617, "F1_wgt_F1_wgt_SD": 0.062600905833838982, "F1_wgt_F1_wgt_CV": 11.578193699461044, "F2_wgt_Direct": 0.57387433559984491, "F2_wgt_SD": 0.066540023629126935, "F2_wgt_CV": 11.594877049097455, "F3_wgt_Direct": 0.51614860045794986, "F3_wgt_SD": 0.060545036185772477, "F3_wgt_CV": 11.730156031044984, "F4_wgt_Direct": 0.43838495788627374, "F4_wgt_SD": 0.052262016646396917, "F4_wgt_CV": 11.92148948229989, "F5_wgt_Direct": 0.46064084737645361, "F5_wgt_SD": 0.054516018111573507, "F5_wgt_CV": 11.83482064651138 }, "geometry": { "type": "MultiPolygon", "coordinates": [ [ [ [ 1.5426225, 45.0422064 ], [ 1.44826, 45.019314 ], [ 1.4139442, 44.9940443 ], [ 1.4217053, 44.8708573 ], [ 1.3130575, 44.7946211 ], [ 1.2900364, 44.7248526 ], [ 1.1485253, 44.6553972 ], [ 1.075142, 44.5773255 ], [ 0.9928121, 44.5356485 ], [ 1.0640815, 44.3785085 ], [ 0.9026154, 44.3604111 ], [ 0.8872561, 44.3158398 ], [ 0.9187343, 44.2487875 ], [ 0.8742143, 44.1487683 ], [ 0.7979037, 44.1295734 ], [ 0.741885, 44.065199 ], [ 0.6603943, 44.0473137 ], [ 0.5872117, 44.0721732 ], [ 0.37909, 44.0091119 ], [ 0.0969197, 43.9849277 ], [ 0.0760435, 43.9831385 ], [ 0.0482559, 43.907208 ], [ -0.0353746, 43.975119 ], [ -0.2073912, 43.9121183 ], [ -0.2037865, 43.7405373 ], [ -0.2752747, 43.6320237 ], [ -0.242833, 43.584979 ], [ -0.096788, 43.582405 ], [ -0.0883573, 43.563972 ], [ 0.0104189, 43.3480057 ], [ -0.0353336, 43.3013567 ], [ -0.0660396, 43.2008146 ], [ -0.1362627, 43.1320849 ], [ -0.2762183, 42.9951055 ], [ -0.318223, 42.9012416 ], [ -0.313342, 42.849365 ], [ -0.2156833, 42.794225 ], [ -0.0297668, 42.6892529 ], [ 0.0969197, 42.7157385 ], [ 0.1781179, 42.7327141 ], [ 0.2948041, 42.6835344 ], [ 0.3604035, 42.7169123 ], [ 0.4777555, 42.70002 ], [ 0.660127, 42.6909525 ], [ 0.6717218, 42.794225 ], [ 0.6772165, 42.8431649 ], [ 0.858215, 42.825741 ], [ 0.9282446, 42.8104839 ], [ 1.0028729, 42.794225 ], [ 1.0761081, 42.7782695 ], [ 1.1647703, 42.715007299999989 ], [ 1.2533371, 42.7158161 ], [ 1.3485283, 42.713901299999989 ], [ 1.442566, 42.603668 ], [ 1.5352096, 42.6530864 ], [ 1.7860985, 42.573658 ], [ 1.9490425, 42.6124173 ], [ 2.0114048, 42.6584696 ], [ 2.166049, 42.6639175 ], [ 2.1198488, 42.7231822 ], [ 2.0614574, 42.7495786 ], [ 1.9610846, 42.739941699999989 ], [ 1.9022232, 42.794225 ], [ 1.8736703, 42.8205571 ], [ 1.8803491, 42.8468463 ], [ 1.9817244, 42.8805828 ], [ 1.9455698, 42.9436181 ], [ 1.9840691, 43.0006557 ], [ 1.9489951, 43.1046168 ], [ 1.8760955, 43.132084899999988 ], [ 1.7265039, 43.1884501 ], [ 1.6884235, 43.2735545 ], [ 1.7122451, 43.3014629 ], [ 1.748845, 43.3414289 ], [ 1.803787, 43.3483436 ], [ 1.8557944, 43.4319126 ], [ 1.9169409, 43.412498 ], [ 2.029134, 43.4368955 ], [ 2.0871439, 43.3975762 ], [ 2.1664584, 43.3947763 ], [ 2.2071347, 43.3933404 ], [ 2.2695385, 43.4496501 ], [ 2.5657825, 43.422958 ], [ 2.6546059, 43.4871987 ], [ 2.625683, 43.563972 ], [ 2.6534079, 43.6407013 ], [ 2.7835794, 43.6269404 ], [ 2.935457, 43.694665 ], [ 3.0537563, 43.7026842 ], [ 3.0683352, 43.826946199999988 ], [ 3.1953846, 43.8190604 ], [ 3.2160947, 43.817775 ], [ 3.263991, 43.8878358 ], [ 3.358362, 43.9138295 ], [ 3.4388013, 44.024366 ], [ 3.2869941, 44.0879797 ], [ 3.373648, 44.170759499999988 ], [ 3.3414296, 44.2014065 ], [ 3.2286911, 44.2028259 ], [ 3.1953846, 44.2260547 ], [ 3.1318244, 44.2703831 ], [ 3.1334962, 44.4464363 ], [ 3.0782548, 44.5004347 ], [ 3.0716364, 44.5661891 ], [ 2.983513, 44.6553972 ], [ 2.9619894, 44.6553972 ], [ 2.9250841, 44.782275299999988 ], [ 2.8488781, 44.8697246 ], [ 2.7775916, 44.8677762 ], [ 2.7415016, 44.9318676 ], [ 2.6156995, 44.8542495 ], [ 2.4874595, 44.6553972 ], [ 2.430046, 44.6414825 ], [ 2.3522071, 44.6419978 ], [ 2.3362957, 44.6553972 ], [ 2.3226919, 44.6671386 ], [ 2.284181, 44.6649293 ], [ 2.2558876, 44.6553972 ], [ 2.207473, 44.615529 ], [ 2.176693, 44.6374677 ], [ 2.1664584, 44.6648652 ], [ 2.1424671, 44.7103639 ], [ 2.1626375, 44.8006504 ], [ 2.097013, 44.875509 ], [ 2.062908, 44.9765045 ], [ 1.9028331, 44.97058 ], [ 1.791076, 44.9266147 ], [ 1.6361425, 45.0273259 ], [ 1.5426225, 45.0422064 ] ] ], [ [ [ -0.0902675, 43.2990563 ], [ -0.0690262, 43.3192186 ], [ -0.0767522, 43.3610398 ], [ -0.111679, 43.3323319 ], [ -0.1355718, 43.2674286 ], [ -0.1120001, 43.2439227 ], [ -0.08617, 43.2658976 ], [ -0.0902675, 43.2990563 ] ] ] ] } },
{ "type": "Feature", "properties": { "region": "FRK1", "SampSize": 38.0, "F1_wgt_F1_wgt_Direct": 0.52374527007271787, "F1_wgt_F1_wgt_SD": 0.087147902007311651, "F1_wgt_F1_wgt_CV": 16.639367835286009, "F2_wgt_Direct": 0.5288237163424282, "F2_wgt_SD": 0.090037321821526031, "F2_wgt_CV": 17.025961400570836, "F3_wgt_Direct": 0.4966396171761796, "F3_wgt_SD": 0.083534615649934682, "F3_wgt_CV": 16.819966180889942, "F4_wgt_Direct": 0.44637573098251598, "F4_wgt_SD": 0.076297129849558526, "F4_wgt_CV": 17.09258020852101, "F5_wgt_Direct": 0.48013826572014634, "F5_wgt_SD": 0.081878100386933855, "F5_wgt_CV": 17.053025395534164 }, "geometry": { "type": "MultiPolygon", "coordinates": [ [ [ [ 2.9470777, 46.7971641 ], [ 2.7851126, 46.7257637 ], [ 2.7135076, 46.7315636 ], [ 2.5933791, 46.649351599999989 ], [ 2.5974905, 46.5480026 ], [ 2.3654046, 46.5130979 ], [ 2.2810435, 46.4204035 ], [ 2.3348597, 46.3267604 ], [ 2.4750982, 46.275872 ], [ 2.5653725, 46.143036 ], [ 2.5541628, 46.1003145 ], [ 2.5971002, 45.9712567 ], [ 2.5044439, 45.8777352 ], [ 2.4002756, 45.8251448 ], [ 2.4921295, 45.73767 ], [ 2.5238901, 45.674967 ], [ 2.4700157, 45.5985978 ], [ 2.5084125, 45.4785015 ], [ 2.5013566, 45.3926134 ], [ 2.3756489, 45.3974175 ], [ 2.3377356, 45.3300526 ], [ 2.2148904, 45.226872899999989 ], [ 2.1664584, 45.0901681 ], [ 2.1081272, 45.060295 ], [ 2.1290212, 44.9926902 ], [ 2.062908, 44.9765045 ], [ 2.097013, 44.875509 ], [ 2.1626375, 44.8006504 ], [ 2.1424671, 44.7103639 ], [ 2.1664584, 44.6648652 ], [ 2.176693, 44.6374677 ], [ 2.207473, 44.615529 ], [ 2.2558876, 44.6553972 ], [ 2.284181, 44.6649293 ], [ 2.3226919, 44.6671386 ], [ 2.3362957, 44.6553972 ], [ 2.3522071, 44.6419978 ], [ 2.430046, 44.6414825 ], [ 2.4874595, 44.6553972 ], [ 2.6156995, 44.8542495 ], [ 2.7415016, 44.9318676 ], [ 2.7775916, 44.8677762 ], [ 2.8488781, 44.8697246 ], [ 2.9250841, 44.782275299999988 ], [ 2.9619894, 44.6553972 ], [ 2.983513, 44.6553972 ], [ 3.1139691, 44.8856099 ], [ 3.1953846, 44.874031699999989 ], [ 3.3613475, 44.971408 ], [ 3.4081002, 44.9397901 ], [ 3.4766093, 44.8175183 ], [ 3.6378857, 44.8734717 ], [ 3.862531, 44.743866 ], [ 3.9529013, 44.8205206 ], [ 4.0672338, 44.8682733 ], [ 4.1545732, 44.878964 ], [ 4.232837, 44.9594819 ], [ 4.2994908, 44.9747046 ], [ 4.3097028, 45.0215012 ], [ 4.3663848, 45.0397377 ], [ 4.389111, 45.1366235 ], [ 4.4586631, 45.1610536 ], [ 4.483132, 45.2364455 ], [ 4.3713046, 45.2724296 ], [ 4.3559413, 45.345831 ], [ 4.3263836, 45.3646247 ], [ 4.1722761, 45.3857824 ], [ 4.0672338, 45.3370281 ], [ 3.9721186, 45.370168 ], [ 3.8974085, 45.35708 ], [ 3.899291, 45.4006584 ], [ 3.9629067, 45.444447 ], [ 3.976343, 45.487863 ], [ 3.9429216, 45.5641339 ], [ 3.8184995, 45.6414438 ], [ 3.7148655, 45.7863196 ], [ 3.7443053, 45.8887952 ], [ 3.694015, 45.930728 ], [ 3.7136358, 45.9655113 ], [ 3.8171781, 45.9974756 ], [ 3.7808572, 46.2349263 ], [ 3.8995385, 46.275908 ], [ 3.9822013, 46.3336791 ], [ 3.9895085, 46.4642382 ], [ 3.7465586, 46.5458007 ], [ 3.6294225, 46.7494565 ], [ 3.5971711, 46.7526733 ], [ 3.5485306, 46.6929293 ], [ 3.4678362, 46.6624243 ], [ 3.4152158, 46.7110793 ], [ 3.1953846, 46.6898367 ], [ 3.032063, 46.794909499999989 ], [ 2.9470777, 46.7971641 ] ] ] ] } },
{ "type": "Feature", "properties": { "region": "FRK2", "SampSize": 181.0, "F1_wgt_F1_wgt_Direct": 0.51838383715492486, "F1_wgt_F1_wgt_SD": 0.039633676547645921, "F1_wgt_F1_wgt_CV": 7.6456235142611044, "F2_wgt_Direct": 0.5396194894947971, "F2_wgt_SD": 0.04114602406613236, "F2_wgt_CV": 7.6250070405452028, "F3_wgt_Direct": 0.50049347164546953, "F3_wgt_SD": 0.038946853203154642, "F3_wgt_CV": 7.781690553347139, "F4_wgt_Direct": 0.4314030712180405, "F4_wgt_SD": 0.034249624435384089, "F4_wgt_CV": 7.9391239238706284, "F5_wgt_Direct": 0.46069142561650234, "F5_wgt_SD": 0.036004842333753492, "F5_wgt_CV": 7.8153923280797803 }, "geometry": { "type": "MultiPolygon", "coordinates": [ [ [ [ 5.0697223, 46.4876766 ], [ 4.9420466, 46.5091572 ], [ 4.7802085, 46.176676 ], [ 4.7336051, 46.1871385 ], [ 4.6753436, 46.3008448 ], [ 4.5171768, 46.2717118 ], [ 4.4223832, 46.2974397 ], [ 4.3880745, 46.2197905 ], [ 4.2798246, 46.1677655 ], [ 4.0672338, 46.1873334 ], [ 4.0064377, 46.1712246 ], [ 3.9048041, 46.2153329 ], [ 3.8995385, 46.275908 ], [ 3.7808572, 46.2349263 ], [ 3.8171781, 45.9974756 ], [ 3.7136358, 45.9655113 ], [ 3.694015, 45.930728 ], [ 3.7443053, 45.8887952 ], [ 3.7148655, 45.7863196 ], [ 3.8184995, 45.6414438 ], [ 3.9429216, 45.5641339 ], [ 3.976343, 45.487863 ], [ 3.9629067, 45.444447 ], [ 3.899291, 45.4006584 ], [ 3.8974085, 45.35708 ], [ 3.9721186, 45.370168 ], [ 4.0672338, 45.3370281 ], [ 4.1722761, 45.3857824 ], [ 4.3263836, 45.3646247 ], [ 4.3559413, 45.345831 ], [ 4.3713046, 45.2724296 ], [ 4.483132, 45.2364455 ], [ 4.4586631, 45.1610536 ], [ 4.389111, 45.1366235 ], [ 4.3663848, 45.0397377 ], [ 4.3097028, 45.0215012 ], [ 4.2994908, 44.9747046 ], [ 4.232837, 44.9594819 ], [ 4.1545732, 44.878964 ], [ 4.0672338, 44.8682733 ], [ 3.9529013, 44.8205206 ], [ 3.862531, 44.743866 ], [ 3.8906942, 44.6553972 ], [ 3.9981615, 44.4597985 ], [ 4.0569615, 44.4089439 ], [ 4.0570375, 44.3316948 ], [ 4.2504746, 44.2794429 ], [ 4.3420957, 44.3354788 ], [ 4.4292797, 44.2995336 ], [ 4.5021539, 44.3331464 ], [ 4.6492275, 44.27036 ], [ 4.650611, 44.329803 ], [ 4.7824951, 44.3139121 ], [ 4.830491, 44.2382431 ], [ 4.9381142, 44.2667626 ], [ 4.9667938, 44.2910884 ], [ 4.8983181, 44.3087401 ], [ 4.8884453, 44.3526457 ], [ 4.9221357, 44.4055134 ], [ 4.9732812, 44.4230506 ], [ 5.0424034, 44.3772869 ], [ 5.0024562, 44.2950989 ], [ 5.149128, 44.291679 ], [ 5.1710518, 44.2264479 ], [ 5.3625029, 44.2079981 ], [ 5.3922405, 44.160486299999988 ], [ 5.4987865, 44.1157165 ], [ 5.5897316, 44.1847315 ], [ 5.6496623, 44.15901 ], [ 5.676036, 44.1914285 ], [ 5.6675219, 44.2576374 ], [ 5.6253682, 44.3062257 ], [ 5.4820569, 44.3533798 ], [ 5.4386744, 44.4117619 ], [ 5.4870702, 44.4817861 ], [ 5.6221902, 44.491479 ], [ 5.6153483, 44.5610319 ], [ 5.6457952, 44.6291528 ], [ 5.7852325, 44.6583099 ], [ 5.80147, 44.7067775 ], [ 5.8317633, 44.752121099999989 ], [ 5.9326978, 44.7592631 ], [ 6.0178411, 44.8287026 ], [ 6.1328052, 44.8579414 ], [ 6.3458964, 44.8603035 ], [ 6.3551255, 44.92735 ], [ 6.3180729, 44.988634 ], [ 6.2115059, 45.0203329 ], [ 6.26057, 45.126844 ], [ 6.4413372, 45.0587631 ], [ 6.5088224, 45.1042506 ], [ 6.630051, 45.1098565 ], [ 6.7703025, 45.1525289 ], [ 6.8700195, 45.1343334 ], [ 6.9777144, 45.2076261 ], [ 7.1141112, 45.240827 ], [ 7.1201383, 45.3266555 ], [ 7.1752269, 45.3972177 ], [ 7.104723, 45.4684545 ], [ 7.0084844, 45.5086606 ], [ 6.9883607, 45.6386283 ], [ 6.8406512, 45.697877 ], [ 6.8023685, 45.778562 ], [ 6.8276153, 45.8287471 ], [ 6.9703879, 45.8623645 ], [ 7.044886, 45.922413 ], [ 6.9503256, 46.0466261 ], [ 6.8846921, 46.054519 ], [ 6.889227, 46.1185196 ], [ 6.8007892, 46.1555415 ], [ 6.8538898, 46.2744991 ], [ 6.7814936, 46.3489229 ], [ 6.821064, 46.4271545 ], [ 6.5219525, 46.4538408 ], [ 6.3175228, 46.3939486 ], [ 6.219547, 46.311878 ], [ 6.2911907, 46.2509857 ], [ 6.281627, 46.224007 ], [ 6.144433, 46.1473407 ], [ 5.956067, 46.1320955 ], [ 5.9821894, 46.2067023 ], [ 6.11163, 46.254024199999989 ], [ 6.125608, 46.31723 ], [ 6.156247, 46.3709388 ], [ 6.064003, 46.416229 ], [ 5.8661349, 46.2684687 ], [ 5.7381734, 46.2661005 ], [ 5.6471409, 46.3266899 ], [ 5.4907966, 46.2669897 ], [ 5.3120797, 46.412182 ], [ 5.3105635, 46.44677 ], [ 5.2366541, 46.4603668 ], [ 5.1764914, 46.5121823 ], [ 5.0697223, 46.4876766 ] ] ] ] } },
{ "type": "Feature", "properties": { "region": "FRL0", "SampSize": 88.0, "F1_wgt_F1_wgt_Direct": 0.51921324819993253, "F1_wgt_F1_wgt_SD": 0.056653433897755831, "F1_wgt_F1_wgt_CV": 10.911399910184956, "F2_wgt_Direct": 0.55748756439464486, "F2_wgt_SD": 0.061326949139820598, "F2_wgt_CV": 11.000595000968904, "F3_wgt_Direct": 0.49562377842043648, "F3_wgt_SD": 0.055440803962538823, "F3_wgt_CV": 11.186066201107188, "F4_wgt_Direct": 0.43037274382714247, "F4_wgt_SD": 0.048099380601004327, "F4_wgt_CV": 11.176214407370386, "F5_wgt_Direct": 0.4533502057281299, "F5_wgt_SD": 0.050610905394173247, "F5_wgt_CV": 11.163754809129646 }, "geometry": { "type": "MultiPolygon", "coordinates": [ [ [ [ 6.2115059, 45.0203329 ], [ 6.3180729, 44.988634 ], [ 6.3551255, 44.92735 ], [ 6.3458964, 44.8603035 ], [ 6.1328052, 44.8579414 ], [ 6.0178411, 44.8287026 ], [ 5.9326978, 44.7592631 ], [ 5.8317633, 44.752121099999989 ], [ 5.80147, 44.7067775 ], [ 5.7852325, 44.6583099 ], [ 5.6457952, 44.6291528 ], [ 5.6153483, 44.5610319 ], [ 5.6221902, 44.491479 ], [ 5.4870702, 44.4817861 ], [ 5.4386744, 44.4117619 ], [ 5.4820569, 44.3533798 ], [ 5.6253682, 44.3062257 ], [ 5.6675219, 44.2576374 ], [ 5.676036, 44.1914285 ], [ 5.6496623, 44.15901 ], [ 5.5897316, 44.1847315 ], [ 5.4987865, 44.1157165 ], [ 5.3922405, 44.160486299999988 ], [ 5.3625029, 44.2079981 ], [ 5.1710518, 44.2264479 ], [ 5.149128, 44.291679 ], [ 5.0024562, 44.2950989 ], [ 5.0424034, 44.3772869 ], [ 4.9732812, 44.4230506 ], [ 4.9221357, 44.4055134 ], [ 4.8884453, 44.3526457 ], [ 4.8983181, 44.3087401 ], [ 4.9667938, 44.2910884 ], [ 4.9381142, 44.2667626 ], [ 4.830491, 44.2382431 ], [ 4.7824951, 44.3139121 ], [ 4.650611, 44.329803 ], [ 4.6492275, 44.27036 ], [ 4.7135911, 44.1955808 ], [ 4.719594, 44.0913015 ], [ 4.8354614, 44.0071696 ], [ 4.7390595, 43.924062 ], [ 4.6484835, 43.861078 ], [ 4.6156775, 43.6933035 ], [ 4.4903922, 43.6950275 ], [ 4.4390777, 43.6347262 ], [ 4.4540286, 43.5942151 ], [ 4.3892793, 43.563972 ], [ 4.2562764, 43.5018491 ], [ 4.2302805, 43.4601835 ], [ 4.5335789, 43.4481778 ], [ 4.580099, 43.417948 ], [ 4.5730805, 43.3811777 ], [ 4.5997636, 43.358416899999987 ], [ 4.8282066, 43.334601199999987 ], [ 4.8691721, 43.3511867 ], [ 4.8663882, 43.4054584 ], [ 4.9426937, 43.4273738 ], [ 5.0618037, 43.3279047 ], [ 5.3171512, 43.3509258 ], [ 5.3504753, 43.3233548 ], [ 5.3509722, 43.3014629 ], [ 5.3514641, 43.2797892 ], [ 5.3615893, 43.214781599999988 ], [ 5.5321164, 43.2043604 ], [ 5.5933217, 43.1682909 ], [ 5.6718795, 43.179269 ], [ 5.715372, 43.1514666 ], [ 5.8426406, 43.0701109 ], [ 5.9864984, 43.096363599999989 ], [ 6.1412505, 43.0610252 ], [ 6.2204203, 43.105255 ], [ 6.3383597, 43.1036642 ], [ 6.4267076, 43.1481684 ], [ 6.4452372, 43.1514666 ], [ 6.6196163, 43.1825055 ], [ 6.6663013, 43.2498712 ], [ 6.6269894, 43.3014629 ], [ 6.7477777, 43.4027988 ], [ 6.8438065, 43.4190325 ], [ 6.9313255, 43.480258 ], [ 6.986666, 43.5358593 ], [ 7.0521129, 43.497559 ], [ 7.0792808, 43.563972 ], [ 7.1117636, 43.5736403 ], [ 7.1624091, 43.6498662 ], [ 7.415697, 43.7259105 ], [ 7.410283, 43.7293497 ], [ 7.412828, 43.7317125 ], [ 7.413383, 43.734577 ], [ 7.437358, 43.7516325 ], [ 7.439249, 43.7490195 ], [ 7.529827, 43.784008 ], [ 7.5084002, 43.8691407 ], [ 7.7142365, 44.0615135 ], [ 7.6648717, 44.1738816 ], [ 7.3727491, 44.1219288 ], [ 7.0249726, 44.2327775 ], [ 6.887428, 44.361287 ], [ 6.923505, 44.438158099999988 ], [ 6.8625575, 44.5286985 ], [ 6.9348319, 44.5858674 ], [ 6.9492504, 44.6553972 ], [ 6.99338, 44.685782 ], [ 7.0642441, 44.6859744 ], [ 7.065755, 44.7134645 ], [ 7.0283336, 44.7447598 ], [ 7.0019279, 44.8381963 ], [ 6.8662927, 44.8526246 ], [ 6.7611165, 44.9047995 ], [ 6.7388966, 45.0053551 ], [ 6.6786591, 45.0271409 ], [ 6.630051, 45.1098565 ], [ 6.5088224, 45.1042506 ], [ 6.4413372, 45.0587631 ], [ 6.26057, 45.126844 ], [ 6.2115059, 45.0203329 ] ] ], [ [ [ 6.424709, 43.0213085 ], [ 6.3833714, 43.0279962 ], [ 6.3692341, 43.005603799999989 ], [ 6.3794485, 42.9808575 ], [ 6.4179963, 42.9825776 ], [ 6.424709, 43.0213085 ] ] ], [ [ [ 6.2193642, 43.0349081 ], [ 6.1922255, 42.9977919 ], [ 6.2447024, 42.974583 ], [ 6.2513303, 43.0163152 ], [ 6.2193642, 43.0349081 ] ] ] ] } },
{ "type": "Feature", "properties": { "region": "HR021", "SampSize": 23.0, "F1_wgt_F1_wgt_Direct": 0.47884354506496313, "F1_wgt_F1_wgt_SD": 0.10326910288182568, "F1_wgt_F1_wgt_CV": 21.56635584756927, "F2_wgt_Direct": 0.48549837142095048, "F2_wgt_SD": 0.10564521276842492, "F2_wgt_CV": 21.760158012317088, "F3_wgt_Direct": 0.51536619687953789, "F3_wgt_SD": 0.11285424535265956, "F3_wgt_CV": 21.89787495493, "F4_wgt_Direct": 0.37867543276550958, "F4_wgt_SD": 0.083435560864536032, "F4_wgt_CV": 22.033528886518113, "F5_wgt_Direct": 0.43278097465246845, "F5_wgt_SD": 0.098028371998084965, "F5_wgt_CV": 22.650804388248268 }, "geometry": { "type": "MultiPolygon", "coordinates": [ [ [ [ 16.9970134, 45.9379563 ], [ 16.8521213, 46.081209 ], [ 16.7302825, 46.0361505 ], [ 16.702198, 45.923121 ], [ 16.6973949, 45.8473884 ], [ 16.5148858, 45.77294 ], [ 16.5155027, 45.7278666 ], [ 16.6099205, 45.670356 ], [ 16.7868737, 45.6160008 ], [ 16.8945323, 45.4884552 ], [ 16.9299615, 45.481646 ], [ 16.9625043, 45.5347688 ], [ 17.0844453, 45.5073424 ], [ 17.1814381, 45.5286862 ], [ 17.414668, 45.5152755 ], [ 17.4415385, 45.5750675 ], [ 17.4763189, 45.705636 ], [ 17.3880672, 45.7104113 ], [ 17.2694449, 45.8091805 ], [ 17.122053, 45.883364 ], [ 16.9970134, 45.9379563 ] ] ] ] } },
{ "type": "Feature", "properties": { "region": "HR022", "SampSize": 65.0, "F1_wgt_F1_wgt_Direct": 0.47777800736013298, "F1_wgt_F1_wgt_SD": 0.061613235132283312, "F1_wgt_F1_wgt_CV": 12.895787203080976, "F2_wgt_Direct": 0.47913048849952811, "F2_wgt_SD": 0.062946371389894923, "F2_wgt_CV": 13.13762594967006, "F3_wgt_Direct": 0.48889829558437892, "F3_wgt_SD": 0.063807986366076014, "F3_wgt_CV": 13.051382453646417, "F4_wgt_Direct": 0.35094084166998807, "F4_wgt_SD": 0.04701695759194529, "F4_wgt_CV": 13.397402641485174, "F5_wgt_Direct": 0.35080723612887205, "F5_wgt_SD": 0.047062231841770878, "F5_wgt_CV": 13.415410799702595 }, "geometry": { "type": "MultiPolygon", "coordinates": [ [ [ [ 17.5789031, 45.9283297 ], [ 17.3769505, 45.937862 ], [ 17.294325, 45.9885445 ], [ 17.2020502, 45.9778824 ], [ 17.122053, 45.883364 ], [ 17.2694449, 45.8091805 ], [ 17.3880672, 45.7104113 ], [ 17.4763189, 45.705636 ], [ 17.4415385, 45.5750675 ], [ 17.8857395, 45.4736545 ], [ 17.9463365, 45.5098949 ], [ 18.0352637, 45.6323223 ], [ 17.9120895, 45.7907805 ], [ 17.8684817, 45.7767157 ], [ 17.651499, 45.8478355 ], [ 17.5789031, 45.9283297 ] ] ] ] } },
{ "type": "Feature", "properties": { "region": "HR023", "SampSize": 15.0, "F1_wgt_F1_wgt_Direct": 0.4438908899854786, "F1_wgt_F1_wgt_SD": 0.12395546688811902, "F1_wgt_F1_wgt_CV": 27.924760269843361, "F2_wgt_Direct": 0.44974196105696762, "F2_wgt_SD": 0.12178393663445868, "F2_wgt_CV": 27.078624451284551, "F3_wgt_Direct": 0.43179815513223774, "F3_wgt_SD": 0.12445278083704238, "F3_wgt_CV": 28.821980677274745, "F4_wgt_Direct": 0.36715073765337169, "F4_wgt_SD": 0.10396299897299206, "F4_wgt_CV": 28.316162358127663, "F5_wgt_Direct": 0.37046738815154301, "F5_wgt_SD": 0.10719638088903072, "F5_wgt_CV": 28.935443258282447 }, "geometry": { "type": "MultiPolygon", "coordinates": [ [ [ [ 17.4415385, 45.5750675 ], [ 17.414668, 45.5152755 ], [ 17.1814381, 45.5286862 ], [ 17.0844453, 45.5073424 ], [ 16.9625043, 45.5347688 ], [ 16.9299615, 45.481646 ], [ 17.1759675, 45.3485975 ], [ 17.2417574, 45.3849004 ], [ 17.4041103, 45.3862849 ], [ 17.5792177, 45.282089 ], [ 17.6865274, 45.2653076 ], [ 17.7457131, 45.1871496 ], [ 17.910133, 45.283706 ], [ 18.072255, 45.2656955 ], [ 18.1037805, 45.3011258 ], [ 18.0969239, 45.3884094 ], [ 17.8857395, 45.4736545 ], [ 17.4415385, 45.5750675 ] ] ] ] } },
{ "type": "Feature", "properties": { "region": "HR024", "SampSize": 27.0, "F1_wgt_F1_wgt_Direct": 0.52547300610827752, "F1_wgt_F1_wgt_SD": 0.10680514200586036, "F1_wgt_F1_wgt_CV": 20.32552400681309, "F2_wgt_Direct": 0.49411656675836663, "F2_wgt_SD": 0.10450084841476254, "F2_wgt_CV": 21.149027465388677, "F3_wgt_Direct": 0.43698605071469249, "F3_wgt_SD": 0.091819096951063633, "F3_wgt_CV": 21.011905712068639, "F4_wgt_Direct": 0.41687128652999023, "F4_wgt_SD": 0.08810694767768526, "F4_wgt_CV": 21.135288163183851, "F5_wgt_Direct": 0.42442688448824339, "F5_wgt_SD": 0.088596116090506299, "F5_wgt_CV": 20.874294095985903 }, "geometry": { "type": "MultiPolygon", "coordinates": [ [ [ [ 17.910133, 45.283706 ], [ 17.7457131, 45.1871496 ], [ 17.6865274, 45.2653076 ], [ 17.5792177, 45.282089 ], [ 17.4041103, 45.3862849 ], [ 17.2417574, 45.3849004 ], [ 17.1759675, 45.3485975 ], [ 17.1621861, 45.2905644 ], [ 17.0870108, 45.2263079 ], [ 17.141193, 45.163288 ], [ 17.2270949, 45.1478276 ], [ 17.2828104, 45.1806032 ], [ 17.5239879, 45.1127511 ], [ 17.6750626, 45.1259198 ], [ 17.8505488, 45.0486887 ], [ 18.010954, 45.1417097 ], [ 18.1393898, 45.0805082 ], [ 18.1966368, 45.0840898 ], [ 18.2539831, 45.1333452 ], [ 18.415846, 45.104749 ], [ 18.4911923, 45.0633562 ], [ 18.529673, 45.087509 ], [ 18.5004388, 45.1313861 ], [ 18.5641829, 45.2151293 ], [ 18.521115, 45.232504 ], [ 18.4697419, 45.210224499999988 ], [ 18.3452004, 45.2425428 ], [ 18.2254809, 45.2213411 ], [ 18.072255, 45.2656955 ], [ 17.910133, 45.283706 ] ] ] ] } },
{ "type": "Feature", "properties": { "region": "HR025", "SampSize": 115.0, "F1_wgt_F1_wgt_Direct": 0.50012756924358004, "F1_wgt_F1_wgt_SD": 0.048391363849453112, "F1_wgt_F1_wgt_CV": 9.6758040998705237, "F2_wgt_Direct": 0.53028531360846698, "F2_wgt_SD": 0.051408556103873827, "F2_wgt_CV": 9.6945087454997907, "F3_wgt_Direct": 0.50322840309699823, "F3_wgt_SD": 0.049501493716262522, "F3_wgt_CV": 9.8367845319575515, "F4_wgt_Direct": 0.3750272675369557, "F4_wgt_SD": 0.037680898748985961, "F4_wgt_CV": 10.047509077529364, "F5_wgt_Direct": 0.38358590259876146, "F5_wgt_SD": 0.038543329326081122, "F5_wgt_CV": 10.048161067691328 }, "geometry": { "type": "MultiPolygon", "coordinates": [ [ [ [ 19.0481978, 45.5238003 ], [ 18.9164042, 45.5780824 ], [ 18.9450631, 45.66621 ], [ 18.9144751, 45.7131926 ], [ 18.9644874, 45.7371395 ], [ 18.9062768, 45.7658078 ], [ 18.8651355, 45.829568 ], [ 18.889734, 45.9211805 ], [ 18.821306, 45.914383 ], [ 18.7828836, 45.8868818 ], [ 18.6686827, 45.9119991 ], [ 18.5682821, 45.8027237 ], [ 18.4281896, 45.7408204 ], [ 17.9120895, 45.7907805 ], [ 18.0352637, 45.6323223 ], [ 17.9463365, 45.5098949 ], [ 17.8857395, 45.4736545 ], [ 18.0969239, 45.3884094 ], [ 18.1037805, 45.3011258 ], [ 18.072255, 45.2656955 ], [ 18.2254809, 45.2213411 ], [ 18.3452004, 45.2425428 ], [ 18.4697419, 45.210224499999988 ], [ 18.521115, 45.232504 ], [ 18.5198523, 45.2841499 ], [ 18.6217584, 45.3204879 ], [ 18.657529, 45.391667899999987 ], [ 18.7888811, 45.4136766 ], [ 18.8420761, 45.4736112 ], [ 19.005262, 45.4346305 ], [ 19.0012496, 45.4748686 ], [ 19.033942, 45.4868215 ], [ 19.0481978, 45.5238003 ] ] ] ] } },
{ "type": "Feature", "properties": { "region": "HR026", "SampSize": 36.0, "F1_wgt_F1_wgt_Direct": 0.4822574623559357, "F1_wgt_F1_wgt_SD": 0.083279680643465914, "F1_wgt_F1_wgt_CV": 17.268717882897249, "F2_wgt_Direct": 0.51631024630161171, "F2_wgt_SD": 0.088873274138720718, "F2_wgt_CV": 17.213153288227371, "F3_wgt_Direct": 0.4920478925608176, "F3_wgt_SD": 0.085545229691312646, "F3_wgt_CV": 17.385549452534068, "F4_wgt_Direct": 0.37455952228455502, "F4_wgt_SD": 0.067387844282304585, "F4_wgt_CV": 17.991224431109149, "F5_wgt_Direct": 0.40215581095685465, "F5_wgt_SD": 0.070870191693989351, "F5_wgt_CV": 17.622570596547384 }, "geometry": { "type": "MultiPolygon", "coordinates": [ [ [ [ 18.8420761, 45.4736112 ], [ 18.7888811, 45.4136766 ], [ 18.657529, 45.391667899999987 ], [ 18.6217584, 45.3204879 ], [ 18.5198523, 45.2841499 ], [ 18.521115, 45.232504 ], [ 18.5641829, 45.2151293 ], [ 18.5004388, 45.1313861 ], [ 18.529673, 45.087509 ], [ 18.6736516, 45.0799315 ], [ 18.7872243, 44.9834987 ], [ 18.7700084, 44.9109945 ], [ 18.838996, 44.8624526 ], [ 19.0220695, 44.855354 ], [ 19.0052701, 44.9090473 ], [ 19.0693038, 44.9112273 ], [ 19.1448328, 44.9571515 ], [ 19.0919877, 44.9862856 ], [ 19.0896263, 45.1355278 ], [ 19.1503233, 45.1402221 ], [ 19.197095, 45.1911652 ], [ 19.2624512, 45.1758806 ], [ 19.3009127, 45.2032433 ], [ 19.4251675, 45.1676925 ], [ 19.4180298, 45.2266881 ], [ 19.160286, 45.2765635 ], [ 18.992138, 45.3664233 ], [ 19.005262, 45.4346305 ], [ 18.8420761, 45.4736112 ] ] ] ] } },
{ "type": "Feature", "properties": { "region": "HR027", "SampSize": 19.0, "F1_wgt_F1_wgt_Direct": 0.54543534298517227, "F1_wgt_F1_wgt_SD": 0.12812669706384011, "F1_wgt_F1_wgt_CV": 23.490721441445579, "F2_wgt_Direct": 0.50085458560957619, "F2_wgt_SD": 0.11752083374448406, "F2_wgt_CV": 23.46406264833389, "F3_wgt_Direct": 0.54603358690823189, "F3_wgt_SD": 0.12903468427556605, "F3_wgt_CV": 23.631272392269889, "F4_wgt_Direct": 0.36636598243915119, "F4_wgt_SD": 0.087177407665178785, "F4_wgt_CV": 23.795169814833411, "F5_wgt_Direct": 0.4374746754893632, "F5_wgt_SD": 0.10361132740360449, "F5_wgt_CV": 23.68396005727735 }, "geometry": { "type": "MultiPolygon", "coordinates": [ [ [ [ 15.8808661, 45.5355528 ], [ 15.7707183, 45.5407381 ], [ 15.690051, 45.5982309 ], [ 15.5339515, 45.603828 ], [ 15.3312905, 45.762855 ], [ 15.2953051, 45.7234852 ], [ 15.3823627, 45.6610871 ], [ 15.2975668, 45.5982327 ], [ 15.3468136, 45.48382 ], [ 15.2264375, 45.427088 ], [ 15.1904041, 45.3536667 ], [ 15.1069036, 45.2894605 ], [ 15.0165007, 45.3146396 ], [ 14.9807544, 45.2956508 ], [ 14.9834431, 45.1601559 ], [ 15.0166295, 45.123035 ], [ 15.1187929, 45.0901813 ], [ 15.1994869, 45.1020101 ], [ 15.4559014, 44.932925 ], [ 15.736722, 44.935631 ], [ 15.7744904, 44.9885982 ], [ 15.7796201, 45.1720378 ], [ 15.840023, 45.224472 ], [ 15.7923975, 45.2753051 ], [ 15.7774218, 45.365202 ], [ 15.8249266, 45.4078538 ], [ 15.8451425, 45.4804411 ], [ 15.922112, 45.4785875 ], [ 15.8808661, 45.5355528 ] ] ] ] } },
{ "type": "Feature", "properties": { "region": "HR028", "SampSize": 53.0, "F1_wgt_F1_wgt_Direct": 0.48186446609065442, "F1_wgt_F1_wgt_SD": 0.068689573910655888, "F1_wgt_F1_wgt_CV": 14.254957305304425, "F2_wgt_Direct": 0.49802195898260382, "F2_wgt_SD": 0.071960380867329907, "F2_wgt_CV": 14.449238546496204, "F3_wgt_Direct": 0.48499350896981602, "F3_wgt_SD": 0.070947978874451964, "F3_wgt_CV": 14.628645035920981, "F4_wgt_Direct": 0.39472393821849638, "F4_wgt_SD": 0.057958116160374169, "F4_wgt_CV": 14.683202752271873, "F5_wgt_Direct": 0.4030194336703376, "F5_wgt_SD": 0.058910357808784369, "F5_wgt_CV": 14.617249910824883 }, "geometry": { "type": "MultiPolygon", "coordinates": [ [ [ [ 16.8945323, 45.4884552 ], [ 16.7868737, 45.6160008 ], [ 16.6099205, 45.670356 ], [ 16.4784177, 45.5802926 ], [ 16.3530642, 45.6344023 ], [ 16.242528, 45.6039354 ], [ 16.1483347, 45.6318564 ], [ 16.0772035, 45.5680902 ], [ 16.0977347, 45.5171477 ], [ 16.0552969, 45.4783725 ], [ 15.922112, 45.4785875 ], [ 15.8451425, 45.4804411 ], [ 15.8249266, 45.4078538 ], [ 15.7774218, 45.365202 ], [ 15.7923975, 45.2753051 ], [ 15.840023, 45.224472 ], [ 15.9972275, 45.2176914 ], [ 16.1142003, 45.0947608 ], [ 16.3036207, 44.9997538 ], [ 16.349064, 45.0112964 ], [ 16.4003455, 45.1079121 ], [ 16.5390764, 45.2256947 ], [ 16.8153182, 45.190443 ], [ 16.9285448, 45.2666637 ], [ 16.9519648, 45.2336492 ], [ 17.141193, 45.163288 ], [ 17.0870108, 45.2263079 ], [ 17.1621861, 45.2905644 ], [ 17.1759675, 45.3485975 ], [ 16.9299615, 45.481646 ], [ 16.8945323, 45.4884552 ] ] ] ] } },
{ "type": "Feature", "properties": { "region": "HR031", "SampSize": 115.0, "F1_wgt_F1_wgt_Direct": 0.53806958502618085, "F1_wgt_F1_wgt_SD": 0.052291099002826281, "F1_wgt_F1_wgt_CV": 9.7182781666207632, "F2_wgt_Direct": 0.57622786558329842, "F2_wgt_SD": 0.056568812008342649, "F2_wgt_CV": 9.8170906662210307, "F3_wgt_Direct": 0.5577461873873476, "F3_wgt_SD": 0.054342045796528959, "F3_wgt_CV": 9.7431496665326556, "F4_wgt_Direct": 0.4422656173625974, "F4_wgt_SD": 0.044396415741702819, "F4_wgt_CV": 10.038405428497017, "F5_wgt_Direct": 0.45220697667566023, "F5_wgt_SD": 0.045327374522616752, "F5_wgt_CV": 10.02359027183414 }, "geometry": { "type": "MultiPolygon", "coordinates": [ [ [ [ 14.5700125, 45.6729445 ], [ 14.4744538, 45.5328642 ], [ 14.3188101, 45.476458 ], [ 14.1181965, 45.481239 ], [ 14.1112845, 45.4823355 ], [ 14.2036001, 45.3536667 ], [ 14.1896327, 45.286669 ], [ 14.226404, 45.1537805 ], [ 14.3126214, 45.3309817 ], [ 14.348313, 45.3472197 ], [ 14.555584, 45.2717126 ], [ 14.5297273, 45.1504886 ], [ 14.4531062, 45.0859044 ], [ 14.4815072, 45.0408597 ], [ 14.5952617, 45.0190718 ], [ 14.704682, 44.9497931 ], [ 14.7835341, 44.9702845 ], [ 14.6820081, 45.0853519 ], [ 14.6213799, 45.1827157 ], [ 14.6337364, 45.1997515 ], [ 14.8212435, 45.114446199999989 ], [ 14.881276, 45.031147 ], [ 14.9125795, 45.0724094 ], [ 15.0036802, 45.0812734 ], [ 15.0166295, 45.123035 ], [ 14.9834431, 45.1601559 ], [ 14.9807544, 45.2956508 ], [ 15.0165007, 45.3146396 ], [ 15.1069036, 45.2894605 ], [ 15.1904041, 45.3536667 ], [ 15.2264375, 45.427088 ], [ 15.1558527, 45.4295847 ], [ 14.9384583, 45.5206971 ], [ 14.896416, 45.4806507 ], [ 14.8195703, 45.4691172 ], [ 14.7001256, 45.533547 ], [ 14.5700125, 45.6729445 ] ] ], [ [ [ 14.7738964, 44.8675658 ], [ 14.7475304, 44.8865675 ], [ 14.7459846, 44.8523184 ], [ 14.7048672, 44.8375909 ], [ 14.6833829, 44.7966652 ], [ 14.6556564, 44.7890668 ], [ 14.7003088, 44.7570919 ], [ 14.7423363, 44.7659575 ], [ 14.7886522, 44.743865 ], [ 14.8390848, 44.701518 ], [ 14.8680582, 44.7059149 ], [ 14.8324483, 44.7527714 ], [ 14.7434938, 44.8149926 ], [ 14.7738964, 44.8675658 ] ] ], [ [ [ 14.7553365, 44.9437801 ], [ 14.7518492, 44.925096 ], [ 14.8198444, 44.8841686 ], [ 14.8398786, 44.9062965 ], [ 14.7553365, 44.9437801 ] ] ], [ [ [ 14.5419567, 44.475837 ], [ 14.5121028, 44.5215516 ], [ 14.4631221, 44.5446952 ], [ 14.4561977, 44.5268778 ], [ 14.5186717, 44.4750643 ], [ 14.5316212, 44.4333115 ], [ 14.5749998, 44.4522123 ], [ 14.5419567, 44.475837 ] ] ], [ [ [ 14.5150612, 45.0018097 ], [ 14.491257, 44.9805552 ], [ 14.5432299, 44.9416216 ], [ 14.5738009, 44.9474222 ], [ 14.5150612, 45.0018097 ] ] ], [ [ [ 14.4016377, 45.0134254 ], [ 14.3545751, 45.1548728 ], [ 14.3188101, 45.1735925 ], [ 14.3042714, 45.163924 ], [ 14.2967485, 45.1444157 ], [ 14.2763811, 45.1199908 ], [ 14.2795872, 45.1052926 ], [ 14.3188101, 45.06354 ], [ 14.3502202, 45.0406532 ], [ 14.3931736, 44.9183909 ], [ 14.3633175, 44.9096436 ], [ 14.3188101, 44.9452957 ], [ 14.3053836, 44.9363409 ], [ 14.3020668, 44.9143204 ], [ 14.3188101, 44.8885342 ], [ 14.3914072, 44.7295538 ], [ 14.3449434, 44.6671525 ], [ 14.3553198, 44.647165 ], [ 14.3883263, 44.6200133 ], [ 14.3972027, 44.6299121 ], [ 14.3981724, 44.6671525 ], [ 14.4198557, 44.6671525 ], [ 14.494721, 44.610734 ], [ 14.5310306, 44.6279113 ], [ 14.5067143, 44.6671525 ], [ 14.4518621, 44.8614244 ], [ 14.4730102, 44.9625994 ], [ 14.4016377, 45.0134254 ] ] ], [ [ [ 14.4082108, 44.6149969 ], [ 14.3901508, 44.6152935 ], [ 14.3663898, 44.5608934 ], [ 14.4294446, 44.5696486 ], [ 14.4082108, 44.6149969 ] ] ], [ [ [ 14.2764707, 44.6870776 ], [ 14.2517635, 44.6671817 ], [ 14.255823, 44.6467934 ], [ 14.2883485, 44.6671817 ], [ 14.2764707, 44.6870776 ] ] ], [ [ [ 14.2568726, 44.6440686 ], [ 14.2377372, 44.6299923 ], [ 14.2567038, 44.612895 ], [ 14.2701027, 44.6313991 ], [ 14.2568726, 44.6440686 ] ] ] ] } },
{ "type": "Feature", "properties": { "region": "HR032", "SampSize": 23.0, "F1_wgt_F1_wgt_Direct": 0.49196415587265691, "F1_wgt_F1_wgt_SD": 0.10529498271096233, "F1_wgt_F1_wgt_CV": 21.402978541025568, "F2_wgt_Direct": 0.38417684003943914, "F2_wgt_SD": 0.081306279189349434, "F2_wgt_CV": 21.163763849221787, "F3_wgt_Direct": 0.6842209121522469, "F3_wgt_SD": 0.14302880274989574, "F3_wgt_CV": 20.903892326236036, "F4_wgt_Direct": 0.40915640794411717, "F4_wgt_SD": 0.087430554970500063, "F4_wgt_CV": 21.368492164111817, "F5_wgt_Direct": 0.46694623877088548, "F5_wgt_SD": 0.10138429543950754, "F5_wgt_CV": 21.712198754695041 }, "geometry": { "type": "MultiPolygon", "coordinates": [ [ [ [ 15.0036802, 45.0812734 ], [ 14.9125795, 45.0724094 ], [ 14.881276, 45.031147 ], [ 14.9115476, 44.9479967 ], [ 14.8955156, 44.7731009 ], [ 14.9254746, 44.6894124 ], [ 15.03452, 44.5488885 ], [ 15.0245512, 44.5076416 ], [ 15.1077075, 44.4957927 ], [ 15.289482, 44.3632425 ], [ 15.3454778, 44.4029692 ], [ 15.599202, 44.2929587 ], [ 15.7583262, 44.2748463 ], [ 15.8184583, 44.3176656 ], [ 15.7800065, 44.4096863 ], [ 15.9103816, 44.4884031 ], [ 16.0476097, 44.4459369 ], [ 16.132175, 44.454534 ], [ 16.1125866, 44.5093466 ], [ 16.038448, 44.5725533 ], [ 16.0232103, 44.6439801 ], [ 15.9094693, 44.7275198 ], [ 15.8255702, 44.7312128 ], [ 15.7619511, 44.7823386 ], [ 15.742564, 44.8183223 ], [ 15.7800221, 44.8508186 ], [ 15.736722, 44.935631 ], [ 15.4559014, 44.932925 ], [ 15.1994869, 45.1020101 ], [ 15.1187929, 45.0901813 ], [ 15.0166295, 45.123035 ], [ 15.0036802, 45.0812734 ] ] ], [ [ [ 14.9711593, 44.5432978 ], [ 14.9397642, 44.5824055 ], [ 14.7826048, 44.6532202 ], [ 14.7903482, 44.6176884 ], [ 14.8966665, 44.5280275 ], [ 14.9154875, 44.5384315 ], [ 14.9711593, 44.5432978 ] ] ] ] } },
{ "type": "Feature", "properties": { "region": "HR033", "SampSize": 38.0, "F1_wgt_F1_wgt_Direct": 0.40849764931289972, "F1_wgt_F1_wgt_SD": 0.072575468111882743, "F1_wgt_F1_wgt_CV": 17.766434698940365, "F2_wgt_Direct": 0.43378698074876615, "F2_wgt_SD": 0.075379711717568715, "F2_wgt_CV": 17.377126346082282, "F3_wgt_Direct": 0.46891097293096234, "F3_wgt_SD": 0.083152335902091867, "F3_wgt_CV": 17.733075296221394, "F4_wgt_Direct": 0.36363114054896267, "F4_wgt_SD": 0.066231457797518309, "F4_wgt_CV": 18.213912509674152, "F5_wgt_Direct": 0.44517926113199491, "F5_wgt_SD": 0.077440645220006904, "F5_wgt_CV": 17.39538473178019 }, "geometry": { "type": "MultiPolygon", "coordinates": [ [ [ [ 15.7800065, 44.4096863 ], [ 15.8184583, 44.3176656 ], [ 15.7583262, 44.2748463 ], [ 15.599202, 44.2929587 ], [ 15.3454778, 44.4029692 ], [ 15.289482, 44.3632425 ], [ 15.3871384, 44.2799565 ], [ 15.2136951, 44.255308 ], [ 15.196222, 44.1845492 ], [ 15.3679181, 43.9533203 ], [ 15.5588765, 43.8718785 ], [ 15.7350729, 43.8727261 ], [ 15.8121398, 43.9588727 ], [ 15.8480702, 44.0875689 ], [ 15.9198512, 44.1488892 ], [ 15.9643858, 44.1679688 ], [ 16.084986, 44.1322459 ], [ 16.172449, 44.2092179 ], [ 16.2100571, 44.2326567 ], [ 16.207599, 44.3434425 ], [ 16.132175, 44.454534 ], [ 16.0476097, 44.4459369 ], [ 15.9103816, 44.4884031 ], [ 15.7800065, 44.4096863 ] ] ], [ [ [ 15.2125505, 44.0793954 ], [ 15.1505566, 44.1058734 ], [ 15.0800031, 44.1473966 ], [ 15.0634147, 44.1334701 ], [ 15.114804, 44.1061813 ], [ 15.1436221, 44.0748696 ], [ 15.2199892, 44.019642499999989 ], [ 15.2354749, 44.0292397 ], [ 15.2125505, 44.0793954 ] ] ], [ [ [ 15.2113805, 43.9189185 ], [ 15.0690135, 43.9997694 ], [ 15.0555212, 43.9909637 ], [ 15.1214798, 43.914488 ], [ 15.1860138, 43.874097 ], [ 15.2229325, 43.8790288 ], [ 15.2113805, 43.9189185 ] ] ], [ [ [ 15.1145978, 44.431844 ], [ 14.9154875, 44.5384315 ], [ 14.8966665, 44.5280275 ], [ 15.1172593, 44.3327332 ], [ 15.1951208, 44.3403643 ], [ 15.1145978, 44.431844 ] ] ], [ [ [ 15.0654781, 44.0919721 ], [ 15.0419621, 44.0818884 ], [ 15.1066775, 44.0291626 ], [ 15.1140019, 44.0699968 ], [ 15.0654781, 44.0919721 ] ] ], [ [ [ 15.0727501, 44.3206552 ], [ 15.0116205, 44.3256776 ], [ 15.0262591, 44.2986967 ], [ 15.0667227, 44.2817207 ], [ 15.0899425, 44.3020874 ], [ 15.0727501, 44.3206552 ] ] ], [ [ [ 14.9919439, 44.0959675 ], [ 14.9581579, 44.0833814 ], [ 15.0380149, 43.9969822 ], [ 15.0569035, 44.0124382 ], [ 14.9919439, 44.0959675 ] ] ], [ [ [ 15.0431878, 44.1829814 ], [ 14.9806658, 44.1549726 ], [ 15.0223163, 44.1227717 ], [ 15.0390965, 44.1302137 ], [ 15.0431878, 44.1829814 ] ] ], [ [ [ 14.8843509, 44.2459474 ], [ 14.844227, 44.2295688 ], [ 14.9010076, 44.1895474 ], [ 14.9219132, 44.2087573 ], [ 14.8843509, 44.2459474 ] ] ], [ [ [ 14.7994874, 44.2833152 ], [ 14.7684145, 44.2735872 ], [ 14.8019667, 44.2205811 ], [ 14.8341157, 44.238554 ], [ 14.7994874, 44.2833152 ] ] ], [ [ [ 14.796375, 44.3826414 ], [ 14.8099348, 44.40071 ], [ 14.761125, 44.4171376 ], [ 14.7611668, 44.3671259 ], [ 14.795289, 44.339595 ], [ 14.8225423, 44.3513581 ], [ 14.796375, 44.3826414 ] ] ], [ [ [ 14.6696249, 44.4240378 ], [ 14.6430213, 44.4021798 ], [ 14.6975706, 44.3719332 ], [ 14.7217285, 44.3998125 ], [ 14.6696249, 44.4240378 ] ] ] ] } },
{ "type": "Feature", "properties": { "region": "HR034", "SampSize": 28.0, "F1_wgt_F1_wgt_Direct": 0.54646023793866538, "F1_wgt_F1_wgt_SD": 0.10999445624554324, "F1_wgt_F1_wgt_CV": 20.128537926283485, "F2_wgt_Direct": 0.53117573153468145, "F2_wgt_SD": 0.10670594470144525, "F2_wgt_CV": 20.088633265143478, "F3_wgt_Direct": 0.49314941618199842, "F3_wgt_SD": 0.096851517091327763, "F3_wgt_CV": 19.639385937260116, "F4_wgt_Direct": 0.42573320910079054, "F4_wgt_SD": 0.087849581619484751, "F4_wgt_CV": 20.634890523348098, "F5_wgt_Direct": 0.49879566445925289, "F5_wgt_SD": 0.098973417285688259, "F5_wgt_CV": 19.842477458777811 }, "geometry": { "type": "MultiPolygon", "coordinates": [ [ [ [ 16.172449, 44.2092179 ], [ 16.084986, 44.1322459 ], [ 15.9643858, 44.1679688 ], [ 15.9198512, 44.1488892 ], [ 15.8480702, 44.0875689 ], [ 15.8121398, 43.9588727 ], [ 15.7350729, 43.8727261 ], [ 15.5588765, 43.8718785 ], [ 15.6276072, 43.8321599 ], [ 15.6295493, 43.7839365 ], [ 15.7845861, 43.7458897 ], [ 15.8383194, 43.6777031 ], [ 15.9227992, 43.6549681 ], [ 15.9348815, 43.563972 ], [ 16.016526, 43.50191 ], [ 16.0654175, 43.5213963 ], [ 16.0617135, 43.563972 ], [ 16.0588271, 43.5971512 ], [ 16.1529681, 43.6855542 ], [ 16.3382707, 43.7023282 ], [ 16.3537707, 43.769375 ], [ 16.4276725, 43.8158776 ], [ 16.3526752, 43.8800769 ], [ 16.3581806, 43.9145274 ], [ 16.544348, 43.9741785 ], [ 16.2398698, 44.1966975 ], [ 16.172449, 44.2092179 ] ] ], [ [ [ 15.6765204, 43.7136155 ], [ 15.6690248, 43.6790649 ], [ 15.6298861, 43.6528195 ], [ 15.6596309, 43.6230302 ], [ 15.6931379, 43.6443308 ], [ 15.6944076, 43.6740957 ], [ 15.7558306, 43.6684645 ], [ 15.7706851, 43.6912188 ], [ 15.6765204, 43.7136155 ] ] ], [ [ [ 15.4479812, 43.7532011 ], [ 15.421914, 43.7287671 ], [ 15.4683595, 43.7006446 ], [ 15.4975187, 43.7317767 ], [ 15.4479812, 43.7532011 ] ] ], [ [ [ 15.3150518, 43.8952035 ], [ 15.2920683, 43.8692522 ], [ 15.2726022, 43.8809975 ], [ 15.2224741, 43.8670601 ], [ 15.2811727, 43.7994067 ], [ 15.3350947, 43.790147 ], [ 15.3066983, 43.8420574 ], [ 15.339878, 43.8456879 ], [ 15.3440568, 43.8879149 ], [ 15.3150518, 43.8952035 ] ] ] ] } },
{ "type": "Feature", "properties": { "region": "HR035", "SampSize": 128.0, "F1_wgt_F1_wgt_Direct": 0.50303664558306138, "F1_wgt_F1_wgt_SD": 0.04572844899824078, "F1_wgt_F1_wgt_CV": 9.0904806637372708, "F2_wgt_Direct": 0.51886656805505726, "F2_wgt_SD": 0.047992747418305393, "F2_wgt_CV": 9.2495355016230008, "F3_wgt_Direct": 0.4908354246282885, "F3_wgt_SD": 0.045316533013200697, "F3_wgt_CV": 9.2325310561109308, "F4_wgt_Direct": 0.3697517242039981, "F4_wgt_SD": 0.035460582679967538, "F4_wgt_CV": 9.5903765577583524, "F5_wgt_Direct": 0.37982781388057862, "F5_wgt_SD": 0.036360199809460009, "F5_wgt_CV": 9.5728112794004048 }, "geometry": { "type": "MultiPolygon", "coordinates": [ [ [ [ 17.0109573, 43.5780558 ], [ 16.544348, 43.9741785 ], [ 16.3581806, 43.9145274 ], [ 16.3526752, 43.8800769 ], [ 16.4276725, 43.8158776 ], [ 16.3537707, 43.769375 ], [ 16.3382707, 43.7023282 ], [ 16.1529681, 43.6855542 ], [ 16.0588271, 43.5971512 ], [ 16.0617135, 43.563972 ], [ 16.0654175, 43.5213963 ], [ 16.016526, 43.50191 ], [ 16.0544354, 43.482735 ], [ 16.2125433, 43.5092688 ], [ 16.2966292, 43.4941097 ], [ 16.3329012, 43.5373815 ], [ 16.4005637, 43.5422146 ], [ 16.4744439, 43.4982356 ], [ 16.8785769, 43.3888478 ], [ 17.1335155, 43.2011102 ], [ 17.245326, 43.1514666 ], [ 17.3560535, 43.084161 ], [ 17.4248725, 43.1514666 ], [ 17.4508455, 43.1768685 ], [ 17.3142722, 43.3014629 ], [ 17.2611623, 43.39157 ], [ 17.2615288, 43.4769582 ], [ 17.1450658, 43.5019692 ], [ 17.035781, 43.563972 ], [ 17.0109573, 43.5780558 ] ] ], [ [ [ 16.6509278, 43.2167034 ], [ 16.6052064, 43.2185018 ], [ 16.5640851, 43.1803413 ], [ 16.5235057, 43.2027602 ], [ 16.4587592, 43.2066596 ], [ 16.4141645, 43.1856011 ], [ 16.4239408, 43.1610095 ], [ 16.5127726, 43.1514704 ], [ 16.6848104, 43.1218312 ], [ 17.0729005, 43.114106299999989 ], [ 17.0739602, 43.1319566 ], [ 16.6956792, 43.169743 ], [ 16.6975051, 43.1916727 ], [ 16.6509278, 43.2167034 ] ] ], [ [ [ 16.8809461, 43.2901131 ], [ 16.8698009, 43.3268012 ], [ 16.7556834, 43.3603375 ], [ 16.4449712, 43.3849738 ], [ 16.4399194, 43.3175407 ], [ 16.4848591, 43.2901131 ], [ 16.647752, 43.2582415 ], [ 16.81982, 43.2672067 ], [ 16.8809461, 43.2901131 ] ] ], [ [ [ 16.2022935, 43.4160104 ], [ 16.1817312, 43.4055385 ], [ 16.1995442, 43.3899284 ], [ 16.2851037, 43.3679833 ], [ 16.3599431, 43.3335393 ], [ 16.3823807, 43.3411021 ], [ 16.3341825, 43.3927191 ], [ 16.3174483, 43.3836385 ], [ 16.2787381, 43.4109528 ], [ 16.2022935, 43.4160104 ] ] ], [ [ [ 16.3201233, 42.4081602 ], [ 16.252428, 42.3885299 ], [ 16.2726638, 42.3682312 ], [ 16.3347305, 42.3727566 ], [ 16.3201233, 42.4081602 ] ] ], [ [ [ 16.2387531, 43.0760738 ], [ 16.1824223, 43.080269 ], [ 16.0831146, 43.0699866 ], [ 16.069164, 43.0560825 ], [ 16.0963049, 43.0070603 ], [ 16.1991035, 43.0210797 ], [ 16.2287898, 43.0145912 ], [ 16.2592187, 43.0364058 ], [ 16.2387531, 43.0760738 ] ] ], [ [ [ 16.1068954, 43.4498417 ], [ 16.1150138, 43.4271829 ], [ 16.1799393, 43.426633 ], [ 16.1803946, 43.4616477 ], [ 16.1068954, 43.4498417 ] ] ], [ [ [ 16.038545, 42.979729 ], [ 16.0052126, 43.0033235 ], [ 15.9809762, 42.9400272 ], [ 16.0241813, 42.9463177 ], [ 16.038545, 42.979729 ] ] ] ] } },
{ "type": "Feature", "properties": { "region": "HR036", "SampSize": 42.0, "F1_wgt_F1_wgt_Direct": 0.46302479497524751, "F1_wgt_F1_wgt_SD": 0.073519877379933082, "F1_wgt_F1_wgt_CV": 15.878172870604764, "F2_wgt_Direct": 0.55216725287133261, "F2_wgt_SD": 0.089339153755497058, "F2_wgt_CV": 16.17972693797455, "F3_wgt_Direct": 0.4734429249497219, "F3_wgt_SD": 0.076822457878828757, "F3_wgt_CV": 16.226339824802967, "F4_wgt_Direct": 0.3968685295529405, "F4_wgt_SD": 0.065032265349623655, "F4_wgt_CV": 16.386349762446621, "F5_wgt_Direct": 0.41116576004233424, "F5_wgt_SD": 0.067843070861086374, "F5_wgt_CV": 16.500175222299919 }, "geometry": { "type": "MultiPolygon", "coordinates": [ [ [ [ 14.0041637, 45.5126326 ], [ 13.9753756, 45.4566249 ], [ 13.869664, 45.4292142 ], [ 13.7759742, 45.4622519 ], [ 13.651296, 45.454055 ], [ 13.610764, 45.4638784 ], [ 13.5133397, 45.4869372 ], [ 13.6332805, 45.0832011 ], [ 13.7724419, 44.9642645 ], [ 13.8664092, 44.822301 ], [ 13.9606564, 44.820811 ], [ 14.0629993, 44.9559823 ], [ 14.1478781, 44.9775803 ], [ 14.1594806, 45.0630257 ], [ 14.226404, 45.1537805 ], [ 14.1896327, 45.286669 ], [ 14.2036001, 45.3536667 ], [ 14.1112845, 45.4823355 ], [ 14.0041637, 45.5126326 ] ] ] ] } },
{ "type": "Feature", "properties": { "region": "HR037", "SampSize": 39.0, "F1_wgt_F1_wgt_Direct": 0.48775726529506802, "F1_wgt_F1_wgt_SD": 0.083091683474292896, "F1_wgt_F1_wgt_CV": 17.035457877603672, "F2_wgt_Direct": 0.49482123849131437, "F2_wgt_SD": 0.084754543288286147, "F2_wgt_CV": 17.128315580531382, "F3_wgt_Direct": 0.42875934444719321, "F3_wgt_SD": 0.075389813110332285, "F3_wgt_CV": 17.583246659622933, "F4_wgt_Direct": 0.41625616337617583, "F4_wgt_SD": 0.071366124934429565, "F4_wgt_CV": 17.144761138331809, "F5_wgt_Direct": 0.47496548593464183, "F5_wgt_SD": 0.080664698504231164, "F5_wgt_CV": 16.983275815399168 }, "geometry": { "type": "MultiPolygon", "coordinates": [ [ [ [ 17.0426916, 43.0252179 ], [ 17.0423007, 42.9827552 ], [ 16.855971, 42.9606353 ], [ 16.6889118, 42.9869528 ], [ 16.6529181, 42.9291435 ], [ 16.791658, 42.8969315 ], [ 16.9815902, 42.9238611 ], [ 17.1416848, 42.9101384 ], [ 17.1799439, 42.972466 ], [ 17.2379616, 42.9670117 ], [ 17.5010839, 42.8533858 ], [ 17.7439597, 42.7907985 ], [ 17.826213, 42.7967659 ], [ 18.0792484, 42.647792699999989 ], [ 18.2245134, 42.6084552 ], [ 18.2271299, 42.573018 ], [ 18.2705992, 42.5378804 ], [ 18.4188702, 42.4695039 ], [ 18.4363441, 42.4614457 ], [ 18.525213, 42.420463 ], [ 18.4652683, 42.4695039 ], [ 18.4466145, 42.4847646 ], [ 18.438104, 42.555705 ], [ 18.364049, 42.6101773 ], [ 18.215055, 42.6252407 ], [ 17.9118237, 42.8062622 ], [ 17.8180325, 42.9022113 ], [ 17.706974, 42.9152232 ], [ 17.6491565, 42.8889235 ], [ 17.6308153, 42.8835522 ], [ 17.520978, 42.9240566 ], [ 17.4570585, 42.9312893 ], [ 17.4268834, 42.9557328 ], [ 17.2379616, 43.0145133 ], [ 17.0426916, 43.0252179 ] ] ], [ [ [ 17.8527785, 42.7555575 ], [ 17.8255564, 42.7373166 ], [ 17.9043508, 42.699765 ], [ 17.921109, 42.715475 ], [ 17.8527785, 42.7555575 ] ] ], [ [ [ 17.6646348, 42.7340616 ], [ 17.6481747, 42.7188104 ], [ 17.7189461, 42.6891803 ], [ 17.7329975, 42.7230064 ], [ 17.6646348, 42.7340616 ] ] ], [ [ [ 17.695886, 42.9970281 ], [ 17.6336442, 43.089492 ], [ 17.5039883, 43.1514666 ], [ 17.4508455, 43.1768685 ], [ 17.4248725, 43.1514666 ], [ 17.3560535, 43.084161 ], [ 17.5238015, 42.9528781 ], [ 17.581335, 42.938423 ], [ 17.6939073, 42.9707138 ], [ 17.695886, 42.9970281 ] ] ], [ [ [ 17.4054346, 42.7893873 ], [ 17.3534572, 42.805676 ], [ 17.3275874, 42.7839925 ], [ 17.3348106, 42.7749331 ], [ 17.5668035, 42.721301 ], [ 17.6246806, 42.7164266 ], [ 17.6082674, 42.747974 ], [ 17.4054346, 42.7893873 ] ] ], [ [ [ 16.8558025, 42.7784352 ], [ 16.7873471, 42.7617995 ], [ 16.823957, 42.7316564 ], [ 16.9060721, 42.726418599999988 ], [ 16.9440678, 42.7664247 ], [ 16.8558025, 42.7784352 ] ] ] ] } },
{ "type": "Feature", "properties": { "region": "HR050", "SampSize": 246.0, "F1_wgt_F1_wgt_Direct": 0.5880400192265447, "F1_wgt_F1_wgt_SD": 0.03884447228867037, "F1_wgt_F1_wgt_CV": 6.6057531832209175, "F2_wgt_Direct": 0.58412027860670823, "F2_wgt_SD": 0.038651626477259317, "F2_wgt_CV": 6.6170663633617304, "F3_wgt_Direct": 0.54164574463795356, "F3_wgt_SD": 0.037041858503682738, "F3_wgt_CV": 6.8387611036143614, "F4_wgt_Direct": 0.45514477187476449, "F4_wgt_SD": 0.030799766336717781, "F4_wgt_CV": 6.7670262826159631, "F5_wgt_Direct": 0.51038999101900373, "F5_wgt_SD": 0.034121124142584801, "F5_wgt_CV": 6.6853043247304473 }, "geometry": { "type": "MultiPolygon", "coordinates": [ [ [ [ 15.8347473, 45.8382103 ], [ 15.8705905, 45.7413823 ], [ 15.7839029, 45.7061676 ], [ 15.9195834, 45.6230546 ], [ 16.038318, 45.7541139 ], [ 16.1236193, 45.7941429 ], [ 16.1971557, 45.791666 ], [ 16.2165356, 45.8614673 ], [ 16.1548135, 45.968774 ], [ 15.956769, 45.901594 ], [ 15.8347473, 45.8382103 ] ] ] ] } },
{ "type": "Feature", "properties": { "region": "HR061", "SampSize": 37.0, "F1_wgt_F1_wgt_Direct": 0.44265466774819379, "F1_wgt_F1_wgt_SD": 0.075435376644713642, "F1_wgt_F1_wgt_CV": 17.041586171101986, "F2_wgt_Direct": 0.46114454151497031, "F2_wgt_SD": 0.081271273706603808, "F2_wgt_CV": 17.623817781645684, "F3_wgt_Direct": 0.38869927694177658, "F3_wgt_SD": 0.068914250593340609, "F3_wgt_CV": 17.729451707640635, "F4_wgt_Direct": 0.3820548235190005, "F4_wgt_SD": 0.066476366894968303, "F4_wgt_CV": 17.399693133742698, "F5_wgt_Direct": 0.37971059403786994, "F5_wgt_SD": 0.065622767536326426, "F5_wgt_CV": 17.282311467396568 }, "geometry": { "type": "MultiPolygon", "coordinates": [ [ [ [ 16.3798317, 46.5403109 ], [ 16.2421485, 46.4900755 ], [ 16.301549, 46.378288 ], [ 16.3783898, 46.3187375 ], [ 16.773625, 46.3047825 ], [ 16.8199027, 46.299076 ], [ 16.854755, 46.350441 ], [ 16.596805, 46.4759025 ], [ 16.3798317, 46.5403109 ] ] ] ] } },
{ "type": "Feature", "properties": { "region": "HR062", "SampSize": 77.0, "F1_wgt_F1_wgt_Direct": 0.4346956039903796, "F1_wgt_F1_wgt_SD": 0.051700447527917179, "F1_wgt_F1_wgt_CV": 11.89348294607124, "F2_wgt_Direct": 0.47043800942326736, "F2_wgt_SD": 0.056823858983521561, "F2_wgt_CV": 12.078925989246631, "F3_wgt_Direct": 0.39873045951633185, "F3_wgt_SD": 0.048608655720527229, "F3_wgt_CV": 12.190855892848145, "F4_wgt_Direct": 0.3364586084646462, "F4_wgt_SD": 0.040797980017736359, "F4_wgt_CV": 12.125705507702373, "F5_wgt_Direct": 0.35643807344254136, "F5_wgt_SD": 0.043309361010090787, "F5_wgt_CV": 12.15059900638599 }, "geometry": { "type": "MultiPolygon", "coordinates": [ [ [ [ 16.1085894, 46.3966444 ], [ 16.005315, 46.3122077 ], [ 15.8734945, 46.2793195 ], [ 15.8942426, 46.2351089 ], [ 15.9795228, 46.19241 ], [ 16.2152687, 46.1924265 ], [ 16.2470538, 46.1546288 ], [ 16.2512755, 46.0716545 ], [ 16.2869831, 46.0209772 ], [ 16.3414855, 46.0275355 ], [ 16.3888517, 46.1297216 ], [ 16.6850322, 46.2109204 ], [ 16.773625, 46.3047825 ], [ 16.3783898, 46.3187375 ], [ 16.301549, 46.378288 ], [ 16.1085894, 46.3966444 ] ] ] ] } },
{ "type": "Feature", "properties": { "region": "HR063", "SampSize": 52.0, "F1_wgt_F1_wgt_Direct": 0.49629550217484247, "F1_wgt_F1_wgt_SD": 0.070286749922561106, "F1_wgt_F1_wgt_CV": 14.16227824240878, "F2_wgt_Direct": 0.49425888491265252, "F2_wgt_SD": 0.071733751866302986, "F2_wgt_CV": 14.513396532867604, "F3_wgt_Direct": 0.46479882996630623, "F3_wgt_SD": 0.067974083935331234, "F3_wgt_CV": 14.624409433272186, "F4_wgt_Direct": 0.37423558141048674, "F4_wgt_SD": 0.055736436867967802, "F4_wgt_CV": 14.893409295262154, "F5_wgt_Direct": 0.37422388181367849, "F5_wgt_SD": 0.054819459526013838, "F5_wgt_CV": 14.648840490973203 }, "geometry": { "type": "MultiPolygon", "coordinates": [ [ [ [ 16.854755, 46.350441 ], [ 16.8199027, 46.299076 ], [ 16.773625, 46.3047825 ], [ 16.6850322, 46.2109204 ], [ 16.3888517, 46.1297216 ], [ 16.3414855, 46.0275355 ], [ 16.6019189, 45.92491 ], [ 16.702198, 45.923121 ], [ 16.7302825, 46.0361505 ], [ 16.8521213, 46.081209 ], [ 16.9970134, 45.9379563 ], [ 17.122053, 45.883364 ], [ 17.2020502, 45.9778824 ], [ 17.294325, 45.9885445 ], [ 17.1624002, 46.1623033 ], [ 16.957955, 46.2360141 ], [ 16.8760435, 46.3206025 ], [ 16.854755, 46.350441 ] ] ] ] } },
{ "type": "Feature", "properties": { "region": "HR064", "SampSize": 70.0, "F1_wgt_F1_wgt_Direct": 0.42818815904494018, "F1_wgt_F1_wgt_SD": 0.053945839300262158, "F1_wgt_F1_wgt_CV": 12.598629401753335, "F2_wgt_Direct": 0.44744523844606859, "F2_wgt_SD": 0.056270052425116318, "F2_wgt_CV": 12.57585232564692, "F3_wgt_Direct": 0.39091915142150302, "F3_wgt_SD": 0.049358084337480429, "F3_wgt_CV": 12.626161741628458, "F4_wgt_Direct": 0.33602647037299155, "F4_wgt_SD": 0.043723281077632362, "F4_wgt_CV": 13.011856187728078, "F5_wgt_Direct": 0.37409015762709225, "F5_wgt_SD": 0.047306149487817917, "F5_wgt_CV": 12.645654669956476 }, "geometry": { "type": "MultiPolygon", "coordinates": [ [ [ [ 16.2470538, 46.1546288 ], [ 16.2152687, 46.1924265 ], [ 15.9795228, 46.19241 ], [ 15.8942426, 46.2351089 ], [ 15.8734945, 46.2793195 ], [ 15.7914755, 46.2593275 ], [ 15.7946262, 46.2337548 ], [ 15.7707183, 46.2102334 ], [ 15.6552788, 46.2143948 ], [ 15.6046659, 46.1429831 ], [ 15.627262, 46.0859535 ], [ 15.7037062, 46.0586396 ], [ 15.7154713, 46.0208959 ], [ 15.7064075, 45.975262 ], [ 15.7707183, 45.9679143 ], [ 15.8598915, 45.9759912 ], [ 15.956769, 45.901594 ], [ 16.1548135, 45.968774 ], [ 16.2512755, 46.0716545 ], [ 16.2470538, 46.1546288 ] ] ] ] } },
{ "type": "Feature", "properties": { "region": "HR065", "SampSize": 94.0, "F1_wgt_F1_wgt_Direct": 0.49647685412482528, "F1_wgt_F1_wgt_SD": 0.05328751079610345, "F1_wgt_F1_wgt_CV": 10.733130931156316, "F2_wgt_Direct": 0.52096197975415848, "F2_wgt_SD": 0.055742295133135771, "F2_wgt_CV": 10.699877783680206, "F3_wgt_Direct": 0.45863536902251362, "F3_wgt_SD": 0.05002264210748076, "F3_wgt_CV": 10.906843537621985, "F4_wgt_Direct": 0.3822036246607633, "F4_wgt_SD": 0.042408361045934602, "F4_wgt_CV": 11.095750618162102, "F5_wgt_Direct": 0.4369808983365126, "F5_wgt_SD": 0.047655684292446238, "F5_wgt_CV": 10.905667610154278 }, "geometry": { "type": "MultiPolygon", "coordinates": [ [ [ [ 16.2869831, 46.0209772 ], [ 16.2512755, 46.0716545 ], [ 16.1548135, 45.968774 ], [ 16.2165356, 45.8614673 ], [ 16.1971557, 45.791666 ], [ 16.1236193, 45.7941429 ], [ 16.038318, 45.7541139 ], [ 15.9195834, 45.6230546 ], [ 15.7839029, 45.7061676 ], [ 15.8705905, 45.7413823 ], [ 15.8347473, 45.8382103 ], [ 15.956769, 45.901594 ], [ 15.8598915, 45.9759912 ], [ 15.7707183, 45.9679143 ], [ 15.7064075, 45.975262 ], [ 15.6728968, 45.8361353 ], [ 15.571014, 45.8460259 ], [ 15.404425, 45.792717 ], [ 15.3312905, 45.762855 ], [ 15.5339515, 45.603828 ], [ 15.690051, 45.5982309 ], [ 15.7707183, 45.5407381 ], [ 15.8808661, 45.5355528 ], [ 15.922112, 45.4785875 ], [ 16.0552969, 45.4783725 ], [ 16.0977347, 45.5171477 ], [ 16.0772035, 45.5680902 ], [ 16.1483347, 45.6318564 ], [ 16.242528, 45.6039354 ], [ 16.3530642, 45.6344023 ], [ 16.4784177, 45.5802926 ], [ 16.6099205, 45.670356 ], [ 16.5155027, 45.7278666 ], [ 16.5148858, 45.77294 ], [ 16.6973949, 45.8473884 ], [ 16.702198, 45.923121 ], [ 16.6019189, 45.92491 ], [ 16.3414855, 46.0275355 ], [ 16.2869831, 46.0209772 ] ] ] ] } },
{ "type": "Feature", "properties": { "region": "HU110", "SampSize": 273.0, "F1_wgt_F1_wgt_Direct": 0.70116033303360004, "F1_wgt_F1_wgt_SD": 0.043983772459803241, "F1_wgt_F1_wgt_CV": 6.2729978276873677, "F2_wgt_Direct": 0.61142208424065703, "F2_wgt_SD": 0.03877855433867923, "F2_wgt_CV": 6.3423542162104685, "F3_wgt_Direct": 0.6833895045404027, "F3_wgt_SD": 0.04372432630761168, "F3_wgt_CV": 6.3981559589530761, "F4_wgt_Direct": 0.62788378523084287, "F4_wgt_SD": 0.041073195423189719, "F4_wgt_CV": 6.5415282874503715, "F5_wgt_Direct": 0.69275117152344734, "F5_wgt_SD": 0.044610721512621, "F5_wgt_CV": 6.4396457698536098 }, "geometry": { "type": "MultiPolygon", "coordinates": [ [ [ [ 18.9750012, 47.4553728 ], [ 18.962175, 47.385027 ], [ 19.0815872, 47.3963592 ], [ 19.1404322, 47.3495319 ], [ 19.3203714, 47.4608981 ], [ 19.316746, 47.5048066 ], [ 19.0926587, 47.6102466 ], [ 18.9382295, 47.5657721 ], [ 18.9750012, 47.4553728 ] ] ] ] } },
{ "type": "Feature", "properties": { "region": "HU120", "SampSize": 222.0, "F1_wgt_F1_wgt_Direct": 0.53838859181304888, "F1_wgt_F1_wgt_SD": 0.03856969674633038, "F1_wgt_F1_wgt_CV": 7.1639141937322846, "F2_wgt_Direct": 0.51073594562609059, "F2_wgt_SD": 0.036338698677553009, "F2_wgt_CV": 7.1149679181101835, "F3_wgt_Direct": 0.51963799413228395, "F3_wgt_SD": 0.038111895348485317, "F3_wgt_CV": 7.3343165393682126, "F4_wgt_Direct": 0.52267725884121097, "F4_wgt_SD": 0.038570364275518389, "F4_wgt_CV": 7.3793844333365266, "F5_wgt_Direct": 0.56761370137016498, "F5_wgt_SD": 0.04115360059092095, "F5_wgt_CV": 7.2502831576440308 }, "geometry": { "type": "MultiPolygon", "coordinates": [ [ [ [ 19.0786647, 47.8492497 ], [ 18.9562946, 47.9373283 ], [ 18.9976054, 48.0084052 ], [ 18.928392, 48.0568325 ], [ 18.8374653, 48.0456873 ], [ 18.7668566, 47.973322 ], [ 18.767812, 47.8800948 ], [ 18.848478, 47.818228 ], [ 18.9036532, 47.791086 ], [ 18.9312365, 47.7301387 ], [ 18.8642607, 47.7098988 ], [ 18.8549387, 47.6585776 ], [ 18.7900056, 47.6639786 ], [ 18.6884335, 47.5770675 ], [ 18.710813, 47.5147381 ], [ 18.7772447, 47.4599171 ], [ 18.7687589, 47.3984525 ], [ 18.8108129, 47.3546046 ], [ 18.9103564, 47.2681601 ], [ 18.8779839, 47.1367507 ], [ 18.9659075, 47.0289645 ], [ 18.989465, 47.0534589 ], [ 19.0714576, 47.043235 ], [ 19.2599885, 47.1268234 ], [ 19.3356801, 47.0974648 ], [ 19.3053398, 47.037729 ], [ 19.3262235, 47.0202865 ], [ 19.4714891, 47.0631135 ], [ 19.5119213, 47.1112864 ], [ 19.5860309, 47.1123176 ], [ 19.667552, 47.0122053 ], [ 19.7886789, 46.9506668 ], [ 19.8824999, 46.9896721 ], [ 19.9693846, 46.9680954 ], [ 20.0303395, 47.0069678 ], [ 20.094687, 47.0074075 ], [ 20.0553389, 47.1209681 ], [ 20.0883281, 47.1959664 ], [ 19.9997012, 47.2547488 ], [ 20.0078098, 47.3060139 ], [ 19.9787261, 47.3546046 ], [ 19.7651559, 47.481148 ], [ 19.7528564, 47.5308389 ], [ 19.6732425, 47.5363944 ], [ 19.6663295, 47.5885495 ], [ 19.570937, 47.7348995 ], [ 19.4727324, 47.6994633 ], [ 19.4204503, 47.8135098 ], [ 19.0786647, 47.8492497 ] ], [ [ 19.0926587, 47.6102466 ], [ 19.316746, 47.5048066 ], [ 19.3203714, 47.4608981 ], [ 19.1404322, 47.3495319 ], [ 19.0815872, 47.3963592 ], [ 18.962175, 47.385027 ], [ 18.9750012, 47.4553728 ], [ 18.9382295, 47.5657721 ], [ 19.0926587, 47.6102466 ] ] ] ] } },
{ "type": "Feature", "properties": { "region": "HU211", "SampSize": 81.0, "F1_wgt_F1_wgt_Direct": 0.4987343735986931, "F1_wgt_F1_wgt_SD": 0.057805062814878801, "F1_wgt_F1_wgt_CV": 11.590350670593976, "F2_wgt_Direct": 0.43283190987951869, "F2_wgt_SD": 0.051884253795644028, "F2_wgt_CV": 11.987160052521617, "F3_wgt_Direct": 0.47003341452607994, "F3_wgt_SD": 0.055460202018559009, "F3_wgt_CV": 11.799204121366095, "F4_wgt_Direct": 0.44377270646850586, "F4_wgt_SD": 0.054199070984855179, "F4_wgt_CV": 12.213250205530979, "F5_wgt_Direct": 0.4966046292279846, "F5_wgt_SD": 0.060051678881333871, "F5_wgt_CV": 12.092452495799218 }, "geometry": { "type": "MultiPolygon", "coordinates": [ [ [ [ 18.8779839, 47.1367507 ], [ 18.9103564, 47.2681601 ], [ 18.8108129, 47.3546046 ], [ 18.7687589, 47.3984525 ], [ 18.7772447, 47.4599171 ], [ 18.710813, 47.5147381 ], [ 18.6884335, 47.5770675 ], [ 18.5035812, 47.5513006 ], [ 18.4914706, 47.4906402 ], [ 18.4298831, 47.4799118 ], [ 18.3323714, 47.4061955 ], [ 18.1964158, 47.4677352 ], [ 18.1233065, 47.4373346 ], [ 18.0659482, 47.3546046 ], [ 18.035719, 47.334342 ], [ 18.0634434, 47.2809408 ], [ 18.2161003, 47.2110712 ], [ 18.2293156, 47.0149298 ], [ 18.2052485, 46.9716325 ], [ 18.1835261, 46.9422885 ], [ 18.2108975, 46.778161 ], [ 18.3000521, 46.8074091 ], [ 18.4718221, 46.7424742 ], [ 18.5536604, 46.7760811 ], [ 18.6552176, 46.6925621 ], [ 18.8745133, 46.8479675 ], [ 18.925097, 46.8571685 ], [ 18.9602761, 46.9210848 ], [ 18.9659075, 47.0289645 ], [ 18.8779839, 47.1367507 ] ] ] ] } },
{ "type": "Feature", "properties": { "region": "HU212", "SampSize": 63.0, "F1_wgt_F1_wgt_Direct": 0.43416588210306745, "F1_wgt_F1_wgt_SD": 0.059953014531766907, "F1_wgt_F1_wgt_CV": 13.808780699524092, "F2_wgt_Direct": 0.50120582521910606, "F2_wgt_SD": 0.067788455218184801, "F2_wgt_CV": 13.525073294698949, "F3_wgt_Direct": 0.40792580192641581, "F3_wgt_SD": 0.057075370554754798, "F3_wgt_CV": 13.991605896272876, "F4_wgt_Direct": 0.41165972521402616, "F4_wgt_SD": 0.05843480830490317, "F4_wgt_CV": 14.194929628960498, "F5_wgt_Direct": 0.38932734239025818, "F5_wgt_SD": 0.055275217644709572, "F5_wgt_CV": 14.197620260973656 }, "geometry": { "type": "MultiPolygon", "coordinates": [ [ [ [ 18.9312365, 47.7301387 ], [ 18.9036532, 47.791086 ], [ 18.848478, 47.818228 ], [ 18.7597057, 47.8132993 ], [ 18.638923, 47.7600593 ], [ 17.893923, 47.739457 ], [ 17.8936135, 47.6486201 ], [ 17.925023, 47.6032862 ], [ 17.883888, 47.3895865 ], [ 17.9516101, 47.3546046 ], [ 17.9679683, 47.3361814 ], [ 18.035719, 47.334342 ], [ 18.0659482, 47.3546046 ], [ 18.1233065, 47.4373346 ], [ 18.1964158, 47.4677352 ], [ 18.3323714, 47.4061955 ], [ 18.4298831, 47.4799118 ], [ 18.4914706, 47.4906402 ], [ 18.5035812, 47.5513006 ], [ 18.6884335, 47.5770675 ], [ 18.7900056, 47.6639786 ], [ 18.8549387, 47.6585776 ], [ 18.8642607, 47.7098988 ], [ 18.9312365, 47.7301387 ] ] ] ] } },
{ "type": "Feature", "properties": { "region": "HU213", "SampSize": 81.0, "F1_wgt_F1_wgt_Direct": 0.43429638807847454, "F1_wgt_F1_wgt_SD": 0.050702097701054688, "F1_wgt_F1_wgt_CV": 11.674538193924182, "F2_wgt_Direct": 0.40829524219062768, "F2_wgt_SD": 0.04900746099467676, "F2_wgt_CV": 12.002946870440342, "F3_wgt_Direct": 0.50516121074700193, "F3_wgt_SD": 0.058924568312149789, "F3_wgt_CV": 11.664507697456756, "F4_wgt_Direct": 0.31932832170585967, "F4_wgt_SD": 0.038636762741289028, "F4_wgt_CV": 12.099384901060608, "F5_wgt_Direct": 0.38941617408068208, "F5_wgt_SD": 0.046652069474826627, "F5_wgt_CV": 11.980003035303024 }, "geometry": { "type": "MultiPolygon", "coordinates": [ [ [ [ 17.7682247, 47.2993658 ], [ 17.7304664, 47.3418311 ], [ 17.7691536, 47.4114704 ], [ 17.7193156, 47.4617648 ], [ 17.4717395, 47.4358465 ], [ 17.39206, 47.471466 ], [ 17.3127875, 47.4375648 ], [ 17.172392, 47.432484 ], [ 17.2313394, 47.3546046 ], [ 17.2818776, 47.3299837 ], [ 17.2034649, 47.2713844 ], [ 17.2079576, 47.087274 ], [ 17.0745285, 47.0487135 ], [ 17.2230541, 46.989113599999989 ], [ 17.2404358, 46.9261105 ], [ 17.3129825, 46.8963365 ], [ 17.3391389, 46.8210662 ], [ 17.4190675, 46.7506565 ], [ 17.6555864, 46.8087839 ], [ 18.0959686, 46.977737 ], [ 18.2052485, 46.9716325 ], [ 18.2293156, 47.0149298 ], [ 18.2161003, 47.2110712 ], [ 18.0634434, 47.2809408 ], [ 18.035719, 47.334342 ], [ 17.9679683, 47.3361814 ], [ 17.9516101, 47.3546046 ], [ 17.883888, 47.3895865 ], [ 17.7682247, 47.2993658 ] ] ] ] } },
{ "type": "Feature", "properties": { "region": "HU221", "SampSize": 44.0, "F1_wgt_F1_wgt_Direct": 0.61981788845327723, "F1_wgt_F1_wgt_SD": 0.097589432917661881, "F1_wgt_F1_wgt_CV": 15.744855825505642, "F2_wgt_Direct": 0.63114398468000565, "F2_wgt_SD": 0.099614319577766022, "F2_wgt_CV": 15.783136969652205, "F3_wgt_Direct": 0.62841073146255366, "F3_wgt_SD": 0.098097752630395524, "F3_wgt_CV": 15.610451527790479, "F4_wgt_Direct": 0.431072194338598, "F4_wgt_SD": 0.06925587299183672, "F4_wgt_CV": 16.065956909630248, "F5_wgt_Direct": 0.44069210607004639, "F5_wgt_SD": 0.070874019175466679, "F5_wgt_CV": 16.082434470519313 }, "geometry": { "type": "MultiPolygon", "coordinates": [ [ [ [ 17.459599, 47.8886162 ], [ 17.3474269, 47.9822284 ], [ 17.2474275, 48.012009 ], [ 17.1607975, 48.0066565 ], [ 17.1087463, 47.9754765 ], [ 17.0947771, 47.9029282 ], [ 17.0337164, 47.8600229 ], [ 17.0631581, 47.8112954 ], [ 17.0573578, 47.7077375 ], [ 16.9058439, 47.6890818 ], [ 16.8612288, 47.709831 ], [ 16.7699491, 47.6828348 ], [ 16.7102996, 47.7334073 ], [ 16.6046174, 47.7560958 ], [ 16.4215425, 47.665298 ], [ 16.6545381, 47.6112474 ], [ 16.7024465, 47.5394505 ], [ 16.64622, 47.446597 ], [ 16.7050799, 47.4201932 ], [ 16.8311719, 47.4450329 ], [ 16.9404445, 47.4064576 ], [ 17.0480423, 47.4520384 ], [ 17.0797161, 47.4117499 ], [ 17.172392, 47.432484 ], [ 17.3127875, 47.4375648 ], [ 17.39206, 47.471466 ], [ 17.4717395, 47.4358465 ], [ 17.7193156, 47.4617648 ], [ 17.7691536, 47.4114704 ], [ 17.7304664, 47.3418311 ], [ 17.7682247, 47.2993658 ], [ 17.883888, 47.3895865 ], [ 17.925023, 47.6032862 ], [ 17.8936135, 47.6486201 ], [ 17.893923, 47.739457 ], [ 17.7054365, 47.7589925 ], [ 17.459599, 47.8886162 ] ] ] ] } },
{ "type": "Feature", "properties": { "region": "HU222", "SampSize": 69.0, "F1_wgt_F1_wgt_Direct": 0.52251841328506765, "F1_wgt_F1_wgt_SD": 0.065807913135380813, "F1_wgt_F1_wgt_CV": 12.59437207612401, "F2_wgt_Direct": 0.46887277897979146, "F2_wgt_SD": 0.058680665773661163, "F2_wgt_CV": 12.515263927529118, "F3_wgt_Direct": 0.48591274283275843, "F3_wgt_SD": 0.061788073808895137, "F3_wgt_CV": 12.715878461775878, "F4_wgt_Direct": 0.53095517682760751, "F4_wgt_SD": 0.067154254139886543, "F4_wgt_CV": 12.647819829373365, "F5_wgt_Direct": 0.57826397945039776, "F5_wgt_SD": 0.072184833796709397, "F5_wgt_CV": 12.483024425162428 }, "geometry": { "type": "MultiPolygon", "coordinates": [ [ [ [ 17.0797161, 47.4117499 ], [ 17.0480423, 47.4520384 ], [ 16.9404445, 47.4064576 ], [ 16.8311719, 47.4450329 ], [ 16.7050799, 47.4201932 ], [ 16.64622, 47.446597 ], [ 16.4715065, 47.4007156 ], [ 16.4337615, 47.3529185 ], [ 16.4812825, 47.2852197 ], [ 16.4358775, 47.1938968 ], [ 16.5193648, 47.1337188 ], [ 16.4744137, 47.0929108 ], [ 16.4982613, 47.0603235 ], [ 16.4723331, 47.0017452 ], [ 16.2952341, 46.9978486 ], [ 16.113849, 46.869068 ], [ 16.3170977, 46.8575304 ], [ 16.3414732, 46.8267323 ], [ 16.3199604, 46.7668236 ], [ 16.3707935, 46.7222435 ], [ 16.3896022, 46.7776468 ], [ 16.4834113, 46.7970664 ], [ 16.635157, 46.9234449 ], [ 16.7747732, 46.9297534 ], [ 16.8373577, 46.9730649 ], [ 16.9770591, 46.967713599999989 ], [ 17.0127903, 47.0310834 ], [ 17.0745285, 47.0487135 ], [ 17.2079576, 47.087274 ], [ 17.2034649, 47.2713844 ], [ 17.2818776, 47.3299837 ], [ 17.2313394, 47.3546046 ], [ 17.172392, 47.432484 ], [ 17.0797161, 47.4117499 ] ] ] ] } },
{ "type": "Feature", "properties": { "region": "HU223", "SampSize": 40.0, "F1_wgt_F1_wgt_Direct": 0.45799457935936094, "F1_wgt_F1_wgt_SD": 0.076901996283970153, "F1_wgt_F1_wgt_CV": 16.791027612497082, "F2_wgt_Direct": 0.43875018908742336, "F2_wgt_SD": 0.074352533852111921, "F2_wgt_CV": 16.946439158638579, "F3_wgt_Direct": 0.4199028358435678, "F3_wgt_SD": 0.069261315083949102, "F3_wgt_CV": 16.494605220944965, "F4_wgt_Direct": 0.41216681289817642, "F4_wgt_SD": 0.071325770152329299, "F4_wgt_CV": 17.30507355766898, "F5_wgt_Direct": 0.43478865478799034, "F5_wgt_SD": 0.074357064357203281, "F5_wgt_CV": 17.101886983104684 }, "geometry": { "type": "MultiPolygon", "coordinates": [ [ [ [ 17.3391389, 46.8210662 ], [ 17.3129825, 46.8963365 ], [ 17.2404358, 46.9261105 ], [ 17.2230541, 46.989113599999989 ], [ 17.0745285, 47.0487135 ], [ 17.0127903, 47.0310834 ], [ 16.9770591, 46.967713599999989 ], [ 16.8373577, 46.9730649 ], [ 16.7747732, 46.9297534 ], [ 16.635157, 46.9234449 ], [ 16.4834113, 46.7970664 ], [ 16.3896022, 46.7776468 ], [ 16.3707935, 46.7222435 ], [ 16.4201813, 46.6846442 ], [ 16.4027545, 46.6342476 ], [ 16.596805, 46.4759025 ], [ 16.854755, 46.350441 ], [ 16.8760435, 46.3206025 ], [ 17.0170234, 46.3129442 ], [ 17.0512012, 46.3448883 ], [ 17.0480964, 46.4067099 ], [ 17.1801626, 46.4343809 ], [ 17.2215161, 46.517491199999988 ], [ 17.2267751, 46.6669248 ], [ 17.2809107, 46.7290805 ], [ 17.4190675, 46.7506565 ], [ 17.3391389, 46.8210662 ] ] ] ] } },
{ "type": "Feature", "properties": { "region": "HU231", "SampSize": 69.0, "F1_wgt_F1_wgt_Direct": 0.58193444448101339, "F1_wgt_F1_wgt_SD": 0.074781534067997646, "F1_wgt_F1_wgt_CV": 12.850508296461134, "F2_wgt_Direct": 0.48478657941546321, "F2_wgt_SD": 0.063233617679583895, "F2_wgt_CV": 13.043599052562168, "F3_wgt_Direct": 0.52736371025569118, "F3_wgt_SD": 0.068207281673220391, "F3_wgt_CV": 12.933632016535652, "F4_wgt_Direct": 0.51957186721984405, "F4_wgt_SD": 0.067889189968698652, "F4_wgt_CV": 13.066371420755353, "F5_wgt_Direct": 0.53942656628753027, "F5_wgt_SD": 0.069224318475103477, "F5_wgt_CV": 12.832945724479741 }, "geometry": { "type": "MultiPolygon", "coordinates": [ [ [ [ 18.6776618, 46.141705 ], [ 18.5422578, 46.2317309 ], [ 18.5035164, 46.288823 ], [ 18.4205583, 46.2423576 ], [ 18.3199069, 46.4091715 ], [ 18.2013669, 46.3958821 ], [ 18.1854944, 46.3329581 ], [ 18.052896, 46.2958145 ], [ 17.966014, 46.3032337 ], [ 17.9090841, 46.2280477 ], [ 17.717984, 46.1935729 ], [ 17.6375406, 46.0396699 ], [ 17.6367292, 45.9769103 ], [ 17.7253146, 45.88246 ], [ 17.651499, 45.8478355 ], [ 17.8684817, 45.7767157 ], [ 17.9120895, 45.7907805 ], [ 18.4281896, 45.7408204 ], [ 18.5682821, 45.8027237 ], [ 18.6686827, 45.9119991 ], [ 18.7828836, 45.8868818 ], [ 18.821306, 45.914383 ], [ 18.8562256, 46.0230191 ], [ 18.7420594, 46.0432337 ], [ 18.802291, 46.108765 ], [ 18.6776618, 46.141705 ] ] ] ] } },
{ "type": "Feature", "properties": { "region": "HU232", "SampSize": 43.0, "F1_wgt_F1_wgt_Direct": 0.46067553521382376, "F1_wgt_F1_wgt_SD": 0.077104345358664089, "F1_wgt_F1_wgt_CV": 16.73723466189189, "F2_wgt_Direct": 0.3708327784027679, "F2_wgt_SD": 0.064600938215885848, "F2_wgt_CV": 17.420503789910839, "F3_wgt_Direct": 0.42906131679358256, "F3_wgt_SD": 0.071422655882433253, "F3_wgt_CV": 16.646258491952103, "F4_wgt_Direct": 0.43694201214057105, "F4_wgt_SD": 0.075999584682728383, "F4_wgt_CV": 17.393517348081907, "F5_wgt_Direct": 0.50241484741817088, "F5_wgt_SD": 0.086966418330328282, "F5_wgt_CV": 17.309683178599265 }, "geometry": { "type": "MultiPolygon", "coordinates": [ [ [ [ 18.0959686, 46.977737 ], [ 17.6555864, 46.8087839 ], [ 17.4190675, 46.7506565 ], [ 17.2809107, 46.7290805 ], [ 17.2267751, 46.6669248 ], [ 17.2215161, 46.517491199999988 ], [ 17.1801626, 46.4343809 ], [ 17.0480964, 46.4067099 ], [ 17.0512012, 46.3448883 ], [ 17.0170234, 46.3129442 ], [ 16.8760435, 46.3206025 ], [ 16.957955, 46.2360141 ], [ 17.1624002, 46.1623033 ], [ 17.294325, 45.9885445 ], [ 17.3769505, 45.937862 ], [ 17.5789031, 45.9283297 ], [ 17.651499, 45.8478355 ], [ 17.7253146, 45.88246 ], [ 17.6367292, 45.9769103 ], [ 17.6375406, 46.0396699 ], [ 17.717984, 46.1935729 ], [ 17.9090841, 46.2280477 ], [ 17.966014, 46.3032337 ], [ 18.052896, 46.2958145 ], [ 18.0798315, 46.3578878 ], [ 18.0122006, 46.3961773 ], [ 18.0581421, 46.4408971 ], [ 18.0374868, 46.5436687 ], [ 18.1209498, 46.6760429 ], [ 18.1261299, 46.7347689 ], [ 18.2108975, 46.778161 ], [ 18.1835261, 46.9422885 ], [ 18.2052485, 46.9716325 ], [ 18.0959686, 46.977737 ] ] ] ] } },
{ "type": "Feature", "properties": { "region": "HU233", "SampSize": 4.0, "F1_wgt_F1_wgt_Direct": 0.56375106745949588, "F1_wgt_F1_wgt_SD": 0.30067828918839518, "F1_wgt_F1_wgt_CV": 53.335293987713499, "F2_wgt_Direct": 0.61086663952673104, "F2_wgt_SD": 0.31423796152776756, "F2_wgt_CV": 51.441336159922471, "F3_wgt_Direct": 0.44424358328326558, "F3_wgt_SD": 0.22693181107641083, "F3_wgt_CV": 51.082743705430403, "F4_wgt_Direct": 0.26762233106809202, "F4_wgt_SD": 0.13825348205006424, "F4_wgt_CV": 51.659919969416883, "F5_wgt_Direct": 0.31049850843020832, "F5_wgt_SD": 0.15762279116696851, "F5_wgt_CV": 50.764427811220187 }, "geometry": { "type": "MultiPolygon", "coordinates": [ [ [ [ 18.8729002, 46.2592318 ], [ 18.9157409, 46.2893261 ], [ 18.8897563, 46.3861284 ], [ 18.9165155, 46.4774053 ], [ 18.8693509, 46.6115692 ], [ 18.9962104, 46.6926625 ], [ 18.925097, 46.8571685 ], [ 18.8745133, 46.8479675 ], [ 18.6552176, 46.6925621 ], [ 18.5536604, 46.7760811 ], [ 18.4718221, 46.7424742 ], [ 18.3000521, 46.8074091 ], [ 18.2108975, 46.778161 ], [ 18.1261299, 46.7347689 ], [ 18.1209498, 46.6760429 ], [ 18.0374868, 46.5436687 ], [ 18.0581421, 46.4408971 ], [ 18.0122006, 46.3961773 ], [ 18.0798315, 46.3578878 ], [ 18.052896, 46.2958145 ], [ 18.1854944, 46.3329581 ], [ 18.2013669, 46.3958821 ], [ 18.3199069, 46.4091715 ], [ 18.4205583, 46.2423576 ], [ 18.5035164, 46.288823 ], [ 18.5422578, 46.2317309 ], [ 18.6776618, 46.141705 ], [ 18.802291, 46.108765 ], [ 18.8729002, 46.2592318 ] ] ] ] } },
{ "type": "Feature", "properties": { "region": "HU311", "SampSize": 125.0, "F1_wgt_F1_wgt_Direct": 0.43101745328345642, "F1_wgt_F1_wgt_SD": 0.040671822721120798, "F1_wgt_F1_wgt_CV": 9.4362356817075757, "F2_wgt_Direct": 0.36263618424855393, "F2_wgt_SD": 0.035365412323959927, "F2_wgt_CV": 9.7523120582253249, "F3_wgt_Direct": 0.42425428139699595, "F3_wgt_SD": 0.04001831810183596, "F3_wgt_CV": 9.4326256343395194, "F4_wgt_Direct": 0.38677920353855549, "F4_wgt_SD": 0.038319241420620709, "F4_wgt_CV": 9.907265196796164, "F5_wgt_Direct": 0.44079007801836584, "F5_wgt_SD": 0.042623692102945109, "F5_wgt_CV": 9.6698392791793193 }, "geometry": { "type": "MultiPolygon", "coordinates": [ [ [ [ 22.0024126, 48.3850175 ], [ 21.7880426, 48.3445579 ], [ 21.6917152, 48.3897634 ], [ 21.5988754, 48.5040328 ], [ 21.4477071, 48.572207299999988 ], [ 21.1272753, 48.5065412 ], [ 20.8133803, 48.5776014 ], [ 20.7363163, 48.5722899 ], [ 20.5217503, 48.5319376 ], [ 20.463937, 48.463967 ], [ 20.3199347, 48.2771578 ], [ 20.1505326, 48.2462007 ], [ 20.051879, 48.167704 ], [ 20.0930645, 48.1432205 ], [ 20.2399129, 48.096271 ], [ 20.3014375, 48.1200501 ], [ 20.359706, 48.1037943 ], [ 20.4049723, 48.1485139 ], [ 20.4596266, 48.1387144 ], [ 20.492327, 48.0753355 ], [ 20.4614868, 47.9709412 ], [ 20.5067987, 47.9271971 ], [ 20.4597587, 47.8886743 ], [ 20.5196399, 47.7900197 ], [ 20.5964572, 47.7062868 ], [ 20.7716985, 47.654476 ], [ 20.827972, 47.6590175 ], [ 21.0421199, 47.7611681 ], [ 21.122181, 47.961827 ], [ 21.0940989, 48.0010636 ], [ 21.1274322, 48.0372567 ], [ 21.2565565, 48.0477749 ], [ 21.3497415, 48.0242612 ], [ 21.4339056, 48.049501 ], [ 21.4514575, 48.0758696 ], [ 21.4228728, 48.1292985 ], [ 21.447207, 48.1687792 ], [ 21.5715882, 48.2041602 ], [ 21.6884513, 48.1936358 ], [ 22.0712247, 48.3079179 ], [ 22.1210775, 48.378311499999988 ], [ 22.0024126, 48.3850175 ] ] ] ] } },
{ "type": "Feature", "properties": { "region": "HU312", "SampSize": 37.0, "F1_wgt_F1_wgt_Direct": 0.44401813620940472, "F1_wgt_F1_wgt_SD": 0.075259374984263328, "F1_wgt_F1_wgt_CV": 16.949617334723019, "F2_wgt_Direct": 0.47698417938567406, "F2_wgt_SD": 0.081682144079588181, "F2_wgt_CV": 17.124707193599104, "F3_wgt_Direct": 0.42657811090298642, "F3_wgt_SD": 0.074323840616583189, "F3_wgt_CV": 17.423266388247974, "F4_wgt_Direct": 0.35993787009643491, "F4_wgt_SD": 0.062985200844031988, "F4_wgt_CV": 17.498909138723562, "F5_wgt_Direct": 0.41402880357858907, "F5_wgt_SD": 0.072076382193087568, "F5_wgt_CV": 17.408542973364984 }, "geometry": { "type": "MultiPolygon", "coordinates": [ [ [ [ 20.5964572, 47.7062868 ], [ 20.5196399, 47.7900197 ], [ 20.4597587, 47.8886743 ], [ 20.5067987, 47.9271971 ], [ 20.4614868, 47.9709412 ], [ 20.492327, 48.0753355 ], [ 20.4596266, 48.1387144 ], [ 20.4049723, 48.1485139 ], [ 20.359706, 48.1037943 ], [ 20.3014375, 48.1200501 ], [ 20.2399129, 48.096271 ], [ 20.0930645, 48.1432205 ], [ 19.9908846, 48.0884202 ], [ 20.0103732, 48.0190794 ], [ 19.948251, 47.9381422 ], [ 19.8208239, 47.9200261 ], [ 19.838855, 47.8856565 ], [ 19.7799473, 47.8936302 ], [ 19.570937, 47.7348995 ], [ 19.6663295, 47.5885495 ], [ 19.7471035, 47.6163525 ], [ 19.8237636, 47.6027153 ], [ 19.8826229, 47.658729 ], [ 19.984915, 47.6661158 ], [ 20.059204, 47.5687092 ], [ 20.2067368, 47.5984386 ], [ 20.2882147, 47.5340057 ], [ 20.3137415, 47.4639421 ], [ 20.4035711, 47.4258324 ], [ 20.649389, 47.5480672 ], [ 20.7716985, 47.654476 ], [ 20.5964572, 47.7062868 ] ] ] ] } },
{ "type": "Feature", "properties": { "region": "HU313", "SampSize": 8.0, "F1_wgt_F1_wgt_Direct": 0.57070729257088215, "F1_wgt_F1_wgt_SD": 0.21132415182696393, "F1_wgt_F1_wgt_CV": 37.028465305744682, "F2_wgt_Direct": 0.57427902609279147, "F2_wgt_SD": 0.21037935814289385, "F2_wgt_CV": 36.633648206560295, "F3_wgt_Direct": 0.54881732911623082, "F3_wgt_SD": 0.20076046073406736, "F3_wgt_CV": 36.580561524424724, "F4_wgt_Direct": 0.54313615490590184, "F4_wgt_SD": 0.19698870036315999, "F4_wgt_CV": 36.268751137969865, "F5_wgt_Direct": 0.64457068032533238, "F5_wgt_SD": 0.23511263657396791, "F5_wgt_CV": 36.475850321845257 }, "geometry": { "type": "MultiPolygon", "coordinates": [ [ [ [ 19.9229751, 48.136278 ], [ 19.635997, 48.2445682 ], [ 19.5257494, 48.1960246 ], [ 19.471523, 48.101945 ], [ 19.2337379, 48.0582724 ], [ 19.0143225, 48.0777365 ], [ 18.928392, 48.0568325 ], [ 18.9976054, 48.0084052 ], [ 18.9562946, 47.9373283 ], [ 19.0786647, 47.8492497 ], [ 19.4204503, 47.8135098 ], [ 19.4727324, 47.6994633 ], [ 19.570937, 47.7348995 ], [ 19.7799473, 47.8936302 ], [ 19.838855, 47.8856565 ], [ 19.8208239, 47.9200261 ], [ 19.948251, 47.9381422 ], [ 20.0103732, 48.0190794 ], [ 19.9908846, 48.0884202 ], [ 20.0930645, 48.1432205 ], [ 20.051879, 48.167704 ], [ 19.9229751, 48.136278 ] ] ] ] } },
{ "type": "Feature", "properties": { "region": "HU321", "SampSize": 109.0, "F1_wgt_F1_wgt_Direct": 0.49214477549907099, "F1_wgt_F1_wgt_SD": 0.049471607779792141, "F1_wgt_F1_wgt_CV": 10.052246867727954, "F2_wgt_Direct": 0.45912740003270508, "F2_wgt_SD": 0.047670856423188059, "F2_wgt_CV": 10.382925614936577, "F3_wgt_Direct": 0.52198088981681368, "F3_wgt_SD": 0.052517037935085428, "F3_wgt_CV": 10.061103569043684, "F4_wgt_Direct": 0.45062641472867698, "F4_wgt_SD": 0.045491530430196887, "F4_wgt_CV": 10.095176168842084, "F5_wgt_Direct": 0.47230578842476822, "F5_wgt_SD": 0.048571030702954821, "F5_wgt_CV": 10.283810169879278 }, "geometry": { "type": "MultiPolygon", "coordinates": [ [ [ [ 22.0935221, 47.6579687 ], [ 22.0229465, 47.6332993 ], [ 21.938677, 47.7253469 ], [ 21.8298532, 47.6741314 ], [ 21.6884513, 47.731391599999988 ], [ 21.5513178, 47.7924355 ], [ 21.5480932, 47.9319227 ], [ 21.2831244, 47.9117973 ], [ 21.122181, 47.961827 ], [ 21.0421199, 47.7611681 ], [ 20.827972, 47.6590175 ], [ 20.8577697, 47.5938503 ], [ 20.9846499, 47.5677581 ], [ 21.0300079, 47.3546046 ], [ 21.0168179, 47.2511188 ], [ 20.9920975, 47.2322875 ], [ 21.2948362, 47.1435777 ], [ 21.2972998, 47.0999716 ], [ 21.2356695, 47.043921499999989 ], [ 21.2850247, 47.0004558 ], [ 21.4953629, 46.9469344 ], [ 21.658955, 47.0221315 ], [ 21.6884513, 47.0539479 ], [ 21.7954486, 47.120629 ], [ 21.9293069, 47.3572797 ], [ 22.0197285, 47.3926596 ], [ 22.0214501, 47.509591 ], [ 22.12832, 47.5980895 ], [ 22.0935221, 47.6579687 ] ] ] ] } },
{ "type": "Feature", "properties": { "region": "HU322", "SampSize": 49.0, "F1_wgt_F1_wgt_Direct": 0.62704762633457634, "F1_wgt_F1_wgt_SD": 0.096989197281283274, "F1_wgt_F1_wgt_CV": 15.46759659202224, "F2_wgt_Direct": 0.4747502789288397, "F2_wgt_SD": 0.073436959276733743, "F2_wgt_CV": 15.46854473522936, "F3_wgt_Direct": 0.62066824071549387, "F3_wgt_SD": 0.092890810894309464, "F3_wgt_CV": 14.966258107105142, "F4_wgt_Direct": 0.58318555835695218, "F4_wgt_SD": 0.087420959380126631, "F4_wgt_CV": 14.99024763686254, "F5_wgt_Direct": 0.66770157679270781, "F5_wgt_SD": 0.099088317467332446, "F5_wgt_CV": 14.840210194395729 }, "geometry": { "type": "MultiPolygon", "coordinates": [ [ [ [ 20.649389, 47.5480672 ], [ 20.4035711, 47.4258324 ], [ 20.3137415, 47.4639421 ], [ 20.2882147, 47.5340057 ], [ 20.2067368, 47.5984386 ], [ 20.059204, 47.5687092 ], [ 19.984915, 47.6661158 ], [ 19.8826229, 47.658729 ], [ 19.8237636, 47.6027153 ], [ 19.7471035, 47.6163525 ], [ 19.6663295, 47.5885495 ], [ 19.6732425, 47.5363944 ], [ 19.7528564, 47.5308389 ], [ 19.7651559, 47.481148 ], [ 19.9787261, 47.3546046 ], [ 20.0078098, 47.3060139 ], [ 19.9997012, 47.2547488 ], [ 20.0883281, 47.1959664 ], [ 20.0553389, 47.1209681 ], [ 20.094687, 47.0074075 ], [ 20.1386866, 46.9214706 ], [ 20.0611625, 46.8063905 ], [ 20.1716086, 46.7616821 ], [ 20.2354972, 46.7933373 ], [ 20.3189095, 46.7659368 ], [ 20.4242655, 46.8034705 ], [ 20.41561, 46.8568356 ], [ 20.4546653, 46.894049 ], [ 20.6935777, 46.9176887 ], [ 20.7185098, 47.0338699 ], [ 20.8133803, 47.0471078 ], [ 20.8663822, 47.1525494 ], [ 20.9920975, 47.2322875 ], [ 21.0168179, 47.2511188 ], [ 21.0300079, 47.3546046 ], [ 20.9846499, 47.5677581 ], [ 20.8577697, 47.5938503 ], [ 20.827972, 47.6590175 ], [ 20.7716985, 47.654476 ], [ 20.649389, 47.5480672 ] ] ] ] } },
{ "type": "Feature", "properties": { "region": "HU323", "SampSize": 223.0, "F1_wgt_F1_wgt_Direct": 0.43454982597868441, "F1_wgt_F1_wgt_SD": 0.031205373549249241, "F1_wgt_F1_wgt_CV": 7.1810806687056266, "F2_wgt_Direct": 0.3967606351478033, "F2_wgt_SD": 0.02914858365683351, "F2_wgt_CV": 7.3466420492988016, "F3_wgt_Direct": 0.42818966586721263, "F3_wgt_SD": 0.030677132723381, "F3_wgt_CV": 7.1643795188869408, "F4_wgt_Direct": 0.40995125730524767, "F4_wgt_SD": 0.030049326512310261, "F4_wgt_CV": 7.3299754487484554, "F5_wgt_Direct": 0.47340390373821589, "F5_wgt_SD": 0.033833094852792928, "F5_wgt_CV": 7.1467714113954663 }, "geometry": { "type": "MultiPolygon", "coordinates": [ [ [ [ 22.3641611, 48.2553219 ], [ 22.2482945, 48.4120266 ], [ 22.155306, 48.4033965 ], [ 22.1210775, 48.378311499999988 ], [ 22.0712247, 48.3079179 ], [ 21.6884513, 48.1936358 ], [ 21.5715882, 48.2041602 ], [ 21.447207, 48.1687792 ], [ 21.4228728, 48.1292985 ], [ 21.4514575, 48.0758696 ], [ 21.4339056, 48.049501 ], [ 21.3497415, 48.0242612 ], [ 21.2565565, 48.0477749 ], [ 21.1274322, 48.0372567 ], [ 21.0940989, 48.0010636 ], [ 21.122181, 47.961827 ], [ 21.2831244, 47.9117973 ], [ 21.5480932, 47.9319227 ], [ 21.5513178, 47.7924355 ], [ 21.6884513, 47.731391599999988 ], [ 21.8298532, 47.6741314 ], [ 21.938677, 47.7253469 ], [ 22.0229465, 47.6332993 ], [ 22.0935221, 47.6579687 ], [ 22.12832, 47.5980895 ], [ 22.1808375, 47.6000945 ], [ 22.2228754, 47.6781958 ], [ 22.3206672, 47.7554795 ], [ 22.4202931, 47.7465157 ], [ 22.4724414, 47.8056469 ], [ 22.5641074, 47.7735906 ], [ 22.6634312, 47.7864531 ], [ 22.8962705, 47.9541205 ], [ 22.8494217, 47.9910028 ], [ 22.870851, 48.0421482 ], [ 22.8209421, 48.1102496 ], [ 22.6077691, 48.1068077 ], [ 22.5006145, 48.2397187 ], [ 22.3641611, 48.2553219 ] ] ] ] } },
{ "type": "Feature", "properties": { "region": "HU331", "SampSize": 84.0, "F1_wgt_F1_wgt_Direct": 0.62499811455692, "F1_wgt_F1_wgt_SD": 0.07184862291136411, "F1_wgt_F1_wgt_CV": 11.495814345344028, "F2_wgt_Direct": 0.45264213699214351, "F2_wgt_SD": 0.053104022825541608, "F2_wgt_CV": 11.732010452765987, "F3_wgt_Direct": 0.53755900298576231, "F3_wgt_SD": 0.063144713175719139, "F3_wgt_CV": 11.746564158537884, "F4_wgt_Direct": 0.54385101158821414, "F4_wgt_SD": 0.065383398397497572, "F4_wgt_CV": 12.022299674787348, "F5_wgt_Direct": 0.56099502638372822, "F5_wgt_SD": 0.067382988469915722, "F5_wgt_CV": 12.011334379250778 }, "geometry": { "type": "MultiPolygon", "coordinates": [ [ [ [ 20.0303395, 47.0069678 ], [ 19.9693846, 46.9680954 ], [ 19.8824999, 46.9896721 ], [ 19.7886789, 46.9506668 ], [ 19.667552, 47.0122053 ], [ 19.5860309, 47.1123176 ], [ 19.5119213, 47.1112864 ], [ 19.4714891, 47.0631135 ], [ 19.3262235, 47.0202865 ], [ 19.3053398, 47.037729 ], [ 19.3356801, 47.0974648 ], [ 19.2599885, 47.1268234 ], [ 19.0714576, 47.043235 ], [ 18.989465, 47.0534589 ], [ 18.9659075, 47.0289645 ], [ 18.9602761, 46.9210848 ], [ 18.925097, 46.8571685 ], [ 18.9962104, 46.6926625 ], [ 18.8693509, 46.6115692 ], [ 18.9165155, 46.4774053 ], [ 18.8897563, 46.3861284 ], [ 18.9157409, 46.2893261 ], [ 18.8729002, 46.2592318 ], [ 18.802291, 46.108765 ], [ 18.7420594, 46.0432337 ], [ 18.8562256, 46.0230191 ], [ 18.821306, 45.914383 ], [ 18.889734, 45.9211805 ], [ 19.0653615, 45.9668915 ], [ 19.1111289, 46.034991 ], [ 19.1657836, 45.9971296 ], [ 19.3027095, 45.9915505 ], [ 19.2995503, 46.0209239 ], [ 19.4238466, 46.0533841 ], [ 19.5463012, 46.1658439 ], [ 19.698099, 46.187931 ], [ 19.6568257, 46.2533182 ], [ 19.6764037, 46.3380192 ], [ 19.8753885, 46.4004345 ], [ 19.8788214, 46.4765593 ], [ 19.8216222, 46.5307665 ], [ 19.9730717, 46.5845929 ], [ 19.9914796, 46.7357516 ], [ 20.0611625, 46.8063905 ], [ 20.1386866, 46.9214706 ], [ 20.094687, 47.0074075 ], [ 20.0303395, 47.0069678 ] ] ] ] } },
{ "type": "Feature", "properties": { "region": "HU332", "SampSize": 22.0, "F1_wgt_F1_wgt_Direct": 0.58156452661607072, "F1_wgt_F1_wgt_SD": 0.13254224392565722, "F1_wgt_F1_wgt_CV": 22.790634204750447, "F2_wgt_Direct": 0.53657654261811816, "F2_wgt_SD": 0.1200980513881162, "F2_wgt_CV": 22.382277615439861, "F3_wgt_Direct": 0.54798455772863819, "F3_wgt_SD": 0.12608542531751091, "F3_wgt_CV": 23.008937667902018, "F4_wgt_Direct": 0.49880362264560801, "F4_wgt_SD": 0.11735376928725044, "F4_wgt_CV": 23.527048313085007, "F5_wgt_Direct": 0.46744464992016838, "F5_wgt_SD": 0.11458687431108069, "F5_wgt_CV": 24.513463643374713 }, "geometry": { "type": "MultiPolygon", "coordinates": [ [ [ [ 21.2356695, 47.043921499999989 ], [ 21.2972998, 47.0999716 ], [ 21.2948362, 47.1435777 ], [ 20.9920975, 47.2322875 ], [ 20.8663822, 47.1525494 ], [ 20.8133803, 47.0471078 ], [ 20.7185098, 47.0338699 ], [ 20.6935777, 46.9176887 ], [ 20.4546653, 46.894049 ], [ 20.41561, 46.8568356 ], [ 20.4242655, 46.8034705 ], [ 20.5876275, 46.7544035 ], [ 20.5715994, 46.6218852 ], [ 20.6073096, 46.5172018 ], [ 20.5623189, 46.3808175 ], [ 20.645645, 46.3519206 ], [ 20.7352171, 46.3773738 ], [ 20.7756, 46.27591 ], [ 20.8133803, 46.2735092 ], [ 21.0860761, 46.2561802 ], [ 21.1735199, 46.3126855 ], [ 21.2150535, 46.4020745 ], [ 21.3036499, 46.4268182 ], [ 21.2677989, 46.5088045 ], [ 21.3201147, 46.6159647 ], [ 21.441398, 46.651467 ], [ 21.4461075, 46.689456799999988 ], [ 21.5181535, 46.7155382 ], [ 21.4956396, 46.7748966 ], [ 21.5297467, 46.8347085 ], [ 21.6024884, 46.8748754 ], [ 21.6677896, 46.9784208 ], [ 21.658955, 47.0221315 ], [ 21.4953629, 46.9469344 ], [ 21.2850247, 47.0004558 ], [ 21.2356695, 47.043921499999989 ] ] ] ] } },
{ "type": "Feature", "properties": { "region": "HU333", "SampSize": 51.0, "F1_wgt_F1_wgt_Direct": 0.45790586977638936, "F1_wgt_F1_wgt_SD": 0.068804306118920897, "F1_wgt_F1_wgt_CV": 15.02586244472479, "F2_wgt_Direct": 0.43182935875479023, "F2_wgt_SD": 0.064373671305412369, "F2_wgt_CV": 14.907201189617652, "F3_wgt_Direct": 0.43941908996843471, "F3_wgt_SD": 0.065608499695481576, "F3_wgt_CV": 14.930734961968652, "F4_wgt_Direct": 0.46058668399755515, "F4_wgt_SD": 0.071633335918105029, "F4_wgt_CV": 15.552628507706762, "F5_wgt_Direct": 0.46977040043882734, "F5_wgt_SD": 0.071520275225836691, "F5_wgt_CV": 15.224517159665094 }, "geometry": { "type": "MultiPolygon", "coordinates": [ [ [ [ 20.3189095, 46.7659368 ], [ 20.2354972, 46.7933373 ], [ 20.1716086, 46.7616821 ], [ 20.0611625, 46.8063905 ], [ 19.9914796, 46.7357516 ], [ 19.9730717, 46.5845929 ], [ 19.8216222, 46.5307665 ], [ 19.8788214, 46.4765593 ], [ 19.8753885, 46.4004345 ], [ 19.6764037, 46.3380192 ], [ 19.6568257, 46.2533182 ], [ 19.698099, 46.187931 ], [ 19.7978039, 46.1358802 ], [ 19.86539, 46.1503345 ], [ 19.9863913, 46.1760518 ], [ 20.264296, 46.1263735 ], [ 20.3489341, 46.1653035 ], [ 20.4570624, 46.1503967 ], [ 20.5111235, 46.1840395 ], [ 20.6269307, 46.1354382 ], [ 20.7053035, 46.1609375 ], [ 20.7756, 46.27591 ], [ 20.7352171, 46.3773738 ], [ 20.645645, 46.3519206 ], [ 20.5623189, 46.3808175 ], [ 20.6073096, 46.5172018 ], [ 20.5715994, 46.6218852 ], [ 20.5876275, 46.7544035 ], [ 20.4242655, 46.8034705 ], [ 20.3189095, 46.7659368 ] ] ] ] } },
{ "type": "Feature", "properties": { "region": "IE041", "SampSize": 161.0, "F1_wgt_F1_wgt_Direct": 0.53841769080918656, "F1_wgt_F1_wgt_SD": 0.048241707817146873, "F1_wgt_F1_wgt_CV": 8.959903926010405, "F2_wgt_Direct": 0.47524449778315042, "F2_wgt_SD": 0.044782481482062042, "F2_wgt_CV": 9.4230404961986256, "F3_wgt_Direct": 0.45993594186740411, "F3_wgt_SD": 0.043238852162375371, "F3_wgt_CV": 9.4010596316564445, "F4_wgt_Direct": 0.44284521245558656, "F4_wgt_SD": 0.041183929041553588, "F4_wgt_CV": 9.299847414672902, "F5_wgt_Direct": 0.49447214770292308, "F5_wgt_SD": 0.04481770619350206, "F5_wgt_CV": 9.0637473519395009 }, "geometry": { "type": "MultiPolygon", "coordinates": [ [ [ [ -7.0065751, 55.2433451 ], [ -7.339525, 55.3521531 ], [ -7.5143264, 55.2372082 ], [ -7.5024993, 55.1086048 ], [ -7.5402077, 55.0638769 ], [ -7.5680256, 55.1505502 ], [ -7.6751045, 55.2548516 ], [ -7.8763141, 55.1884222 ], [ -7.9982349, 55.2021504 ], [ -8.028442, 55.1947919 ], [ -8.2650765, 55.1371476 ], [ -8.4250935, 54.9972454 ], [ -8.4239578, 54.8574063 ], [ -8.7317272, 54.704633 ], [ -8.5784301, 54.6202957 ], [ -8.2224779, 54.6172635 ], [ -8.2264099, 54.5553297 ], [ -8.2929127, 54.4973452 ], [ -8.6079102, 54.3716106 ], [ -8.5749076, 54.2934178 ], [ -8.6108518, 54.2580584 ], [ -9.0013412, 54.2845906 ], [ -9.1322585, 54.1623605 ], [ -9.0596782, 54.1515909 ], [ -8.9464583, 54.1347911 ], [ -8.9886164, 54.0311973 ], [ -8.8119769, 53.9753672 ], [ -8.6451324, 54.0265034 ], [ -8.4725692, 53.9297006 ], [ -8.3864482, 53.9363536 ], [ -8.3378659, 54.0107889 ], [ -8.1118444, 54.1074737 ], [ -8.0651936, 54.07451 ], [ -8.0805779, 53.954395 ], [ -7.918767, 53.821486 ], [ -7.7971958, 53.8193061 ], [ -7.6306321, 53.9378713 ], [ -7.5667775, 53.9035415 ], [ -7.5619524, 53.8627411 ], [ -7.487687, 53.8507021 ], [ -7.4363447, 53.7913682 ], [ -7.3438285, 53.7990625 ], [ -6.992126, 53.7825088 ], [ -6.9126106, 53.8759067 ], [ -6.685027, 53.9179439 ], [ -6.5814656, 53.9826796 ], [ -6.594991, 54.044674 ], [ -6.6565249, 54.0706506 ], [ -6.6471883, 54.1515909 ], [ -6.643909, 54.1800195 ], [ -6.7764517, 54.2103438 ], [ -6.7989581, 54.2154931 ], [ -6.8642295, 54.3301655 ], [ -7.0180409, 54.4161745 ], [ -7.1885105, 54.337681 ], [ -7.1984496, 54.2988911 ], [ -7.1511852, 54.2328112 ], [ -7.2167479, 54.2103438 ], [ -7.2687709, 54.1515909 ], [ -7.360363, 54.124442 ], [ -7.5540323, 54.1339176 ], [ -7.6003893, 54.1515909 ], [ -7.7025752, 54.2011308 ], [ -7.8283564, 54.2103438 ], [ -7.8716029, 54.276712599999989 ], [ -8.028442, 54.357776 ], [ -8.0630899, 54.375684 ], [ -8.1490575, 54.4564278 ], [ -8.028442, 54.5234336 ], [ -7.9991983, 54.5396794 ], [ -7.8596562, 54.5362012 ], [ -7.7034115, 54.608288 ], [ -7.7413764, 54.6166795 ], [ -7.8482664, 54.6403056 ], [ -7.9004949, 54.6794868 ], [ -7.8377741, 54.7287402 ], [ -7.7432014, 54.7100249 ], [ -7.5598729, 54.751716 ], [ -7.4524388, 54.8645884 ], [ -7.4475354, 54.9348456 ], [ -7.4152851, 54.948658 ], [ -7.3967518, 55.0123422 ], [ -7.3429215, 55.0504835 ], [ -7.2560685, 55.067035 ], [ -7.0065751, 55.2433451 ] ] ], [ [ [ -8.538067, 55.0221137 ], [ -8.568116, 54.9764312 ], [ -8.4935995, 54.9697171 ], [ -8.4951, 55.0023021 ], [ -8.538067, 55.0221137 ] ] ] ] } },
{ "type": "Feature", "properties": { "region": "IE042", "SampSize": 195.0, "F1_wgt_F1_wgt_Direct": 0.60416835932170598, "F1_wgt_F1_wgt_SD": 0.048727597294871902, "F1_wgt_F1_wgt_CV": 8.0652348874373203, "F2_wgt_Direct": 0.56765223397675224, "F2_wgt_SD": 0.046408538470315751, "F2_wgt_CV": 8.1755229157111682, "F3_wgt_Direct": 0.59973938944819916, "F3_wgt_SD": 0.049912879070341309, "F3_wgt_CV": 8.3224280326600759, "F4_wgt_Direct": 0.52468021019256095, "F4_wgt_SD": 0.042917580489925222, "F4_wgt_CV": 8.1797597195774152, "F5_wgt_Direct": 0.56641816086592767, "F5_wgt_SD": 0.045512107786966717, "F5_wgt_CV": 8.035072130700895 }, "geometry": { "type": "MultiPolygon", "coordinates": [ [ [ [ -9.355636, 54.3133852 ], [ -9.7615363, 54.330527399999987 ], [ -9.898034, 54.2605082 ], [ -10.0315909, 54.2650518 ], [ -10.0751703, 54.1615866 ], [ -9.9785257, 54.1767376 ], [ -9.9590677, 54.1515909 ], [ -9.9460549, 54.1003774 ], [ -9.8951409, 54.0531967 ], [ -9.8943693, 53.9913714 ], [ -9.9320258, 53.9697372 ], [ -10.0569416, 54.0136442 ], [ -10.1386194, 54.0049126 ], [ -10.1523572, 53.9793342 ], [ -9.9631316, 53.8857964 ], [ -9.7793439, 53.8852947 ], [ -9.6865782, 53.8312047 ], [ -9.718578, 53.7908642 ], [ -9.8641495, 53.7433219 ], [ -9.9306403, 53.6219528 ], [ -10.1104873, 53.5319826 ], [ -10.0773184, 53.4236341 ], [ -9.9055804, 53.3866167 ], [ -9.8400586, 53.327205199999987 ], [ -9.7308182, 53.3222422 ], [ -9.6876874, 53.2490603 ], [ -9.0509183, 53.2511359 ], [ -8.9833276, 53.1952659 ], [ -9.0171583, 53.1430444 ], [ -9.0076783, 53.1107534 ], [ -8.949807, 53.0851548 ], [ -8.9023904, 53.0600873 ], [ -8.8672252, 52.980256 ], [ -8.7871624, 52.9786021 ], [ -8.7080629, 53.0262923 ], [ -8.5902737, 53.0418844 ], [ -8.484847, 52.9809044 ], [ -8.3527932, 52.9766629 ], [ -8.0814565, 53.1668845 ], [ -7.9819341, 53.2110568 ], [ -8.0442039, 53.2894577 ], [ -7.9208963, 53.372040299999988 ], [ -7.978196, 53.5411986 ], [ -8.0335719, 53.6046106 ], [ -8.0205805, 53.6515853 ], [ -7.88998, 53.7685572 ], [ -7.918767, 53.821486 ], [ -8.0805779, 53.954395 ], [ -8.0651936, 54.07451 ], [ -8.1118444, 54.1074737 ], [ -8.3378659, 54.0107889 ], [ -8.3864482, 53.9363536 ], [ -8.4725692, 53.9297006 ], [ -8.6451324, 54.0265034 ], [ -8.8119769, 53.9753672 ], [ -8.9886164, 54.0311973 ], [ -8.9464583, 54.1347911 ], [ -9.0596782, 54.1515909 ], [ -9.1322585, 54.1623605 ], [ -9.2254625, 54.2667712 ], [ -9.355636, 54.3133852 ] ] ], [ [ [ -9.5480356, 53.0895532 ], [ -9.601265, 53.1060148 ], [ -9.6239649, 53.0720755 ], [ -9.5726338, 53.0661055 ], [ -9.5636585, 53.0430461 ], [ -9.5205733, 53.034743 ], [ -9.4914282, 53.0559979 ], [ -9.5480356, 53.0895532 ] ] ], [ [ [ -9.7086338, 53.1458165 ], [ -9.7325739, 53.1249596 ], [ -9.6514909, 53.0989821 ], [ -9.6471921, 53.1332736 ], [ -9.7086338, 53.1458165 ] ] ], [ [ [ -9.8070126, 53.1600153 ], [ -9.8212952, 53.1486771 ], [ -9.7539168, 53.1120393 ], [ -9.7397369, 53.1509752 ], [ -9.8070126, 53.1600153 ] ] ], [ [ [ -9.9705054, 53.835781 ], [ -10.0176001, 53.8024074 ], [ -9.9851544, 53.7837701 ], [ -9.9395796, 53.8039819 ], [ -9.9705054, 53.835781 ] ] ], [ [ [ -10.0907984, 53.7189343 ], [ -10.1419297, 53.7273191 ], [ -10.1441351, 53.7026789 ], [ -10.136554, 53.6814546 ], [ -10.0864433, 53.6896926 ], [ -10.0907984, 53.7189343 ] ] ], [ [ [ -10.2151749, 53.6447719 ], [ -10.227046, 53.6013351 ], [ -10.1867222, 53.5969374 ], [ -10.1633315, 53.636028 ], [ -10.2151749, 53.6447719 ] ] ] ] } },
{ "type": "Feature", "properties": { "region": "IE051", "SampSize": 171.0, "F1_wgt_F1_wgt_Direct": 0.44587705035976755, "F1_wgt_F1_wgt_SD": 0.039932065528255518, "F1_wgt_F1_wgt_CV": 8.9558467958903218, "F2_wgt_Direct": 0.40351965573602971, "F2_wgt_SD": 0.036482711008572311, "F2_wgt_CV": 9.0411236453963966, "F3_wgt_Direct": 0.42060007379950581, "F3_wgt_SD": 0.039321397271857718, "F3_wgt_CV": 9.3488802597314056, "F4_wgt_Direct": 0.44221396521965539, "F4_wgt_SD": 0.040024120435726049, "F4_wgt_CV": 9.0508494945077924, "F5_wgt_Direct": 0.51640933000760514, "F5_wgt_SD": 0.045148130855387027, "F5_wgt_CV": 8.7427023936074377 }, "geometry": { "type": "MultiPolygon", "coordinates": [ [ [ [ -7.9280546, 53.09767 ], [ -8.0814565, 53.1668845 ], [ -8.3527932, 52.9766629 ], [ -8.484847, 52.9809044 ], [ -8.5902737, 53.0418844 ], [ -8.7080629, 53.0262923 ], [ -8.7871624, 52.9786021 ], [ -8.8672252, 52.980256 ], [ -8.9023904, 53.0600873 ], [ -8.949807, 53.0851548 ], [ -9.0076783, 53.1107534 ], [ -9.0171583, 53.1430444 ], [ -9.3101351, 53.0789518 ], [ -9.3867825, 52.9968033 ], [ -9.4517833, 52.8349817 ], [ -9.65881, 52.6633196 ], [ -9.365192, 52.5721245 ], [ -9.3056046, 52.5080518 ], [ -9.3301443, 52.4690993 ], [ -9.3078146, 52.3410381 ], [ -9.2129565, 52.3058316 ], [ -9.1253482, 52.3322518 ], [ -8.949807, 52.3210463 ], [ -8.8051155, 52.3820387 ], [ -8.6848873, 52.3771686 ], [ -8.517261, 52.2860846 ], [ -8.327079, 52.3236623 ], [ -8.1944072, 52.2861547 ], [ -8.1178666, 52.2330855 ], [ -8.104727, 52.206501499999987 ], [ -7.9621892, 52.2429669 ], [ -7.7673344, 52.2198653 ], [ -7.7842179, 52.3104353 ], [ -7.745911, 52.3432901 ], [ -7.3916304, 52.3509169 ], [ -7.4743844, 52.602875 ], [ -7.674081, 52.781294 ], [ -7.7270853, 52.8654405 ], [ -7.6850991, 52.9241222 ], [ -7.7630401, 52.9685709 ], [ -7.8230729, 52.9688573 ], [ -7.9681148, 52.8596434 ], [ -8.0363653, 52.9013322 ], [ -8.0393876, 52.9297261 ], [ -7.9871439, 52.9447963 ], [ -7.9955609, 52.9840437 ], [ -7.9280546, 53.09767 ] ] ] ] } },
{ "type": "Feature", "properties": { "region": "IE052", "SampSize": 167.0, "F1_wgt_F1_wgt_Direct": 0.52235848694605935, "F1_wgt_F1_wgt_SD": 0.046186453152660151, "F1_wgt_F1_wgt_CV": 8.8419072929563658, "F2_wgt_Direct": 0.51300920753108159, "F2_wgt_SD": 0.045226188433041652, "F2_wgt_CV": 8.8158629063790315, "F3_wgt_Direct": 0.53492112418339499, "F3_wgt_SD": 0.048211335188904678, "F3_wgt_CV": 9.0127932903198769, "F4_wgt_Direct": 0.49000695790962451, "F4_wgt_SD": 0.046957065617769238, "F4_wgt_CV": 9.5829385399114795, "F5_wgt_Direct": 0.52069216232356563, "F5_wgt_SD": 0.047165457732575383, "F5_wgt_CV": 9.0582231009780561 }, "geometry": { "type": "MultiPolygon", "coordinates": [ [ [ [ -6.2503807, 52.7853101 ], [ -6.355269, 52.794633 ], [ -6.4867489, 52.6991958 ], [ -6.5542107, 52.6885103 ], [ -6.7031876, 52.7894489 ], [ -6.6627515, 52.827072799999989 ], [ -6.5428763, 52.813046 ], [ -6.5209634, 52.8762762 ], [ -6.7067719, 52.9149024 ], [ -6.7950194, 52.8697487 ], [ -6.939413, 52.8800545 ], [ -6.9656323, 52.8138819 ], [ -7.0603469, 52.8018737 ], [ -7.0938839, 52.823463 ], [ -7.2038625, 52.8887331 ], [ -7.4054632, 52.8019872 ], [ -7.5778228, 52.8179851 ], [ -7.674081, 52.781294 ], [ -7.4743844, 52.602875 ], [ -7.3916304, 52.3509169 ], [ -7.745911, 52.3432901 ], [ -7.7842179, 52.3104353 ], [ -7.7673344, 52.2198653 ], [ -7.9621892, 52.2429669 ], [ -8.104727, 52.206501499999987 ], [ -8.1501321, 52.146274 ], [ -8.058935, 52.1189517 ], [ -8.0041937, 52.0472965 ], [ -7.842156, 51.9542185 ], [ -7.7281803, 51.9496304 ], [ -7.610835, 51.9912811 ], [ -7.5872472, 52.0309121 ], [ -7.6135958, 52.0790714 ], [ -7.5901618, 52.0954031 ], [ -7.3609737, 52.1374001 ], [ -7.0641697, 52.1371806 ], [ -6.9882989, 52.1619304 ], [ -6.9565294, 52.228809 ], [ -6.873031, 52.1714691 ], [ -6.7943415, 52.2345754 ], [ -6.563893, 52.1800596 ], [ -6.369358, 52.1865509 ], [ -6.3355128, 52.2392634 ], [ -6.4344234, 52.335226 ], [ -6.372062, 52.359994699999987 ], [ -6.2227771, 52.5314122 ], [ -6.2163265, 52.6439047 ], [ -6.1445165, 52.7376965 ], [ -6.2503807, 52.7853101 ] ] ] ] } },
{ "type": "Feature", "properties": { "region": "IE053", "SampSize": 236.0, "F1_wgt_F1_wgt_Direct": 0.54117420978303254, "F1_wgt_F1_wgt_SD": 0.041063022041607861, "F1_wgt_F1_wgt_CV": 7.5877640322274118, "F2_wgt_Direct": 0.48908471789308189, "F2_wgt_SD": 0.037576796538596559, "F2_wgt_CV": 7.6830853968353123, "F3_wgt_Direct": 0.52908574953752618, "F3_wgt_SD": 0.039908925209842537, "F3_wgt_CV": 7.5429975660329038, "F4_wgt_Direct": 0.49451083693474529, "F4_wgt_SD": 0.038715456568483797, "F4_wgt_CV": 7.8290410799617343, "F5_wgt_Direct": 0.5470322377443041, "F5_wgt_SD": 0.041948164397533849, "F5_wgt_CV": 7.6683166919938328 }, "geometry": { "type": "MultiPolygon", "coordinates": [ [ [ [ -9.3301443, 52.4690993 ], [ -9.3056046, 52.5080518 ], [ -9.365192, 52.5721245 ], [ -9.5965378, 52.5549229 ], [ -9.7972873, 52.4628963 ], [ -9.9072704, 52.2655867 ], [ -10.1924064, 52.2619303 ], [ -10.3693148, 52.1940703 ], [ -10.3874328, 52.1575952 ], [ -10.353835, 52.1261752 ], [ -10.0166405, 52.0816215 ], [ -10.0486451, 52.0379368 ], [ -10.3008257, 51.9298583 ], [ -10.3307075, 51.8614238 ], [ -10.1329164, 51.7893392 ], [ -9.9467451, 51.7778917 ], [ -9.9920502, 51.6776992 ], [ -9.9691085, 51.6372886 ], [ -9.5975932, 51.6746304 ], [ -9.6519768, 51.5203034 ], [ -9.2975318, 51.4969824 ], [ -8.6971003, 51.6065659 ], [ -8.4099209, 51.7100614 ], [ -8.2625396, 51.8099311 ], [ -8.021289, 51.8461961 ], [ -7.842156, 51.9542185 ], [ -8.0041937, 52.0472965 ], [ -8.058935, 52.1189517 ], [ -8.1501321, 52.146274 ], [ -8.104727, 52.206501499999987 ], [ -8.1178666, 52.2330855 ], [ -8.1944072, 52.2861547 ], [ -8.327079, 52.3236623 ], [ -8.517261, 52.2860846 ], [ -8.6848873, 52.3771686 ], [ -8.8051155, 52.3820387 ], [ -8.949807, 52.3210463 ], [ -9.1253482, 52.3322518 ], [ -9.2129565, 52.3058316 ], [ -9.3078146, 52.3410381 ], [ -9.3301443, 52.4690993 ] ] ], [ [ [ -10.1117956, 51.6247388 ], [ -10.1447889, 51.6316449 ], [ -10.1618326, 51.6043847 ], [ -10.1403474, 51.5774114 ], [ -10.1079266, 51.5880455 ], [ -10.1117956, 51.6247388 ] ] ] ] } },
{ "type": "Feature", "properties": { "region": "IE061", "SampSize": 441.0, "F1_wgt_F1_wgt_Direct": 0.50907035477392037, "F1_wgt_F1_wgt_SD": 0.028000355953996539, "F1_wgt_F1_wgt_CV": 5.5002919913558088, "F2_wgt_Direct": 0.48372201802025022, "F2_wgt_SD": 0.027108605701153091, "F2_wgt_CV": 5.6041703067604072, "F3_wgt_Direct": 0.54144953951682129, "F3_wgt_SD": 0.02971782770202458, "F3_wgt_CV": 5.4885682844137555, "F4_wgt_Direct": 0.45137485189524712, "F4_wgt_SD": 0.025107488516349471, "F4_wgt_CV": 5.5624473563219903, "F5_wgt_Direct": 0.51074929456399609, "F5_wgt_SD": 0.027881952832305899, "F5_wgt_CV": 5.4590291419017003 }, "geometry": { "type": "MultiPolygon", "coordinates": [ [ [ [ -6.0702844, 53.3981158 ], [ -6.1159961, 53.3846552 ], [ -6.0792285, 53.351868 ], [ -6.0300687, 53.377847 ], [ -6.0702844, 53.3981158 ] ] ], [ [ [ -6.2073714, 53.3386149 ], [ -6.1335615, 53.3937524 ], [ -6.1372709, 53.4582189 ], [ -6.0853568, 53.5272157 ], [ -6.1064139, 53.5737753 ], [ -6.1644343, 53.6046106 ], [ -6.2148995, 53.633407 ], [ -6.2506627, 53.6300924 ], [ -6.2728936, 53.6046106 ], [ -6.4169636, 53.5634535 ], [ -6.3408401, 53.4747986 ], [ -6.472825, 53.3746615 ], [ -6.538827, 53.284561 ], [ -6.3503376, 53.1871407 ], [ -6.2984901, 53.2155027 ], [ -6.102773, 53.210773 ], [ -6.1067273, 53.278158 ], [ -6.2073714, 53.3386149 ] ] ] ] } },
{ "type": "Feature", "properties": { "region": "IE062", "SampSize": 180.0, "F1_wgt_F1_wgt_Direct": 0.55096181020416046, "F1_wgt_F1_wgt_SD": 0.047125792633452762, "F1_wgt_F1_wgt_CV": 8.5533682663032788, "F2_wgt_Direct": 0.54351627594507745, "F2_wgt_SD": 0.047322382289224009, "F2_wgt_CV": 8.7067093265861928, "F3_wgt_Direct": 0.54454232255030832, "F3_wgt_SD": 0.046615692330169031, "F3_wgt_CV": 8.5605269599338385, "F4_wgt_Direct": 0.47641689986937558, "F4_wgt_SD": 0.041479295276694493, "F4_wgt_CV": 8.7065121510314434, "F5_wgt_Direct": 0.52766668728952815, "F5_wgt_SD": 0.044827602698025507, "F5_wgt_CV": 8.49543921908203 }, "geometry": { "type": "MultiPolygon", "coordinates": [ [ [ [ -6.2680155, 54.102337 ], [ -6.594991, 54.044674 ], [ -6.5814656, 53.9826796 ], [ -6.685027, 53.9179439 ], [ -6.9126106, 53.8759067 ], [ -6.992126, 53.7825088 ], [ -7.3438285, 53.7990625 ], [ -7.1904332, 53.6956248 ], [ -6.983593, 53.651686299999987 ], [ -7.0448797, 53.5040066 ], [ -7.1684334, 53.428061 ], [ -7.0000669, 53.3038693 ], [ -7.0901956, 53.1388766 ], [ -7.0592549, 53.0721022 ], [ -7.0664908, 53.0022889 ], [ -6.9784252, 52.9602796 ], [ -6.939413, 52.8800545 ], [ -6.7950194, 52.8697487 ], [ -6.7067719, 52.9149024 ], [ -6.5209634, 52.8762762 ], [ -6.5428763, 52.813046 ], [ -6.6627515, 52.827072799999989 ], [ -6.7031876, 52.7894489 ], [ -6.5542107, 52.6885103 ], [ -6.4867489, 52.6991958 ], [ -6.355269, 52.794633 ], [ -6.2503807, 52.7853101 ], [ -6.1445165, 52.7376965 ], [ -6.1306594, 52.805495199999989 ], [ -6.0099427, 52.953711 ], [ -6.0417319, 53.0009122 ], [ -6.0449572, 53.1163676 ], [ -6.102773, 53.210773 ], [ -6.2984901, 53.2155027 ], [ -6.3503376, 53.1871407 ], [ -6.538827, 53.284561 ], [ -6.472825, 53.3746615 ], [ -6.3408401, 53.4747986 ], [ -6.4169636, 53.5634535 ], [ -6.2728936, 53.6046106 ], [ -6.2506627, 53.6300924 ], [ -6.2148995, 53.633407 ], [ -6.2482027, 53.8390062 ], [ -6.3502486, 53.9019404 ], [ -6.3475223, 53.9826796 ], [ -6.3263274, 54.0064936 ], [ -6.1924771, 53.9826796 ], [ -6.1701209, 53.9826796 ], [ -6.1151916, 54.007314 ], [ -6.2680155, 54.102337 ] ] ] ] } },
{ "type": "Feature", "properties": { "region": "IE063", "SampSize": 146.0, "F1_wgt_F1_wgt_Direct": 0.49259377575314106, "F1_wgt_F1_wgt_SD": 0.047383413535874323, "F1_wgt_F1_wgt_CV": 9.6191661097277237, "F2_wgt_Direct": 0.4878487561862942, "F2_wgt_SD": 0.048434115247131523, "F2_wgt_CV": 9.9281005912078317, "F3_wgt_Direct": 0.41399547262908881, "F3_wgt_SD": 0.043714587095804669, "F3_wgt_CV": 10.559194480604845, "F4_wgt_Direct": 0.42737256860636247, "F4_wgt_SD": 0.043806408937557377, "F4_wgt_CV": 10.250168624628291, "F5_wgt_Direct": 0.45885592723093366, "F5_wgt_SD": 0.046200056010400697, "F5_wgt_CV": 10.068532031220569 }, "geometry": { "type": "MultiPolygon", "coordinates": [ [ [ [ -7.4363447, 53.7913682 ], [ -7.487687, 53.8507021 ], [ -7.5619524, 53.8627411 ], [ -7.5667775, 53.9035415 ], [ -7.6306321, 53.9378713 ], [ -7.7971958, 53.8193061 ], [ -7.918767, 53.821486 ], [ -7.88998, 53.7685572 ], [ -8.0205805, 53.6515853 ], [ -8.0335719, 53.6046106 ], [ -7.978196, 53.5411986 ], [ -7.9208963, 53.372040299999988 ], [ -8.0442039, 53.2894577 ], [ -7.9819341, 53.2110568 ], [ -8.0814565, 53.1668845 ], [ -7.9280546, 53.09767 ], [ -7.9955609, 52.9840437 ], [ -7.9871439, 52.9447963 ], [ -8.0393876, 52.9297261 ], [ -8.0363653, 52.9013322 ], [ -7.9681148, 52.8596434 ], [ -7.8230729, 52.9688573 ], [ -7.7630401, 52.9685709 ], [ -7.6850991, 52.9241222 ], [ -7.7270853, 52.8654405 ], [ -7.674081, 52.781294 ], [ -7.5778228, 52.8179851 ], [ -7.4054632, 52.8019872 ], [ -7.2038625, 52.8887331 ], [ -7.0938839, 52.823463 ], [ -7.0603469, 52.8018737 ], [ -6.9656323, 52.8138819 ], [ -6.939413, 52.8800545 ], [ -6.9784252, 52.9602796 ], [ -7.0664908, 53.0022889 ], [ -7.0592549, 53.0721022 ], [ -7.0901956, 53.1388766 ], [ -7.0000669, 53.3038693 ], [ -7.1684334, 53.428061 ], [ -7.0448797, 53.5040066 ], [ -6.983593, 53.651686299999987 ], [ -7.1904332, 53.6956248 ], [ -7.3438285, 53.7990625 ], [ -7.4363447, 53.7913682 ] ] ] ] } },
{ "type": "Feature", "properties": { "region": "IS001", "SampSize": 506.0, "F1_wgt_F1_wgt_Direct": 0.53299080128006682, "F1_wgt_F1_wgt_SD": 0.02417475069688603, "F1_wgt_F1_wgt_CV": 4.5356787844792654, "F2_wgt_Direct": 0.5315329258720507, "F2_wgt_SD": 0.024367527595583451, "F2_wgt_CV": 4.5843872335105633, "F3_wgt_Direct": 0.52385595303317256, "F3_wgt_SD": 0.02395474821923553, "F3_wgt_CV": 4.5727738857476785, "F4_wgt_Direct": 0.45953502080985759, "F4_wgt_SD": 0.021516222734162871, "F4_wgt_CV": 4.6821725787610138, "F5_wgt_Direct": 0.493195784428127, "F5_wgt_SD": 0.02275420718266484, "F5_wgt_CV": 4.6136256434245322 }, "geometry": { "type": "MultiPolygon", "coordinates": [ [ [ [ -21.2604314, 64.3228113 ], [ -21.3731682, 64.380034 ], [ -21.6022921, 64.3685805 ], [ -21.7461075, 64.3296541 ], [ -21.8597379, 64.2514033 ], [ -21.8168883, 64.1859373 ], [ -21.9665763, 64.1397714 ], [ -22.0244455, 64.0544387 ], [ -22.125507, 64.040599 ], [ -21.9768146, 63.9808135 ], [ -21.6199979, 63.993422 ], [ -21.2604314, 64.3228113 ] ] ], [ [ [ -22.0425193, 63.9144932 ], [ -22.1178734, 63.8686831 ], [ -22.1308685, 63.836598 ], [ -22.007397, 63.8359875 ], [ -22.0109958, 63.8961427 ], [ -22.0425193, 63.9144932 ] ] ] ] } },
{ "type": "Feature", "properties": { "region": "IS002", "SampSize": 255.0, "F1_wgt_F1_wgt_Direct": 0.50288061793815853, "F1_wgt_F1_wgt_SD": 0.032353588829940119, "F1_wgt_F1_wgt_CV": 6.4336519793886318, "F2_wgt_Direct": 0.49991669892517754, "F2_wgt_SD": 0.032538291409287247, "F2_wgt_CV": 6.5087426523748215, "F3_wgt_Direct": 0.48531323196466503, "F3_wgt_SD": 0.031479470628048227, "F3_wgt_CV": 6.486423314817058, "F4_wgt_Direct": 0.41497603137180922, "F4_wgt_SD": 0.027815789303316001, "F4_wgt_CV": 6.7029869680337466, "F5_wgt_Direct": 0.45740832475763649, "F5_wgt_SD": 0.03006433873227099, "F5_wgt_CV": 6.5727572291564558 }, "geometry": { "type": "MultiPolygon", "coordinates": [ [ [ [ -15.7831639, 66.4026798 ], [ -16.0894844, 66.5152053 ], [ -16.4788109, 66.4761197 ], [ -16.4701667, 66.2874228 ], [ -16.5493698, 66.2049032 ], [ -16.8413406, 66.1430245 ], [ -17.039642, 66.18366 ], [ -17.1644527, 66.1785097 ], [ -17.4904544, 66.0060611 ], [ -17.6565072, 66.016137 ], [ -17.963145, 66.134148 ], [ -18.254099, 66.1289007 ], [ -18.2808629, 66.0914913 ], [ -18.2653826, 66.0365272 ], [ -18.1082949, 65.8519972 ], [ -18.1209554, 65.7556258 ], [ -18.2512233, 65.8653334 ], [ -18.4752484, 65.9786596 ], [ -18.6200211, 66.1031779 ], [ -18.794644, 66.163097 ], [ -18.9792266, 66.1604548 ], [ -19.3780035, 66.0394302 ], [ -19.4392316, 65.9513879 ], [ -19.4023857, 65.8160075 ], [ -19.5099789, 65.7542436 ], [ -19.6431055, 65.7796568 ], [ -20.102408, 66.0932753 ], [ -20.1954424, 66.1095673 ], [ -20.3190061, 66.0889856 ], [ -20.3937264, 66.0009448 ], [ -20.3034489, 65.7641422 ], [ -20.3360183, 65.6678771 ], [ -20.5474088, 65.6167593 ], [ -20.7133437, 65.6541304 ], [ -20.8579791, 65.5995148 ], [ -20.8792601, 65.5777468 ], [ -20.9444167, 65.5110991 ], [ -20.9752601, 65.4183894 ], [ -21.068373, 65.3869731 ], [ -21.0893146, 65.3488 ], [ -21.1250499, 65.2836605 ], [ -21.1853193, 65.3488 ], [ -21.3563895, 65.5652033 ], [ -21.5793478, 65.6486752 ], [ -21.6288122, 65.692070200000018 ], [ -21.6028123, 65.724538 ], [ -21.3728062, 65.7895879 ], [ -21.335255, 65.8719043 ], [ -21.4060117, 65.9780509 ], [ -21.6781838, 66.0832163 ], [ -21.9143568, 66.2240116 ], [ -22.1702805, 66.2838889 ], [ -22.4794826, 66.4363592 ], [ -22.9581496, 66.4413298 ], [ -23.0332739, 66.4121685 ], [ -23.0497435, 66.3607843 ], [ -22.9841446, 66.3200207 ], [ -22.7396798, 66.3289572 ], [ -22.6520649, 66.297625 ], [ -22.6533205, 66.2608966 ], [ -22.7989993, 66.2439137 ], [ -22.8684638, 66.1935442 ], [ -22.5019446, 66.05417820000001 ], [ -22.427662, 65.9713977 ], [ -22.4367629, 65.9077919 ], [ -22.5783393, 65.9311095 ], [ -22.6847328, 66.0031333 ], [ -22.873457, 66.0025607 ], [ -23.1993241, 66.137492 ], [ -23.4724225, 66.1591382 ], [ -23.6991152, 66.02623 ], [ -23.6769006, 65.924365 ], [ -23.7907644, 65.8726805 ], [ -23.6631434, 65.7909358 ], [ -23.4437607, 65.746854700000014 ], [ -23.4735446, 65.6591046 ], [ -23.5400766, 65.6495107 ], [ -23.702104, 65.7095717 ], [ -24.0133594, 65.7641752 ], [ -24.042925, 65.7368097 ], [ -23.9986201, 65.6515793 ], [ -24.0096152, 65.5968939 ], [ -24.2485525, 65.6092512 ], [ -24.3173318, 65.5587185 ], [ -23.8421089, 65.4250393 ], [ -23.2901706, 65.4954592 ], [ -22.8988548, 65.5806806 ], [ -22.7898568, 65.5557164 ], [ -22.6999871, 65.5787407 ], [ -22.5092634, 65.565599 ], [ -22.2776396, 65.4705961 ], [ -22.0642513, 65.4798641 ], [ -21.9953642, 65.434383 ], [ -22.1695394, 65.3488 ], [ -22.4093068, 65.2501245 ], [ -22.4565336, 65.1971034 ], [ -22.1426327, 65.1284187 ], [ -22.0832517, 65.1284187 ], [ -21.8130086, 65.1853699 ], [ -21.7568279, 65.1516272 ], [ -21.7825884, 65.1284187 ], [ -21.88278, 65.0381525 ], [ -22.438056, 65.0665756 ], [ -22.630351, 65.0271131 ], [ -22.7581418, 65.0488615 ], [ -23.0732392, 64.9578119 ], [ -23.1661232, 64.9831411 ], [ -23.2530844, 64.9496484 ], [ -23.3832528, 64.9536501 ], [ -23.6357158, 64.9041927 ], [ -23.850299, 64.9105688 ], [ -23.9863472, 64.8422314 ], [ -23.9082797, 64.7699743 ], [ -23.7934796, 64.74044 ], [ -23.2976109, 64.8194278 ], [ -22.4720559, 64.7895445 ], [ -22.3709861, 64.7445644 ], [ -22.334086, 64.5935547 ], [ -22.2277824, 64.5098024 ], [ -21.9388064, 64.5171954 ], [ -21.9829676, 64.4249833 ], [ -21.9783206, 64.3295809 ], [ -21.6423214, 64.3883612 ], [ -21.3731682, 64.380034 ], [ -21.2604314, 64.3228113 ], [ -21.6199979, 63.993422 ], [ -21.9768146, 63.9808135 ], [ -22.125507, 64.040599 ], [ -22.4440516, 63.9725522 ], [ -22.524948, 63.9878745 ], [ -22.5812079, 64.0416481 ], [ -22.6790508, 64.0778351 ], [ -22.7338333, 63.982832 ], [ -22.6979484, 63.9333667 ], [ -22.7267984, 63.8804329 ], [ -22.7022505, 63.807402 ], [ -22.3453967, 63.8511818 ], [ -22.1308685, 63.836598 ], [ -22.1178734, 63.8686831 ], [ -22.0425193, 63.9144932 ], [ -22.0109958, 63.8961427 ], [ -22.007397, 63.8359875 ], [ -21.7958415, 63.8587852 ], [ -21.6076134, 63.8282475 ], [ -21.1971791, 63.8687217 ], [ -20.687551, 63.735807 ], [ -20.4808372, 63.6584368 ], [ -20.1719416, 63.5428213 ], [ -19.7776102, 63.5232722 ], [ -19.3844761, 63.4531253 ], [ -19.1190247, 63.4073412 ], [ -18.6999425, 63.4017675 ], [ -18.1654858, 63.4699721 ], [ -17.9545598, 63.5364403 ], [ -17.7409149, 63.6790639 ], [ -17.5992548, 63.7258537 ], [ -16.6810349, 63.8052264 ], [ -15.9368033, 64.1338615 ], [ -15.377891, 64.2677708 ], [ -14.9662144, 64.2680217 ], [ -14.7243064, 64.3979885 ], [ -14.5461034, 64.440723 ], [ -14.5104473, 64.4972347 ], [ -14.5212104, 64.5692276 ], [ -14.3698894, 64.6568688 ], [ -14.3399291, 64.7130441 ], [ -14.0871936, 64.7141799 ], [ -13.8241702, 64.8535965 ], [ -13.8082078, 64.9299281 ], [ -13.8355763, 65.0035075 ], [ -13.6822698, 65.007481 ], [ -13.5585515, 65.0974724 ], [ -13.6050761, 65.1284187 ], [ -13.7195764, 65.3141515 ], [ -13.7039905, 65.3488 ], [ -13.6665783, 65.43197 ], [ -13.7017228, 65.5168339 ], [ -14.2254881, 65.6637262 ], [ -14.4078782, 65.7638564 ], [ -14.7775646, 65.7700099 ], [ -14.7706581, 65.8228508 ], [ -14.6696874, 65.9290923 ], [ -14.683691, 66.003008 ], [ -14.7576942, 66.0352575 ], [ -14.977967, 66.0444904 ], [ -15.0721722, 66.1055767 ], [ -14.9785977, 66.2049886 ], [ -14.9368217, 66.3216234 ], [ -15.4607975, 66.189073 ], [ -15.6655208, 66.2511582 ], [ -15.7831639, 66.4026798 ] ] ], [ [ [ -14.6063592, 66.38631 ], [ -14.6687059, 66.3606949 ], [ -14.6503024, 66.3415618 ], [ -14.5847646, 66.3543541 ], [ -14.6063592, 66.38631 ] ] ], [ [ [ -18.0314736, 66.581791 ], [ -18.0438667, 66.55214860000001 ], [ -17.9906713, 66.5211402 ], [ -17.9697656, 66.5408883 ], [ -18.0314736, 66.581791 ] ] ], [ [ [ -18.3972114, 66.0248938 ], [ -18.4152795, 65.9914928 ], [ -18.3796148, 65.9696594 ], [ -18.3426856, 65.9929233 ], [ -18.3972114, 66.0248938 ] ] ], [ [ [ -20.2363451, 63.4460802 ], [ -20.3019161, 63.447180599999989 ], [ -20.307452, 63.4340884 ], [ -20.279919, 63.4075546 ], [ -20.2320817, 63.4279698 ], [ -20.2363451, 63.4460802 ] ] ] ] } },
{ "type": "Feature", "properties": { "region": "ITC", "SampSize": 745.0, "F1_wgt_F1_wgt_Direct": 0.52447227994668566, "F1_wgt_F1_wgt_SD": 0.020299301778320261, "F1_wgt_F1_wgt_CV": 3.8704241490863458, "F2_wgt_Direct": 0.54439434411674092, "F2_wgt_SD": 0.021180651079776309, "F2_wgt_CV": 3.8906816921731817, "F3_wgt_Direct": 0.50102733046205306, "F3_wgt_SD": 0.019494758047185631, "F3_wgt_CV": 3.8909570121069739, "F4_wgt_Direct": 0.4430951932373024, "F4_wgt_SD": 0.01733192042173386, "F4_wgt_CV": 3.9115568587203446, "F5_wgt_Direct": 0.49108978880832266, "F5_wgt_SD": 0.0189210195084508, "F5_wgt_CV": 3.8528635576733334 }, "geometry": { "type": "MultiPolygon", "coordinates": [ [ [ [ 10.5682434, 46.3133869 ], [ 10.5157515, 46.3432245 ], [ 10.6179778, 46.3934865 ], [ 10.6221455, 46.448102 ], [ 10.452801, 46.530683 ], [ 10.3060253, 46.5515166 ], [ 10.2317009, 46.6282519 ], [ 10.1063778, 46.6016192 ], [ 10.0557224, 46.5288571 ], [ 10.0458301, 46.4600242 ], [ 10.1560592, 46.4086878 ], [ 10.1143771, 46.3466172 ], [ 10.1666049, 46.2672165 ], [ 10.141732, 46.2347481 ], [ 10.0546825, 46.236159 ], [ 9.954927, 46.3785516 ], [ 9.617288, 46.2921089 ], [ 9.5383171, 46.3150316 ], [ 9.4677414, 46.3801507 ], [ 9.4560012, 46.4955842 ], [ 9.4117431, 46.4764386 ], [ 9.3022834, 46.4968153 ], [ 9.2592915, 46.4464255 ], [ 9.2920692, 46.3299838 ], [ 9.2485315, 46.233768 ], [ 9.1593775, 46.169601 ], [ 9.0167195, 46.0366348 ], [ 9.0090667, 45.9524264 ], [ 9.0754657, 45.8960015 ], [ 9.0402304, 45.840713 ], [ 8.912147, 45.830445 ], [ 8.9346737, 45.8719909 ], [ 8.8874851, 45.9536286 ], [ 8.7951379, 45.9976469 ], [ 8.8390132, 46.072378 ], [ 8.7453964, 46.1121873 ], [ 8.713936, 46.097272 ], [ 8.6183703, 46.1241762 ], [ 8.4650661, 46.2431396 ], [ 8.4366064, 46.2959082 ], [ 8.4620426, 46.4351196 ], [ 8.384717, 46.4521585 ], [ 8.3065792, 46.4164234 ], [ 8.2745421, 46.3559761 ], [ 8.0979531, 46.2700122 ], [ 8.1551542, 46.1950485 ], [ 8.1467368, 46.1478791 ], [ 8.0374227, 46.0934186 ], [ 7.9957859, 46.0062063 ], [ 7.9043775, 45.9857225 ], [ 7.8771375, 45.926955 ], [ 7.8640765, 45.9167505 ], [ 7.562174, 45.9783738 ], [ 7.3966561, 45.904299 ], [ 7.2952417, 45.9149385 ], [ 7.1868943, 45.8671553 ], [ 7.1109895, 45.8699084 ], [ 7.044886, 45.922413 ], [ 6.9703879, 45.8623645 ], [ 6.8276153, 45.8287471 ], [ 6.8023685, 45.778562 ], [ 6.8406512, 45.697877 ], [ 6.9883607, 45.6386283 ], [ 7.0084844, 45.5086606 ], [ 7.104723, 45.4684545 ], [ 7.1752269, 45.3972177 ], [ 7.1201383, 45.3266555 ], [ 7.1141112, 45.240827 ], [ 6.9777144, 45.2076261 ], [ 6.8700195, 45.1343334 ], [ 6.7703025, 45.1525289 ], [ 6.630051, 45.1098565 ], [ 6.6786591, 45.0271409 ], [ 6.7388966, 45.0053551 ], [ 6.7611165, 44.9047995 ], [ 6.8662927, 44.8526246 ], [ 7.0019279, 44.8381963 ], [ 7.0283336, 44.7447598 ], [ 7.065755, 44.7134645 ], [ 7.0642441, 44.6859744 ], [ 6.99338, 44.685782 ], [ 6.9492504, 44.6553972 ], [ 6.9348319, 44.5858674 ], [ 6.8625575, 44.5286985 ], [ 6.923505, 44.438158099999988 ], [ 6.887428, 44.361287 ], [ 7.0249726, 44.2327775 ], [ 7.3727491, 44.1219288 ], [ 7.6648717, 44.1738816 ], [ 7.7142365, 44.0615135 ], [ 7.5084002, 43.8691407 ], [ 7.529827, 43.784008 ], [ 7.6689262, 43.7815045 ], [ 7.9557536, 43.8512927 ], [ 8.135351, 43.9389405 ], [ 8.26638, 44.131452 ], [ 8.4001341, 44.1867976 ], [ 8.473341, 44.3022041 ], [ 8.63301, 44.3798035 ], [ 8.759226, 44.4231827 ], [ 9.0603428, 44.3788676 ], [ 9.18624, 44.3105221 ], [ 9.278983, 44.3308501 ], [ 9.511344, 44.2166755 ], [ 9.820037, 44.0570221 ], [ 9.842999, 44.0556465 ], [ 9.8280624, 44.0931084 ], [ 9.8532965, 44.102526 ], [ 9.954927, 44.0436868 ], [ 10.0187695, 44.044536 ], [ 10.0590822, 44.0974049 ], [ 9.954927, 44.1654773 ], [ 9.6867255, 44.365922 ], [ 9.6034565, 44.4312687 ], [ 9.4790595, 44.4092405 ], [ 9.451202, 44.4290011 ], [ 9.4976389, 44.500196 ], [ 9.493363, 44.555859 ], [ 9.2029955, 44.6134765 ], [ 9.2039814, 44.6553972 ], [ 9.200074, 44.6860995 ], [ 9.2808777, 44.6899525 ], [ 9.320351, 44.7259956 ], [ 9.2971819, 44.7664393 ], [ 9.3540067, 44.8362732 ], [ 9.2884802, 44.9030103 ], [ 9.3800954, 45.0526253 ], [ 9.4445402, 45.0894924 ], [ 9.5383176, 45.0892876 ], [ 9.5486845, 45.1326485 ], [ 9.7102387, 45.0646317 ], [ 9.7561996, 45.1021731 ], [ 9.8217141, 45.0720143 ], [ 9.879753, 45.0839065 ], [ 9.8911015, 45.130898 ], [ 9.954927, 45.11888 ], [ 9.9988083, 45.1197042 ], [ 10.0424402, 45.0554496 ], [ 10.083503, 45.0439585 ], [ 10.1991159, 45.0324622 ], [ 10.4640305, 44.9371715 ], [ 10.504344, 44.922418 ], [ 10.5889121, 44.9154692 ], [ 10.7289779, 44.9769068 ], [ 10.8879095, 44.914266 ], [ 11.0069584, 44.9516861 ], [ 11.2462315, 44.951428 ], [ 11.4267655, 44.950076 ], [ 11.1897192, 45.0597917 ], [ 11.2055025, 45.1094875 ], [ 11.05514, 45.1099518 ], [ 10.9272658, 45.2321817 ], [ 10.792892, 45.3057199 ], [ 10.7345899, 45.3022795 ], [ 10.7049622, 45.3375426 ], [ 10.7050831, 45.4119086 ], [ 10.6546555, 45.415827 ], [ 10.6356013, 45.6080588 ], [ 10.8401765, 45.8327585 ], [ 10.6940749, 45.8373789 ], [ 10.5452545, 45.7922 ], [ 10.5001975, 45.8547405 ], [ 10.4715128, 46.0208959 ], [ 10.5471244, 46.1215578 ], [ 10.5766529, 46.2441618 ], [ 10.5682434, 46.3133869 ] ] ] ] } },
{ "type": "Feature", "properties": { "region": "ITF", "SampSize": 494.0, "F1_wgt_F1_wgt_Direct": 0.52514300171554607, "F1_wgt_F1_wgt_SD": 0.025246543389204529, "F1_wgt_F1_wgt_CV": 4.8075559051017906, "F2_wgt_Direct": 0.52372393105538151, "F2_wgt_SD": 0.0254372549248707, "F2_wgt_CV": 4.8569968673401753, "F3_wgt_Direct": 0.50770748761970297, "F3_wgt_SD": 0.025071283137831371, "F3_wgt_CV": 4.9381353927580749, "F4_wgt_Direct": 0.44419630878600702, "F4_wgt_SD": 0.02191687307601161, "F4_wgt_CV": 4.9340511486713279, "F5_wgt_Direct": 0.48207030109007348, "F5_wgt_SD": 0.023218893231683631, "F5_wgt_CV": 4.8164952661842682 }, "geometry": { "type": "MultiPolygon", "coordinates": [ [ [ [ 14.5265653, 42.2446271 ], [ 14.3840699, 42.3746366 ], [ 14.3219047, 42.4081594 ], [ 14.2539605, 42.4447985 ], [ 14.2231345, 42.4695039 ], [ 14.1469065, 42.5305965 ], [ 14.006005, 42.6991168 ], [ 13.9157315, 42.894577 ], [ 13.6605709, 42.8107731 ], [ 13.5370948, 42.8067188 ], [ 13.4875535, 42.7408928 ], [ 13.3577745, 42.69407 ], [ 13.401297, 42.6348044 ], [ 13.3940315, 42.591234 ], [ 13.1960552, 42.5791724 ], [ 13.1668719, 42.5378804 ], [ 13.1465275, 42.4695039 ], [ 13.1817447, 42.3561404 ], [ 13.3037868, 42.2344237 ], [ 13.3200794, 42.1842815 ], [ 13.2483872, 42.1449096 ], [ 13.1021789, 42.1563621 ], [ 13.0305745, 42.115353 ], [ 13.0613702, 42.0198551 ], [ 13.2962995, 41.9485885 ], [ 13.3596407, 41.9107908 ], [ 13.4106432, 41.8185696 ], [ 13.5560441, 41.7663284 ], [ 13.7125499, 41.7918125 ], [ 13.9410385, 41.687944 ], [ 13.9938949, 41.6400885 ], [ 14.0221782, 41.5461008 ], [ 13.977928, 41.462454 ], [ 13.8735799, 41.4165763 ], [ 13.8737185, 41.338294 ], [ 13.873131, 41.2944579 ], [ 13.7607955, 41.223168 ], [ 14.0321305, 40.898839 ], [ 14.0577227, 40.7936221 ], [ 14.1004979, 40.8246486 ], [ 14.1852419, 40.8040206 ], [ 14.2844747, 40.8335421 ], [ 14.4556546, 40.7396948 ], [ 14.4667976, 40.7010285 ], [ 14.3478589, 40.6235668 ], [ 14.3321891, 40.578753 ], [ 14.46862, 40.6202015 ], [ 14.5499307, 40.612628 ], [ 14.7777015, 40.6645706 ], [ 14.8759753, 40.5852018 ], [ 14.9846852, 40.4008309 ], [ 14.9356851, 40.271032 ], [ 14.9456125, 40.2289981 ], [ 15.1420249, 40.1545037 ], [ 15.3652063, 40.0067119 ], [ 15.5855137, 40.0675372 ], [ 15.6449455, 40.0427905 ], [ 15.7559585, 39.923496 ], [ 15.8163934, 39.6891802 ], [ 15.8748302, 39.5616762 ], [ 15.9992246, 39.4296292 ], [ 16.0591033, 39.2187042 ], [ 16.0624725, 39.183945 ], [ 16.065389, 39.1523405 ], [ 16.0684991, 39.1290978 ], [ 16.0835367, 39.0910833 ], [ 16.093153, 39.048743 ], [ 16.2108272, 38.9196757 ], [ 16.2137535, 38.81044 ], [ 16.133337, 38.7210361 ], [ 15.9997911, 38.722678 ], [ 15.8520922, 38.6545391 ], [ 15.8384796, 38.6181834 ], [ 15.9165824, 38.5541375 ], [ 15.918956, 38.506761499999989 ], [ 15.8054653, 38.2938284 ], [ 15.6380708, 38.2165872 ], [ 15.6459353, 38.0044531 ], [ 15.7541539, 37.9224826 ], [ 16.0705468, 37.9338097 ], [ 16.1348154, 38.0178975 ], [ 16.1828505, 38.1485641 ], [ 16.3326919, 38.2942656 ], [ 16.4967673, 38.3608476 ], [ 16.5820845, 38.4697905 ], [ 16.5552465, 38.7413533 ], [ 16.6300394, 38.8241599 ], [ 16.890732, 38.9271285 ], [ 17.0969235, 38.9033012 ], [ 17.1534195, 38.9432923 ], [ 17.1760665, 39.0270552 ], [ 17.1148599, 39.1156402 ], [ 17.1370607, 39.2187042 ], [ 17.1097089, 39.2769225 ], [ 17.1470773, 39.3932584 ], [ 17.0250645, 39.4835785 ], [ 16.8819449, 39.5321283 ], [ 16.7707346, 39.616523099999988 ], [ 16.6230152, 39.6239643 ], [ 16.5295662, 39.6682097 ], [ 16.4960503, 39.8041663 ], [ 16.6188477, 39.9530383 ], [ 16.6035873, 40.0573709 ], [ 16.644317, 40.119096 ], [ 16.867264, 40.3978455 ], [ 17.0026157, 40.495104 ], [ 17.1121075, 40.5176167 ], [ 17.2314639, 40.4691631 ], [ 17.2429945, 40.4001266 ], [ 17.3842883, 40.338765 ], [ 17.5190855, 40.2975521 ], [ 17.7635045, 40.295507 ], [ 17.856798, 40.2799573 ], [ 17.9097801, 40.2345824 ], [ 17.9989579, 40.117370699999988 ], [ 18.007063, 39.9872817 ], [ 18.0570001, 39.9245055 ], [ 18.1900607, 39.845286 ], [ 18.3735089, 39.804513 ], [ 18.4122305, 39.977173799999989 ], [ 18.5120609, 40.1302219 ], [ 18.4111916, 40.3021382 ], [ 18.24011, 40.4426224 ], [ 18.097453, 40.515378 ], [ 18.0128606, 40.6380504 ], [ 17.49985, 40.8219264 ], [ 17.388981, 40.8918635 ], [ 17.0801977, 41.0670472 ], [ 16.5423025, 41.229441 ], [ 16.0247385, 41.4255905 ], [ 15.9320039, 41.4889209 ], [ 15.8990187, 41.587578 ], [ 15.9239432, 41.6291976 ], [ 16.1858125, 41.7825524 ], [ 16.1715342, 41.8872833 ], [ 16.089846, 41.9379874 ], [ 16.0591311, 41.9469597 ], [ 16.0120789, 41.9491072 ], [ 15.9545497, 41.9379874 ], [ 15.7005351, 41.9155918 ], [ 15.5997306, 41.923654 ], [ 15.4113151, 41.9029732 ], [ 15.1381785, 41.9270075 ], [ 15.0922897, 41.9379874 ], [ 14.9953632, 42.0026958 ], [ 14.8759753, 42.0399571 ], [ 14.779647, 42.0700215 ], [ 14.7269242, 42.1058612 ], [ 14.7017457, 42.1739684 ], [ 14.5265653, 42.2446271 ] ] ], [ [ [ 15.5212814, 42.1666274 ], [ 15.5032832, 42.1299694 ], [ 15.4853691, 42.1327802 ], [ 15.4508876, 42.1043806 ], [ 15.4673076, 42.0857299 ], [ 15.5492262, 42.1346384 ], [ 15.5212814, 42.1666274 ] ] ], [ [ [ 14.2403014, 40.5667786 ], [ 14.1862267, 40.5682775 ], [ 14.1828199, 40.5474861 ], [ 14.18534, 40.5272628 ], [ 14.251172, 40.543766 ], [ 14.2403014, 40.5667786 ] ] ], [ [ [ 13.9541069, 40.7424854 ], [ 13.8617238, 40.7583035 ], [ 13.8507321, 40.7107255 ], [ 13.9229975, 40.696632 ], [ 13.9662994, 40.7125085 ], [ 13.9541069, 40.7424854 ] ] ] ] } },
{ "type": "Feature", "properties": { "region": "ITG", "SampSize": 245.0, "F1_wgt_F1_wgt_Direct": 0.51611062050867951, "F1_wgt_F1_wgt_SD": 0.035639751893863682, "F1_wgt_F1_wgt_CV": 6.9054482658653837, "F2_wgt_Direct": 0.51560263522438254, "F2_wgt_SD": 0.035179248031606318, "F2_wgt_CV": 6.8229379813578408, "F3_wgt_Direct": 0.49572293324812566, "F3_wgt_SD": 0.034580389663251179, "F3_wgt_CV": 6.9757494245162475, "F4_wgt_Direct": 0.42934522055438634, "F4_wgt_SD": 0.02972194736618286, "F4_wgt_CV": 6.9226221565491741, "F5_wgt_Direct": 0.47546466044257912, "F5_wgt_SD": 0.032935681801332009, "F5_wgt_CV": 6.9270514806871946 }, "geometry": { "type": "MultiPolygon", "coordinates": [ [ [ [ 15.5029071, 38.281201 ], [ 15.2352004, 38.2048837 ], [ 15.103781, 38.137597 ], [ 14.8759753, 38.1768049 ], [ 14.7512195, 38.1555965 ], [ 14.6324694, 38.0775335 ], [ 14.5056648, 38.0432978 ], [ 14.183486, 38.0193965 ], [ 13.9976294, 38.0356778 ], [ 13.7275481, 37.9764031 ], [ 13.5672627, 38.04057 ], [ 13.5286258, 38.1042753 ], [ 13.3881168, 38.1120903 ], [ 13.3572856, 38.1866314 ], [ 13.3125508, 38.2155188 ], [ 13.2037723, 38.1758474 ], [ 13.1037661, 38.1829159 ], [ 13.063967, 38.143932 ], [ 13.0649833, 38.088089 ], [ 12.9772625, 38.040206 ], [ 12.8693574, 38.0400993 ], [ 12.7480097, 38.1760179 ], [ 12.7169892, 38.1202377 ], [ 12.6413343, 38.0770052 ], [ 12.510903, 38.0188564 ], [ 12.4646886, 37.8689434 ], [ 12.436513, 37.7937866 ], [ 12.4806366, 37.6994348 ], [ 12.5973324, 37.6436417 ], [ 12.6413343, 37.5891581 ], [ 12.6897857, 37.564483 ], [ 12.896496, 37.5771185 ], [ 12.9391983, 37.5524405 ], [ 13.0267711, 37.5018315 ], [ 13.1651239, 37.4888291 ], [ 13.2850909, 37.3854944 ], [ 13.4519853, 37.2971675 ], [ 13.5551863, 37.2797421 ], [ 13.748349, 37.1554249 ], [ 13.9000259, 37.1000661 ], [ 14.036207, 37.106028 ], [ 14.1943185, 37.0824435 ], [ 14.3375945, 37.00198 ], [ 14.4964814, 36.7909891 ], [ 14.7128544, 36.7199798 ], [ 14.8759753, 36.7280787 ], [ 15.000358, 36.7028475 ], [ 15.0805484, 36.6588518 ], [ 15.1230874, 36.6766467 ], [ 15.1109878, 36.840509 ], [ 15.1695891, 36.9246665 ], [ 15.3175955, 37.0189691 ], [ 15.2827966, 37.055118 ], [ 15.2927395, 37.095278799999988 ], [ 15.2268328, 37.1296823 ], [ 15.1925341, 37.190603 ], [ 15.2285585, 37.2688209 ], [ 15.1174386, 37.3094575 ], [ 15.091499, 37.3577085 ], [ 15.0918472, 37.4878273 ], [ 15.1469376, 37.5524405 ], [ 15.1700511, 37.5795493 ], [ 15.2187932, 37.7564904 ], [ 15.2580825, 37.807224 ], [ 15.489816, 38.0773714 ], [ 15.593625, 38.2659501 ], [ 15.5029071, 38.281201 ] ] ], [ [ [ 15.2223031, 38.8189565 ], [ 15.1770091, 38.790063 ], [ 15.2169892, 38.7645569 ], [ 15.2528528, 38.8071899 ], [ 15.2223031, 38.8189565 ] ] ], [ [ [ 14.9979323, 38.398185 ], [ 14.9484816, 38.4191873 ], [ 14.9347527, 38.4039874 ], [ 14.9761864, 38.3674689 ], [ 15.0097292, 38.3721705 ], [ 14.9979323, 38.398185 ] ] ], [ [ [ 14.9034739, 38.5159839 ], [ 14.8950709, 38.4791144 ], [ 14.9648188, 38.4480157 ], [ 14.9612371, 38.5260431 ], [ 14.9034739, 38.5159839 ] ] ], [ [ [ 14.8045833, 38.583954299999988 ], [ 14.7935879, 38.5611687 ], [ 14.8729512, 38.5355742 ], [ 14.8739134, 38.5820086 ], [ 14.8045833, 38.583954299999988 ] ] ], [ [ [ 14.5466227, 38.5973985 ], [ 14.5212143, 38.5818851 ], [ 14.5517914, 38.5448752 ], [ 14.5985766, 38.5763779 ], [ 14.5466227, 38.5973985 ] ] ], [ [ [ 14.3430571, 38.5691743 ], [ 14.3186719, 38.5426792 ], [ 14.369597, 38.5159076 ], [ 14.3852431, 38.5610976 ], [ 14.3430571, 38.5691743 ] ] ], [ [ [ 13.1845424, 38.7320039 ], [ 13.1356441, 38.6944839 ], [ 13.1716587, 38.6801636 ], [ 13.2186603, 38.715342 ], [ 13.1845424, 38.7320039 ] ] ], [ [ [ 12.8904935, 35.8807818 ], [ 12.8551259, 35.8884146 ], [ 12.8276041, 35.8708411 ], [ 12.8524738, 35.8409547 ], [ 12.8948306, 35.857011 ], [ 12.8904935, 35.8807818 ] ] ], [ [ [ 12.6039064, 35.5306899 ], [ 12.5661868, 35.5155393 ], [ 12.6026567, 35.4908245 ], [ 12.6378888, 35.4897587 ], [ 12.6403164, 35.5205053 ], [ 12.6039064, 35.5306899 ] ] ], [ [ [ 12.3398283, 37.933827 ], [ 12.3292551, 37.9162595 ], [ 12.3543613, 37.8918721 ], [ 12.3869976, 37.9272498 ], [ 12.3398283, 37.933827 ] ] ], [ [ [ 12.3368283, 38.0368832 ], [ 12.3064142, 38.001908 ], [ 12.3253178, 37.9751967 ], [ 12.3693068, 37.9884228 ], [ 12.3368283, 38.0368832 ] ] ], [ [ [ 12.3085312, 37.9614897 ], [ 12.260942, 37.9383809 ], [ 12.2815997, 37.9101251 ], [ 12.3274911, 37.9154865 ], [ 12.3085312, 37.9614897 ] ] ], [ [ [ 12.0190188, 37.99508 ], [ 12.041612, 37.9540918 ], [ 12.0796371, 37.9443587 ], [ 12.0663527, 37.999952 ], [ 12.0190188, 37.99508 ] ] ], [ [ [ 12.0511727, 36.7990821 ], [ 12.0133164, 36.8249834 ], [ 11.9530418, 36.8394821 ], [ 11.9251545, 36.8156479 ], [ 11.9272507, 36.8019357 ], [ 11.9932622, 36.7368661 ], [ 12.04903, 36.7501512 ], [ 12.0511727, 36.7990821 ] ] ], [ [ [ 9.5867239, 40.9314246 ], [ 9.5932709, 40.9946259 ], [ 9.5412113, 41.0464506 ], [ 9.5389726, 41.1255554 ], [ 9.4392547, 41.1344318 ], [ 9.2289395, 41.2411763 ], [ 9.1759594, 41.228701 ], [ 9.1202012, 41.1498419 ], [ 9.0038902, 41.1099072 ], [ 8.8026885, 40.931048 ], [ 8.4678954, 40.822485 ], [ 8.3123844, 40.850071799999988 ], [ 8.2228961, 40.956641 ], [ 8.1918005, 40.951122399999988 ], [ 8.2151964, 40.8739043 ], [ 8.1463011, 40.7336716 ], [ 8.1954188, 40.6747815 ], [ 8.1510446, 40.5999052 ], [ 8.2948777, 40.5826262 ], [ 8.399809, 40.4075685 ], [ 8.3925329, 40.3433973 ], [ 8.4759508, 40.2810072 ], [ 8.46127, 40.1671544 ], [ 8.4840399, 40.0917352 ], [ 8.4135742, 40.0303735 ], [ 8.3982981, 39.9286101 ], [ 8.4276667, 39.8857226 ], [ 8.5026753, 39.9035887 ], [ 8.545923, 39.871546599999988 ], [ 8.5022545, 39.713007 ], [ 8.4580865, 39.7223587 ], [ 8.4587615, 39.5832575 ], [ 8.393, 39.4465295 ], [ 8.4183763, 39.2814217 ], [ 8.3890636, 39.2049281 ], [ 8.4579959, 39.0929101 ], [ 8.3662565, 39.0846414 ], [ 8.3647531, 39.0326478 ], [ 8.4232683, 38.9664423 ], [ 8.480082, 39.0560384 ], [ 8.5256952, 39.0541003 ], [ 8.612392, 38.957788 ], [ 8.6334108, 38.8959637 ], [ 8.7258968, 38.9288857 ], [ 8.859514, 38.8849949 ], [ 8.9083124, 38.920129 ], [ 9.0127762, 38.9953414 ], [ 9.0374429, 39.0523159 ], [ 9.014979, 39.1293633 ], [ 9.069978, 39.1949293 ], [ 9.2393917, 39.2232933 ], [ 9.4294292, 39.1315159 ], [ 9.4431282, 39.1303878 ], [ 9.5224052, 39.123859599999989 ], [ 9.5683211, 39.159493 ], [ 9.5839561, 39.2676171 ], [ 9.6511185, 39.549324 ], [ 9.6920109, 39.9674195 ], [ 9.7250758, 40.0705539 ], [ 9.6473776, 40.1577816 ], [ 9.626527, 40.224877 ], [ 9.6574646, 40.3019504 ], [ 9.7702626, 40.4068708 ], [ 9.8170094, 40.5088589 ], [ 9.7451718, 40.6595363 ], [ 9.6674387, 40.8618881 ], [ 9.5867239, 40.9314246 ] ] ], [ [ [ 9.4609161, 41.2234019 ], [ 9.4012701, 41.2570416 ], [ 9.3704241, 41.2303461 ], [ 9.3837602, 41.2093197 ], [ 9.4345483, 41.2164373 ], [ 9.4658698, 41.1889656 ], [ 9.4933261, 41.218759 ], [ 9.4609161, 41.2234019 ] ] ], [ [ [ 9.3327168, 41.2698541 ], [ 9.3148289, 41.2355169 ], [ 9.3327168, 41.2100513 ], [ 9.3822981, 41.2422726 ], [ 9.3327168, 41.2698541 ] ] ], [ [ [ 8.3184048, 41.1115228 ], [ 8.2719823, 41.097398 ], [ 8.2893315, 41.0619529 ], [ 8.3392204, 41.0602373 ], [ 8.350683, 41.0886014 ], [ 8.3184048, 41.1115228 ] ] ], [ [ [ 8.3095328, 39.1879065 ], [ 8.2257318, 39.1616797 ], [ 8.2197124, 39.146434 ], [ 8.2492274, 39.1339368 ], [ 8.2470008, 39.1106206 ], [ 8.2778783, 39.0938335 ], [ 8.3103685, 39.1131221 ], [ 8.3095328, 39.1879065 ] ] ], [ [ [ 8.2282259, 41.0314808 ], [ 8.2014735, 40.9868529 ], [ 8.2518691, 40.9793041 ], [ 8.2730854, 40.9994732 ], [ 8.2282259, 41.0314808 ] ] ] ] } },
{ "type": "Feature", "properties": { "region": "ITH", "SampSize": 408.0, "F1_wgt_F1_wgt_Direct": 0.5077513874231856, "F1_wgt_F1_wgt_SD": 0.026384346808547399, "F1_wgt_F1_wgt_CV": 5.1963121051124501, "F2_wgt_Direct": 0.51511229414726389, "F2_wgt_SD": 0.026665244992534851, "F2_wgt_CV": 5.1765887352150068, "F3_wgt_Direct": 0.48784214576001617, "F3_wgt_SD": 0.025827506402410608, "F3_wgt_CV": 5.2942343393012052, "F4_wgt_Direct": 0.42837951248952622, "F4_wgt_SD": 0.022683452221004811, "F4_wgt_CV": 5.2951767205625684, "F5_wgt_Direct": 0.46996920597220304, "F5_wgt_SD": 0.024220801086887549, "F5_wgt_CV": 5.153699599696778 }, "geometry": { "type": "MultiPolygon", "coordinates": [ [ [ [ 12.2407455, 47.0691685 ], [ 12.136014, 47.0806675 ], [ 11.7508114, 46.9757264 ], [ 11.6271995, 47.013299 ], [ 11.5463018, 46.9894223 ], [ 11.4816303, 47.0031231 ], [ 11.4112505, 46.9705266 ], [ 11.3283518, 46.990249899999988 ], [ 11.1642815, 46.9657225 ], [ 11.0058982, 46.7688496 ], [ 10.8116104, 46.7820598 ], [ 10.6652251, 46.8690318 ], [ 10.4696515, 46.854909 ], [ 10.3900214, 46.6787669 ], [ 10.4787516, 46.6124441 ], [ 10.452801, 46.530683 ], [ 10.6221455, 46.448102 ], [ 10.6179778, 46.3934865 ], [ 10.5157515, 46.3432245 ], [ 10.5682434, 46.3133869 ], [ 10.5766529, 46.2441618 ], [ 10.5471244, 46.1215578 ], [ 10.4715128, 46.0208959 ], [ 10.5001975, 45.8547405 ], [ 10.5452545, 45.7922 ], [ 10.6940749, 45.8373789 ], [ 10.8401765, 45.8327585 ], [ 10.6356013, 45.6080588 ], [ 10.6546555, 45.415827 ], [ 10.7050831, 45.4119086 ], [ 10.7049622, 45.3375426 ], [ 10.7345899, 45.3022795 ], [ 10.792892, 45.3057199 ], [ 10.9272658, 45.2321817 ], [ 11.05514, 45.1099518 ], [ 11.2055025, 45.1094875 ], [ 11.1897192, 45.0597917 ], [ 11.4267655, 44.950076 ], [ 11.2462315, 44.951428 ], [ 11.0069584, 44.9516861 ], [ 10.8879095, 44.914266 ], [ 10.7289779, 44.9769068 ], [ 10.5889121, 44.9154692 ], [ 10.504344, 44.922418 ], [ 10.4640305, 44.9371715 ], [ 10.1991159, 45.0324622 ], [ 10.083503, 45.0439585 ], [ 10.0424402, 45.0554496 ], [ 9.9988083, 45.1197042 ], [ 9.954927, 45.11888 ], [ 9.8911015, 45.130898 ], [ 9.879753, 45.0839065 ], [ 9.8217141, 45.0720143 ], [ 9.7561996, 45.1021731 ], [ 9.7102387, 45.0646317 ], [ 9.5486845, 45.1326485 ], [ 9.5383176, 45.0892876 ], [ 9.4445402, 45.0894924 ], [ 9.3800954, 45.0526253 ], [ 9.2884802, 44.9030103 ], [ 9.3540067, 44.8362732 ], [ 9.2971819, 44.7664393 ], [ 9.320351, 44.7259956 ], [ 9.2808777, 44.6899525 ], [ 9.200074, 44.6860995 ], [ 9.2039814, 44.6553972 ], [ 9.2029955, 44.6134765 ], [ 9.493363, 44.555859 ], [ 9.4976389, 44.500196 ], [ 9.451202, 44.4290011 ], [ 9.4790595, 44.4092405 ], [ 9.6034565, 44.4312687 ], [ 9.6867255, 44.365922 ], [ 9.8254409, 44.4627261 ], [ 9.954927, 44.4680289 ], [ 10.0166936, 44.3902102 ], [ 10.1420545, 44.353853 ], [ 10.253875, 44.268567 ], [ 10.3289768, 44.2788761 ], [ 10.470149, 44.226041 ], [ 10.540607, 44.1502479 ], [ 10.624078, 44.1203515 ], [ 10.6826755, 44.1579555 ], [ 10.814787, 44.1161745 ], [ 10.9135695, 44.0729761 ], [ 10.9791237, 44.1144965 ], [ 11.049449, 44.09023 ], [ 11.2024395, 44.100721 ], [ 11.240023, 44.1064641 ], [ 11.2322292, 44.1501355 ], [ 11.4195848, 44.2273831 ], [ 11.5249595, 44.15764 ], [ 11.5985603, 44.1578604 ], [ 11.6433571, 44.107405799999988 ], [ 11.7159065, 44.1225405 ], [ 11.740743, 44.0999528 ], [ 11.6553856, 43.99213 ], [ 11.710189, 43.8774305 ], [ 11.9829095, 43.7657431 ], [ 12.107464, 43.7537535 ], [ 12.1633161, 43.7607223 ], [ 12.1905192, 43.8064231 ], [ 12.2359312, 43.798728 ], [ 12.2238969, 43.765670899999989 ], [ 12.2837975, 43.764899 ], [ 12.3553547, 43.8666322 ], [ 12.4177, 43.89903 ], [ 12.4115544, 43.9530367 ], [ 12.5053, 43.9869937 ], [ 12.5110633, 43.9428344 ], [ 12.493956, 43.9155465 ], [ 12.6573533, 43.8260324 ], [ 12.7194027, 43.8709561 ], [ 12.7506848, 43.9696689 ], [ 12.450349, 44.1621895 ], [ 12.384282, 44.2247265 ], [ 12.2900296, 44.4719873 ], [ 12.269892, 44.6300075 ], [ 12.2502641, 44.6671525 ], [ 12.2500504, 44.7536194 ], [ 12.2918888, 44.8334181 ], [ 12.3990565, 44.7926155 ], [ 12.4010001, 44.8677198 ], [ 12.4571943, 44.8835284 ], [ 12.4824833, 44.9544377 ], [ 12.4224872, 45.0096983 ], [ 12.3217215, 45.0077065 ], [ 12.2809917, 45.0928037 ], [ 12.330572, 45.1605505 ], [ 12.2940449, 45.2169352 ], [ 12.2257541, 45.2078307 ], [ 12.200494, 45.257337 ], [ 12.1400295, 45.2681861 ], [ 12.132562, 45.3003705 ], [ 12.1824369, 45.4010546 ], [ 12.4039827, 45.5339386 ], [ 12.5675218, 45.5601627 ], [ 12.6204223, 45.5327192 ], [ 12.581385, 45.4978985 ], [ 12.5982615, 45.4861921 ], [ 12.8083552, 45.5649928 ], [ 13.0987855, 45.644533 ], [ 13.1117729, 45.6774565 ], [ 13.0772838, 45.7118767 ], [ 13.1255783, 45.7609819 ], [ 13.4064935, 45.725175 ], [ 13.5001704, 45.7134821 ], [ 13.5382356, 45.7765709 ], [ 13.579783, 45.7869515 ], [ 13.750234, 45.6758331 ], [ 13.7701874, 45.6156873 ], [ 13.7224819, 45.5948449 ], [ 13.8373352, 45.5868138 ], [ 13.9059968, 45.6338498 ], [ 13.7966932, 45.7383567 ], [ 13.596243, 45.8079375 ], [ 13.597145, 45.8195225 ], [ 13.5836187, 45.8627722 ], [ 13.6353476, 45.9748107 ], [ 13.528696, 45.972578 ], [ 13.4901897, 46.0005797 ], [ 13.4995688, 46.0208959 ], [ 13.496939, 46.051335 ], [ 13.6309786, 46.1311161 ], [ 13.6553013, 46.1732587 ], [ 13.4363706, 46.2321735 ], [ 13.3980524, 46.2943814 ], [ 13.4519981, 46.3565473 ], [ 13.6035233, 46.4358594 ], [ 13.684032, 46.4374725 ], [ 13.714185, 46.5227035 ], [ 13.5042495, 46.566304 ], [ 13.2567851, 46.5530732 ], [ 13.1400227, 46.5931249 ], [ 12.8083552, 46.632137 ], [ 12.731393, 46.634288 ], [ 12.690635, 46.656972 ], [ 12.477924, 46.6798355 ], [ 12.2926646, 46.7891622 ], [ 12.2749477, 46.874102 ], [ 12.1563608, 46.9163492 ], [ 12.1318994, 47.0086509 ], [ 12.2407455, 47.0691685 ] ] ], [ [ [ 12.5542142, 45.4695546 ], [ 12.5476021, 45.5085332 ], [ 12.4876906, 45.5001305 ], [ 12.469686, 45.4772419 ], [ 12.4099348, 45.4573342 ], [ 12.4310734, 45.4239363 ], [ 12.4543508, 45.438597099999988 ], [ 12.5542142, 45.4695546 ] ] ], [ [ [ 12.3477543, 45.4540328 ], [ 12.3225977, 45.435515 ], [ 12.3788243, 45.40627 ], [ 12.4006023, 45.445464799999989 ], [ 12.3477543, 45.4540328 ] ] ] ] } },
{ "type": "Feature", "properties": { "region": "ITI", "SampSize": 495.0, "F1_wgt_F1_wgt_Direct": 0.55459773560102554, "F1_wgt_F1_wgt_SD": 0.02755784753852664, "F1_wgt_F1_wgt_CV": 4.9689794547505333, "F2_wgt_Direct": 0.54913268711564811, "F2_wgt_SD": 0.02708338670093853, "F2_wgt_CV": 4.9320296053027954, "F3_wgt_Direct": 0.53872602879928277, "F3_wgt_SD": 0.027191722107733001, "F3_wgt_CV": 5.0474119782810858, "F4_wgt_Direct": 0.4710096798781907, "F4_wgt_SD": 0.023616228913869389, "F4_wgt_CV": 5.0139582948649499, "F5_wgt_Direct": 0.52013093371826313, "F5_wgt_SD": 0.02560673804010765, "F5_wgt_CV": 4.9231330767144756 }, "geometry": { "type": "MultiPolygon", "coordinates": [ [ [ [ 10.0166936, 44.3902102 ], [ 9.954927, 44.4680289 ], [ 9.8254409, 44.4627261 ], [ 9.6867255, 44.365922 ], [ 9.954927, 44.1654773 ], [ 10.0590822, 44.0974049 ], [ 10.0187695, 44.044536 ], [ 10.143476, 43.9754205 ], [ 10.258118, 43.815147 ], [ 10.299847, 43.581929 ], [ 10.3042699, 43.563972 ], [ 10.3219389, 43.492236 ], [ 10.4581508, 43.3258462 ], [ 10.4818299, 43.3014629 ], [ 10.5078828, 43.2746352 ], [ 10.5318072, 43.1957039 ], [ 10.5327688, 43.1514666 ], [ 10.5343956, 43.076624 ], [ 10.498008, 42.9489397 ], [ 10.5320517, 42.9286208 ], [ 10.7056725, 42.9418645 ], [ 10.7665379, 42.8876036 ], [ 10.7882319, 42.789563199999989 ], [ 10.9679144, 42.7150616 ], [ 11.1569757, 42.550214 ], [ 11.1689926, 42.4695039 ], [ 11.1106236, 42.4344124 ], [ 11.1228644, 42.391332 ], [ 11.1836931, 42.3770575 ], [ 11.2957761, 42.407637 ], [ 11.4499385, 42.3776705 ], [ 11.6358204, 42.290472 ], [ 11.733844, 42.158059 ], [ 11.8359303, 42.0385646 ], [ 11.9239976, 42.0310338 ], [ 12.0893909, 41.9379874 ], [ 12.1744636, 41.8758354 ], [ 12.2381066, 41.7416528 ], [ 12.4467664, 41.6308057 ], [ 12.6162282, 41.4573367 ], [ 12.7733215, 41.416264 ], [ 12.9207879, 41.3784883 ], [ 13.0621886, 41.2291696 ], [ 13.2844432, 41.2945283 ], [ 13.5459787, 41.2175716 ], [ 13.6220811, 41.2554546 ], [ 13.7607955, 41.223168 ], [ 13.873131, 41.2944579 ], [ 13.8737185, 41.338294 ], [ 13.8735799, 41.4165763 ], [ 13.977928, 41.462454 ], [ 14.0221782, 41.5461008 ], [ 13.9938949, 41.6400885 ], [ 13.9410385, 41.687944 ], [ 13.7125499, 41.7918125 ], [ 13.5560441, 41.7663284 ], [ 13.4106432, 41.8185696 ], [ 13.3596407, 41.9107908 ], [ 13.2962995, 41.9485885 ], [ 13.0613702, 42.0198551 ], [ 13.0305745, 42.115353 ], [ 13.1021789, 42.1563621 ], [ 13.2483872, 42.1449096 ], [ 13.3200794, 42.1842815 ], [ 13.3037868, 42.2344237 ], [ 13.1817447, 42.3561404 ], [ 13.1465275, 42.4695039 ], [ 13.1668719, 42.5378804 ], [ 13.1960552, 42.5791724 ], [ 13.3940315, 42.591234 ], [ 13.401297, 42.6348044 ], [ 13.3577745, 42.69407 ], [ 13.4875535, 42.7408928 ], [ 13.5370948, 42.8067188 ], [ 13.6605709, 42.8107731 ], [ 13.9157315, 42.894577 ], [ 13.849453, 43.0666595 ], [ 13.8097564, 43.1514666 ], [ 13.7429705, 43.294147 ], [ 13.6420965, 43.4741425 ], [ 13.6176227, 43.5459591 ], [ 13.5949015, 43.563972 ], [ 13.5273326, 43.6175393 ], [ 13.3942095, 43.6329518 ], [ 13.172615, 43.750346 ], [ 12.8078632, 43.9610446 ], [ 12.7506848, 43.9696689 ], [ 12.7194027, 43.8709561 ], [ 12.6573533, 43.8260324 ], [ 12.493956, 43.9155465 ], [ 12.4177, 43.89903 ], [ 12.3553547, 43.8666322 ], [ 12.2837975, 43.764899 ], [ 12.2238969, 43.765670899999989 ], [ 12.2359312, 43.798728 ], [ 12.1905192, 43.8064231 ], [ 12.1633161, 43.7607223 ], [ 12.107464, 43.7537535 ], [ 11.9829095, 43.7657431 ], [ 11.710189, 43.8774305 ], [ 11.6553856, 43.99213 ], [ 11.740743, 44.0999528 ], [ 11.7159065, 44.1225405 ], [ 11.6433571, 44.107405799999988 ], [ 11.5985603, 44.1578604 ], [ 11.5249595, 44.15764 ], [ 11.4195848, 44.2273831 ], [ 11.2322292, 44.1501355 ], [ 11.240023, 44.1064641 ], [ 11.2024395, 44.100721 ], [ 11.049449, 44.09023 ], [ 10.9791237, 44.1144965 ], [ 10.9135695, 44.0729761 ], [ 10.814787, 44.1161745 ], [ 10.6826755, 44.1579555 ], [ 10.624078, 44.1203515 ], [ 10.540607, 44.1502479 ], [ 10.470149, 44.226041 ], [ 10.3289768, 44.2788761 ], [ 10.253875, 44.268567 ], [ 10.1420545, 44.353853 ], [ 10.0166936, 44.3902102 ] ], [ [ 12.4427496, 41.9218174 ], [ 12.471288, 41.9290981 ], [ 12.4857358, 41.8909563 ], [ 12.4219849, 41.886232 ], [ 12.4075972, 41.893873 ], [ 12.4427496, 41.9218174 ] ] ], [ [ [ 10.9053753, 42.3836559 ], [ 10.8801125, 42.3907147 ], [ 10.8747415, 42.3602863 ], [ 10.9213225, 42.3153763 ], [ 10.9334846, 42.334736 ], [ 10.9053753, 42.3836559 ] ] ], [ [ [ 10.4421407, 42.8465498 ], [ 10.4124327, 42.8717085 ], [ 10.3564392, 42.7992549 ], [ 10.3324884, 42.8171026 ], [ 10.2704498, 42.8251423 ], [ 10.2433317, 42.7879382 ], [ 10.1858013, 42.8113234 ], [ 10.1234079, 42.80279 ], [ 10.1039448, 42.7841401 ], [ 10.1370955, 42.7333433 ], [ 10.2357256, 42.7272293 ], [ 10.239414, 42.7481563 ], [ 10.2862396, 42.7368094 ], [ 10.2928305, 42.7541977 ], [ 10.3571, 42.7586894 ], [ 10.3800615, 42.7167276 ], [ 10.4342505, 42.7202899 ], [ 10.406495, 42.762956 ], [ 10.4337153, 42.7781929 ], [ 10.4283686, 42.8160427 ], [ 10.4421407, 42.8465498 ] ] ], [ [ [ 10.3353045, 42.347095 ], [ 10.2938975, 42.35755 ], [ 10.2794939, 42.3337397 ], [ 10.2919132, 42.3086082 ], [ 10.3409645, 42.3214667 ], [ 10.3353045, 42.347095 ] ] ], [ [ [ 10.0857273, 42.612821 ], [ 10.0489406, 42.5773989 ], [ 10.0937759, 42.5541273 ], [ 10.1164773, 42.5862043 ], [ 10.0857273, 42.612821 ] ] ], [ [ [ 9.8793032, 43.4513758 ], [ 9.8657601, 43.417829 ], [ 9.9056981, 43.4009123 ], [ 9.9298234, 43.4482133 ], [ 9.8793032, 43.4513758 ] ] ], [ [ [ 9.826622, 43.0755707 ], [ 9.7889667, 43.0223368 ], [ 9.8096513, 43.0005433 ], [ 9.8506406, 43.0453094 ], [ 9.826622, 43.0755707 ] ] ] ] } },
{ "type": "Feature", "properties": { "region": "LT011", "SampSize": 412.0, "F1_wgt_F1_wgt_Direct": 0.55027394949397468, "F1_wgt_F1_wgt_SD": 0.032193809713645931, "F1_wgt_F1_wgt_CV": 5.8505058695311618, "F2_wgt_Direct": 0.55100652313150411, "F2_wgt_SD": 0.031853113603621988, "F2_wgt_CV": 5.780895917999846, "F3_wgt_Direct": 0.52569361760271893, "F3_wgt_SD": 0.030203194590524091, "F3_wgt_CV": 5.7453987606426447, "F4_wgt_Direct": 0.46578570512809647, "F4_wgt_SD": 0.027456509237579679, "F4_wgt_CV": 5.8946654943025409, "F5_wgt_Direct": 0.50651699819276352, "F5_wgt_SD": 0.02944580391339326, "F5_wgt_CV": 5.8133890902881733 }, "geometry": { "type": "MultiPolygon", "coordinates": [ [ [ [ 26.4204915, 55.2143034 ], [ 26.1821653, 55.2316636 ], [ 26.0976651, 55.2861623 ], [ 25.7578305, 55.3023001 ], [ 25.6678626, 55.212021 ], [ 25.7559127, 55.118618 ], [ 25.7216193, 55.0495708 ], [ 25.2668666, 55.0472356 ], [ 25.1707395, 55.1144972 ], [ 25.2131394, 55.1794315 ], [ 25.1617578, 55.2654205 ], [ 24.9699889, 55.3446377 ], [ 24.8200484, 55.3724007 ], [ 24.7894442, 55.4486849 ], [ 24.655051, 55.5176875 ], [ 24.6235843, 55.4638845 ], [ 24.42979, 55.3907965 ], [ 24.3984226, 55.3122542 ], [ 24.4302402, 55.237933 ], [ 24.4888784, 55.2131912 ], [ 24.6104049, 55.063395 ], [ 24.5805881, 54.990165 ], [ 24.7875316, 54.8977388 ], [ 24.7461562, 54.8381155 ], [ 24.557979, 54.8098224 ], [ 24.5570307, 54.7602755 ], [ 24.4829464, 54.6876572 ], [ 24.414311, 54.533269 ], [ 24.4287679, 54.4744731 ], [ 24.4399344, 54.429058899999987 ], [ 24.6576562, 54.440973 ], [ 24.7571241, 54.3987289 ], [ 24.9930447, 54.4207416 ], [ 24.9917623, 54.3931968 ], [ 24.9296145, 54.3586447 ], [ 24.9115144, 54.2983178 ], [ 24.7784426, 54.2202397 ], [ 24.8359495, 54.1490275 ], [ 24.9525325, 54.1661295 ], [ 25.0629355, 54.1397399 ], [ 25.2308758, 54.2498651 ], [ 25.4762719, 54.2989385 ], [ 25.5571284, 54.251462 ], [ 25.5499855, 54.1565578 ], [ 25.644787, 54.1347545 ], [ 25.7739174, 54.1633554 ], [ 25.7238399, 54.2813602 ], [ 25.5695932, 54.3431748 ], [ 25.6406576, 54.4744731 ], [ 25.6499064, 54.4915612 ], [ 25.7482551, 54.583419899999988 ], [ 25.7441919, 54.7830712 ], [ 25.7814044, 54.8477962 ], [ 25.8831006, 54.9271523 ], [ 26.1958763, 55.0021262 ], [ 26.2730592, 55.1170626 ], [ 26.6443045, 55.1588049 ], [ 26.743454, 55.254103 ], [ 26.4204915, 55.2143034 ] ] ] ] } },
{ "type": "Feature", "properties": { "region": "LT021", "SampSize": 54.0, "F1_wgt_F1_wgt_Direct": 0.63870140119295271, "F1_wgt_F1_wgt_SD": 0.099384978080000422, "F1_wgt_F1_wgt_CV": 15.560475974277072, "F2_wgt_Direct": 0.62799289174822293, "F2_wgt_SD": 0.0953844340477326, "F2_wgt_CV": 15.188776067544165, "F3_wgt_Direct": 0.63335476982567929, "F3_wgt_SD": 0.10058747405011303, "F3_wgt_CV": 15.881695195537583, "F4_wgt_Direct": 0.60737749711392586, "F4_wgt_SD": 0.096157418711363699, "F4_wgt_CV": 15.831574131125151, "F5_wgt_Direct": 0.70052412921208396, "F5_wgt_SD": 0.1065348360998586, "F5_wgt_CV": 15.207875311830284 }, "geometry": { "type": "MultiPolygon", "coordinates": [ [ [ [ 24.0618945, 54.5472511 ], [ 23.8937086, 54.4692522 ], [ 23.7569376, 54.4744731 ], [ 23.7371862, 54.4744731 ], [ 23.6444363, 54.5043473 ], [ 23.5497996, 54.4744731 ], [ 23.5281992, 54.4676544 ], [ 23.4993171, 54.413742199999987 ], [ 23.3505639, 54.3404163 ], [ 23.3214985, 54.253326 ], [ 23.4750197, 54.1577246 ], [ 23.5214048, 54.0693735 ], [ 23.491978, 53.9927935 ], [ 23.51465, 53.95656 ], [ 23.7919567, 53.905974799999989 ], [ 23.8214012, 53.9442396 ], [ 23.9170106, 53.9623481 ], [ 24.0068521, 53.9282108 ], [ 24.1915649, 53.9634326 ], [ 24.3395412, 53.9033182 ], [ 24.4218992, 53.9041296 ], [ 24.6206001, 54.0054861 ], [ 24.6919795, 54.0057112 ], [ 24.7114949, 53.9653855 ], [ 24.8190146, 54.0148642 ], [ 24.7930444, 54.1086354 ], [ 24.8359495, 54.1490275 ], [ 24.7784426, 54.2202397 ], [ 24.9115144, 54.2983178 ], [ 24.9296145, 54.3586447 ], [ 24.9917623, 54.3931968 ], [ 24.9930447, 54.4207416 ], [ 24.7571241, 54.3987289 ], [ 24.6576562, 54.440973 ], [ 24.4399344, 54.429058899999987 ], [ 24.4287679, 54.4744731 ], [ 24.414311, 54.533269 ], [ 24.0618945, 54.5472511 ] ] ] ] } },
{ "type": "Feature", "properties": { "region": "LT022", "SampSize": 184.0, "F1_wgt_F1_wgt_Direct": 0.50678944663022452, "F1_wgt_F1_wgt_SD": 0.042008434368073021, "F1_wgt_F1_wgt_CV": 8.2891296666491545, "F2_wgt_Direct": 0.50600784503234209, "F2_wgt_SD": 0.043258099278076639, "F2_wgt_CV": 8.5488989356107208, "F3_wgt_Direct": 0.51694971995659089, "F3_wgt_SD": 0.043406400257090583, "F3_wgt_CV": 8.3966387022582172, "F4_wgt_Direct": 0.4887966662812554, "F4_wgt_SD": 0.041297758954280742, "F4_wgt_CV": 8.4488626463990375, "F5_wgt_Direct": 0.52391642203861388, "F5_wgt_SD": 0.044200508853722967, "F5_wgt_CV": 8.4365572435645646 }, "geometry": { "type": "MultiPolygon", "coordinates": [ [ [ [ 24.242875, 55.4611589 ], [ 24.0646987, 55.4497704 ], [ 23.879444, 55.558162499999987 ], [ 23.619808, 55.473497 ], [ 23.5292836, 55.5178562 ], [ 23.4523498, 55.5001154 ], [ 23.2514648, 55.549633199999988 ], [ 23.1165374, 55.5558145 ], [ 23.0661579, 55.5080637 ], [ 22.8990637, 55.4714174 ], [ 22.7843458, 55.505104 ], [ 22.6774045, 55.4701372 ], [ 22.6988683, 55.4253836 ], [ 22.8588475, 55.3067624 ], [ 22.9665552, 55.3095871 ], [ 23.0396925, 55.2533751 ], [ 23.1660302, 55.2633242 ], [ 23.2033936, 55.2336142 ], [ 23.2514648, 55.2338006 ], [ 23.343183, 55.2341564 ], [ 23.4881816, 55.194757 ], [ 23.4741955, 55.1271367 ], [ 23.4119375, 55.073509 ], [ 23.5453336, 55.0260203 ], [ 23.444132, 54.9459779 ], [ 23.6118328, 54.8286992 ], [ 23.6601639, 54.6193054 ], [ 23.6959977, 54.558724 ], [ 23.7671358, 54.5168904 ], [ 23.7569376, 54.4744731 ], [ 23.8937086, 54.4692522 ], [ 24.0618945, 54.5472511 ], [ 24.414311, 54.533269 ], [ 24.4829464, 54.6876572 ], [ 24.5570307, 54.7602755 ], [ 24.557979, 54.8098224 ], [ 24.7461562, 54.8381155 ], [ 24.7875316, 54.8977388 ], [ 24.5805881, 54.990165 ], [ 24.6104049, 55.063395 ], [ 24.4888784, 55.2131912 ], [ 24.4302402, 55.237933 ], [ 24.3984226, 55.3122542 ], [ 24.42979, 55.3907965 ], [ 24.242875, 55.4611589 ] ] ] ] } },
{ "type": "Feature", "properties": { "region": "LT023", "SampSize": 87.0, "F1_wgt_F1_wgt_Direct": 0.5860730255035228, "F1_wgt_F1_wgt_SD": 0.072471688737192841, "F1_wgt_F1_wgt_CV": 12.365641410458878, "F2_wgt_Direct": 0.54766092302396563, "F2_wgt_SD": 0.068909156493499615, "F2_wgt_CV": 12.58244902941234, "F3_wgt_Direct": 0.55386020639736711, "F3_wgt_SD": 0.067588645896334273, "F3_wgt_CV": 12.203195881496995, "F4_wgt_Direct": 0.45713258815213254, "F4_wgt_SD": 0.060294573064037002, "F4_wgt_CV": 13.189734144259068, "F5_wgt_Direct": 0.5065676047155756, "F5_wgt_SD": 0.064318575825035654, "F5_wgt_CV": 12.696938222322537 }, "geometry": { "type": "MultiPolygon", "coordinates": [ [ [ [ 21.8060849, 55.6294076 ], [ 21.750079, 55.7466773 ], [ 21.6884513, 55.7554327 ], [ 21.5237044, 55.8146453 ], [ 21.5984989, 55.8774575 ], [ 21.595702, 55.9924931 ], [ 21.6884513, 56.0525815 ], [ 21.7517837, 56.1012815 ], [ 21.9186075, 56.1294545 ], [ 22.0026246, 56.2037895 ], [ 21.9713027, 56.3081424 ], [ 21.9400832, 56.3288855 ], [ 21.978209, 56.385143 ], [ 21.6884513, 56.3119505 ], [ 21.5248683, 56.3027211 ], [ 21.2451296, 56.1622686 ], [ 21.2004138, 56.0852512 ], [ 21.064238, 56.069137 ], [ 21.0971444, 55.6114648 ], [ 21.0358903, 55.3869732 ], [ 21.0225986, 55.3643688 ], [ 20.9562117, 55.2815636 ], [ 21.003325, 55.2737114 ], [ 21.0785248, 55.3954627 ], [ 21.1706302, 55.5704443 ], [ 21.2292931, 55.4747127 ], [ 21.2735112, 55.2456522 ], [ 21.3828444, 55.285881 ], [ 21.4944714, 55.1946317 ], [ 21.651071, 55.1799835 ], [ 21.6884513, 55.2039297 ], [ 21.767381, 55.2274175 ], [ 21.8650022, 55.2136293 ], [ 21.865179, 55.2732559 ], [ 22.0129392, 55.3790667 ], [ 21.9897395, 55.4229406 ], [ 21.8788695, 55.431446 ], [ 21.8324646, 55.5051331 ], [ 21.8346675, 55.5577277 ], [ 21.8802555, 55.5969945 ], [ 21.8060849, 55.6294076 ] ] ] ] } },
{ "type": "Feature", "properties": { "region": "LT024", "SampSize": 81.0, "F1_wgt_F1_wgt_Direct": 0.44670321727838341, "F1_wgt_F1_wgt_SD": 0.057509654173195417, "F1_wgt_F1_wgt_CV": 12.874242214681804, "F2_wgt_Direct": 0.44020437005837421, "F2_wgt_SD": 0.057403797987543498, "F2_wgt_CV": 13.040260817931308, "F3_wgt_Direct": 0.43436424951199776, "F3_wgt_SD": 0.057122725472748097, "F3_wgt_CV": 13.150880979943606, "F4_wgt_Direct": 0.39769565858493816, "F4_wgt_SD": 0.05177256791102821, "F4_wgt_CV": 13.018137561582369, "F5_wgt_Direct": 0.4175796268150791, "F5_wgt_SD": 0.054728848541816588, "F5_wgt_CV": 13.106206583697318 }, "geometry": { "type": "MultiPolygon", "coordinates": [ [ [ [ 23.2514648, 55.0863594 ], [ 23.0497421, 55.1025129 ], [ 22.6797382, 55.0521136 ], [ 22.588968, 55.0702515 ], [ 22.6341839, 54.9838974 ], [ 22.8319927, 54.9016529 ], [ 22.8754115, 54.818246 ], [ 22.8486061, 54.7762049 ], [ 22.7526396, 54.7294018 ], [ 22.7468063, 54.6398509 ], [ 22.696293, 54.5882563 ], [ 22.7035049, 54.4744731 ], [ 22.7920955, 54.363359 ], [ 22.8476335, 54.4016261 ], [ 22.9824048, 54.3849257 ], [ 23.0692952, 54.3080871 ], [ 23.2514648, 54.2685325 ], [ 23.3214985, 54.253326 ], [ 23.3505639, 54.3404163 ], [ 23.4993171, 54.413742199999987 ], [ 23.5281992, 54.4676544 ], [ 23.5497996, 54.4744731 ], [ 23.6444363, 54.5043473 ], [ 23.7371862, 54.4744731 ], [ 23.7569376, 54.4744731 ], [ 23.7671358, 54.5168904 ], [ 23.6959977, 54.558724 ], [ 23.6601639, 54.6193054 ], [ 23.6118328, 54.8286992 ], [ 23.444132, 54.9459779 ], [ 23.5453336, 55.0260203 ], [ 23.4119375, 55.073509 ], [ 23.2514648, 55.0863594 ] ] ] ] } },
{ "type": "Feature", "properties": { "region": "LT025", "SampSize": 87.0, "F1_wgt_F1_wgt_Direct": 0.58424671426653019, "F1_wgt_F1_wgt_SD": 0.072785117177990882, "F1_wgt_F1_wgt_CV": 12.457942064657759, "F2_wgt_Direct": 0.57663938221211486, "F2_wgt_SD": 0.071515145061079519, "F2_wgt_CV": 12.402057033762032, "F3_wgt_Direct": 0.53700026746846141, "F3_wgt_SD": 0.066262070085374533, "F3_wgt_CV": 12.33929927032414, "F4_wgt_Direct": 0.46395027726152416, "F4_wgt_SD": 0.060099997658289758, "F4_wgt_CV": 12.953973863973358, "F5_wgt_Direct": 0.51964692932192846, "F5_wgt_SD": 0.066155578291397427, "F5_wgt_CV": 12.730870627431944 }, "geometry": { "type": "MultiPolygon", "coordinates": [ [ [ [ 25.7078026, 56.0831874 ], [ 25.6716146, 56.1399163 ], [ 25.3217199, 56.1491054 ], [ 25.2363199, 56.1845438 ], [ 25.0945185, 56.1920021 ], [ 24.892312, 56.4420045 ], [ 24.6376875, 56.3704743 ], [ 24.5689524, 56.2923344 ], [ 24.5264844, 56.2819276 ], [ 24.4330803, 56.2649518 ], [ 24.301169, 56.2965403 ], [ 24.1518, 56.2533485 ], [ 24.1750321, 56.140913 ], [ 24.0220018, 55.9789342 ], [ 24.0848831, 55.9368969 ], [ 24.0767127, 55.8823042 ], [ 23.9672406, 55.8317571 ], [ 24.0393526, 55.7234022 ], [ 24.0273126, 55.6390727 ], [ 23.9259681, 55.6169251 ], [ 23.879444, 55.558162499999987 ], [ 24.0646987, 55.4497704 ], [ 24.242875, 55.4611589 ], [ 24.42979, 55.3907965 ], [ 24.6235843, 55.4638845 ], [ 24.655051, 55.5176875 ], [ 24.7160389, 55.6153458 ], [ 24.735387, 55.7079239 ], [ 24.9843594, 55.731781 ], [ 25.1192312, 55.687794 ], [ 25.3920933, 55.7574837 ], [ 25.5283736, 55.7219978 ], [ 25.6953642, 55.7251191 ], [ 25.7535034, 55.7777824 ], [ 25.8167476, 55.7801755 ], [ 25.8474384, 55.8260487 ], [ 25.9682935, 55.8739086 ], [ 25.987847, 55.9248987 ], [ 26.0461545, 55.944106 ], [ 25.8693836, 56.0019882 ], [ 25.8213865, 56.052179 ], [ 25.7078026, 56.0831874 ] ], [ [ 24.6576698, 55.6290262 ], [ 24.6362191, 55.674678 ], [ 24.6968304, 55.6723825 ], [ 24.7024127, 55.6449302 ], [ 24.6576698, 55.6290262 ] ] ] ] } },
{ "type": "Feature", "properties": { "region": "LT026", "SampSize": 78.0, "F1_wgt_F1_wgt_Direct": 0.58951119314417599, "F1_wgt_F1_wgt_SD": 0.082160084436828443, "F1_wgt_F1_wgt_CV": 13.936984639532476, "F2_wgt_Direct": 0.56105951149464039, "F2_wgt_SD": 0.075384872344453055, "F2_wgt_CV": 13.436163330273242, "F3_wgt_Direct": 0.5664651976254752, "F3_wgt_SD": 0.078438502658113599, "F3_wgt_CV": 13.847011782350323, "F4_wgt_Direct": 0.46813063558057388, "F4_wgt_SD": 0.069158318540871899, "F4_wgt_CV": 14.773294735368475, "F5_wgt_Direct": 0.50858537149270999, "F5_wgt_SD": 0.072888027003294151, "F5_wgt_CV": 14.331522511032135 }, "geometry": { "type": "MultiPolygon", "coordinates": [ [ [ [ 24.0070239, 56.3271752 ], [ 23.7805919, 56.3382643 ], [ 23.7450942, 56.3694671 ], [ 23.5419054, 56.3367709 ], [ 23.3164861, 56.380695 ], [ 23.2514648, 56.3733684 ], [ 23.1950478, 56.3670113 ], [ 23.0962278, 56.3117318 ], [ 23.0293938, 56.3378556 ], [ 22.9879911, 56.4047189 ], [ 22.920517, 56.399143 ], [ 22.8559903, 56.3681746 ], [ 22.6355635, 56.368168 ], [ 22.5955183, 56.354677 ], [ 22.5880562, 56.3007208 ], [ 22.6381048, 56.222593 ], [ 22.5608552, 56.1478855 ], [ 22.5974974, 56.0911714 ], [ 22.7084019, 56.0980091 ], [ 22.7095679, 56.0597728 ], [ 22.6441187, 56.0384945 ], [ 22.5967303, 55.9757741 ], [ 22.6780732, 55.9565475 ], [ 22.6997512, 55.9202203 ], [ 22.5914389, 55.8556187 ], [ 22.5688497, 55.8102093 ], [ 22.5018629, 55.7885892 ], [ 22.5213989, 55.706837 ], [ 22.4663015, 55.6729485 ], [ 22.5170781, 55.5863319 ], [ 22.6411892, 55.5051331 ], [ 22.6459546, 55.4831858 ], [ 22.6774045, 55.4701372 ], [ 22.7843458, 55.505104 ], [ 22.8990637, 55.4714174 ], [ 23.0661579, 55.5080637 ], [ 23.1165374, 55.5558145 ], [ 23.2514648, 55.549633199999988 ], [ 23.4523498, 55.5001154 ], [ 23.5292836, 55.5178562 ], [ 23.619808, 55.473497 ], [ 23.879444, 55.558162499999987 ], [ 23.9259681, 55.6169251 ], [ 24.0273126, 55.6390727 ], [ 24.0393526, 55.7234022 ], [ 23.9672406, 55.8317571 ], [ 24.0767127, 55.8823042 ], [ 24.0848831, 55.9368969 ], [ 24.0220018, 55.9789342 ], [ 24.1750321, 56.140913 ], [ 24.1518, 56.2533485 ], [ 24.0070239, 56.3271752 ] ] ] ] } },
{ "type": "Feature", "properties": { "region": "LT027", "SampSize": 27.0, "F1_wgt_F1_wgt_Direct": 0.4034829826994033, "F1_wgt_F1_wgt_SD": 0.084881495316237648, "F1_wgt_F1_wgt_CV": 21.037193377613836, "F2_wgt_Direct": 0.38550269498312073, "F2_wgt_SD": 0.083488534757746563, "F2_wgt_CV": 21.657056058039263, "F3_wgt_Direct": 0.33920785554999255, "F3_wgt_SD": 0.071954739230103551, "F3_wgt_CV": 21.212580443762405, "F4_wgt_Direct": 0.3609268484656179, "F4_wgt_SD": 0.082557965410960027, "F4_wgt_CV": 22.873877563260447, "F5_wgt_Direct": 0.39094470492189609, "F5_wgt_SD": 0.088631955308049154, "F5_wgt_CV": 22.671225416841558 }, "geometry": { "type": "MultiPolygon", "coordinates": [ [ [ [ 22.2255962, 55.6825501 ], [ 22.0280874, 55.6124927 ], [ 21.8802555, 55.5969945 ], [ 21.8346675, 55.5577277 ], [ 21.8324646, 55.5051331 ], [ 21.8788695, 55.431446 ], [ 21.9897395, 55.4229406 ], [ 22.0129392, 55.3790667 ], [ 21.865179, 55.2732559 ], [ 21.8650022, 55.2136293 ], [ 21.767381, 55.2274175 ], [ 21.6884513, 55.2039297 ], [ 21.651071, 55.1799835 ], [ 21.6709006, 55.1677829 ], [ 21.6884513, 55.1620063 ], [ 21.8699623, 55.0935746 ], [ 22.0247066, 55.0768718 ], [ 22.0818323, 55.028947 ], [ 22.1922277, 55.0574665 ], [ 22.4658166, 55.047593299999988 ], [ 22.588968, 55.0702515 ], [ 22.6797382, 55.0521136 ], [ 23.0497421, 55.1025129 ], [ 23.2514648, 55.0863594 ], [ 23.4119375, 55.073509 ], [ 23.4741955, 55.1271367 ], [ 23.4881816, 55.194757 ], [ 23.343183, 55.2341564 ], [ 23.2514648, 55.2338006 ], [ 23.2033936, 55.2336142 ], [ 23.1660302, 55.2633242 ], [ 23.0396925, 55.2533751 ], [ 22.9665552, 55.3095871 ], [ 22.8588475, 55.3067624 ], [ 22.6988683, 55.4253836 ], [ 22.6774045, 55.4701372 ], [ 22.6459546, 55.4831858 ], [ 22.6411892, 55.5051331 ], [ 22.5170781, 55.5863319 ], [ 22.4663015, 55.6729485 ], [ 22.2255962, 55.6825501 ] ] ] ] } },
{ "type": "Feature", "properties": { "region": "LT028", "SampSize": 32.0, "F1_wgt_F1_wgt_Direct": 0.39515198308804006, "F1_wgt_F1_wgt_SD": 0.07925124255225402, "F1_wgt_F1_wgt_CV": 20.055888858995505, "F2_wgt_Direct": 0.38927837758134309, "F2_wgt_SD": 0.080484382128447884, "F2_wgt_CV": 20.675276810521016, "F3_wgt_Direct": 0.4068022584213753, "F3_wgt_SD": 0.081722558053496375, "F3_wgt_CV": 20.089012870928126, "F4_wgt_Direct": 0.33228186106303897, "F4_wgt_SD": 0.069317462317056128, "F4_wgt_CV": 20.861043120227841, "F5_wgt_Direct": 0.37702330711037463, "F5_wgt_SD": 0.079686806832410945, "F5_wgt_CV": 21.135777372267977 }, "geometry": { "type": "MultiPolygon", "coordinates": [ [ [ [ 22.1225818, 56.4290392 ], [ 22.0110509, 56.4139838 ], [ 21.978209, 56.385143 ], [ 21.9400832, 56.3288855 ], [ 21.9713027, 56.3081424 ], [ 22.0026246, 56.2037895 ], [ 21.9186075, 56.1294545 ], [ 21.7517837, 56.1012815 ], [ 21.6884513, 56.0525815 ], [ 21.595702, 55.9924931 ], [ 21.5984989, 55.8774575 ], [ 21.5237044, 55.8146453 ], [ 21.6884513, 55.7554327 ], [ 21.750079, 55.7466773 ], [ 21.8060849, 55.6294076 ], [ 21.8802555, 55.5969945 ], [ 22.0280874, 55.6124927 ], [ 22.2255962, 55.6825501 ], [ 22.4663015, 55.6729485 ], [ 22.5213989, 55.706837 ], [ 22.5018629, 55.7885892 ], [ 22.5688497, 55.8102093 ], [ 22.5914389, 55.8556187 ], [ 22.6997512, 55.9202203 ], [ 22.6780732, 55.9565475 ], [ 22.5967303, 55.9757741 ], [ 22.6441187, 56.0384945 ], [ 22.7095679, 56.0597728 ], [ 22.7084019, 56.0980091 ], [ 22.5974974, 56.0911714 ], [ 22.5608552, 56.1478855 ], [ 22.6381048, 56.222593 ], [ 22.5880562, 56.3007208 ], [ 22.5955183, 56.354677 ], [ 22.6355635, 56.368168 ], [ 22.1225818, 56.4290392 ] ] ] ] } },
{ "type": "Feature", "properties": { "region": "LT029", "SampSize": 51.0, "F1_wgt_F1_wgt_Direct": 0.58485282472582556, "F1_wgt_F1_wgt_SD": 0.099336787086177006, "F1_wgt_F1_wgt_CV": 16.984920459731949, "F2_wgt_Direct": 0.58110274251593896, "F2_wgt_SD": 0.097478562180500106, "F2_wgt_CV": 16.774755142000792, "F3_wgt_Direct": 0.62888521473446779, "F3_wgt_SD": 0.1046723830408806, "F3_wgt_CV": 16.644115744568122, "F4_wgt_Direct": 0.61704900082651681, "F4_wgt_SD": 0.10396786921322412, "F4_wgt_CV": 16.849207935506353, "F5_wgt_Direct": 0.61037706631727739, "F5_wgt_SD": 0.10469896034199208, "F5_wgt_CV": 17.15316090981193 }, "geometry": { "type": "MultiPolygon", "coordinates": [ [ [ [ 25.987847, 55.9248987 ], [ 25.9682935, 55.8739086 ], [ 25.8474384, 55.8260487 ], [ 25.8167476, 55.7801755 ], [ 25.7535034, 55.7777824 ], [ 25.6953642, 55.7251191 ], [ 25.5283736, 55.7219978 ], [ 25.3920933, 55.7574837 ], [ 25.1192312, 55.687794 ], [ 24.9843594, 55.731781 ], [ 24.735387, 55.7079239 ], [ 24.7160389, 55.6153458 ], [ 24.655051, 55.5176875 ], [ 24.7894442, 55.4486849 ], [ 24.8200484, 55.3724007 ], [ 24.9699889, 55.3446377 ], [ 25.1617578, 55.2654205 ], [ 25.2131394, 55.1794315 ], [ 25.1707395, 55.1144972 ], [ 25.2668666, 55.0472356 ], [ 25.7216193, 55.0495708 ], [ 25.7559127, 55.118618 ], [ 25.6678626, 55.212021 ], [ 25.7578305, 55.3023001 ], [ 26.0976651, 55.2861623 ], [ 26.1821653, 55.2316636 ], [ 26.4204915, 55.2143034 ], [ 26.743454, 55.254103 ], [ 26.7895677, 55.2983265 ], [ 26.5057219, 55.354472 ], [ 26.5402475, 55.407781 ], [ 26.5390391, 55.5040232 ], [ 26.6208875, 55.5833663 ], [ 26.630365, 55.680667 ], [ 26.3854008, 55.7114246 ], [ 26.0461545, 55.944106 ], [ 25.987847, 55.9248987 ] ] ], [ [ [ 24.6968304, 55.6723825 ], [ 24.6362191, 55.674678 ], [ 24.6576698, 55.6290262 ], [ 24.7024127, 55.6449302 ], [ 24.6968304, 55.6723825 ] ] ] ] } },
{ "type": "Feature", "properties": { "region": "LV003", "SampSize": 68.0, "F1_wgt_F1_wgt_Direct": 0.51235688044091177, "F1_wgt_F1_wgt_SD": 0.071300347698352667, "F1_wgt_F1_wgt_CV": 13.916149157008435, "F2_wgt_Direct": 0.48925854518836681, "F2_wgt_SD": 0.067298421862104302, "F2_wgt_CV": 13.755185785502038, "F3_wgt_Direct": 0.53238434755380548, "F3_wgt_SD": 0.073786870412423142, "F3_wgt_CV": 13.859699435465814, "F4_wgt_Direct": 0.4331997046901091, "F4_wgt_SD": 0.061077061665777019, "F4_wgt_CV": 14.099054317100402, "F5_wgt_Direct": 0.4837562991771987, "F5_wgt_SD": 0.067773383976403645, "F5_wgt_CV": 14.009819425954063 }, "geometry": { "type": "MultiPolygon", "coordinates": [ [ [ [ 23.115186, 57.3630124 ], [ 22.962753, 57.407986099999988 ], [ 22.6452426, 57.5817583 ], [ 22.5863253, 57.6539116 ], [ 22.5715371, 57.7526406 ], [ 22.0521151, 57.6172096 ], [ 21.6884513, 57.555837 ], [ 21.4193452, 57.2737249 ], [ 21.3974057, 57.0372944 ], [ 21.2310891, 56.9124668 ], [ 21.0614576, 56.8313019 ], [ 21.0526293, 56.6860763 ], [ 20.9912862, 56.5249761 ], [ 20.9871012, 56.221784799999988 ], [ 21.064238, 56.069137 ], [ 21.2004138, 56.0852512 ], [ 21.2451296, 56.1622686 ], [ 21.5248683, 56.3027211 ], [ 21.6884513, 56.3119505 ], [ 21.978209, 56.385143 ], [ 22.0110509, 56.4139838 ], [ 22.1225818, 56.4290392 ], [ 22.6355635, 56.368168 ], [ 22.8559903, 56.3681746 ], [ 22.920517, 56.399143 ], [ 22.7394662, 56.4301128 ], [ 22.740857, 56.5348057 ], [ 22.7901133, 56.6041121 ], [ 22.8390367, 56.6243863 ], [ 22.8205436, 56.6934111 ], [ 22.828183, 56.7536051 ], [ 22.7944451, 56.7981582 ], [ 22.5220349, 56.8448227 ], [ 22.5190986, 56.8787026 ], [ 22.4615975, 56.9307826 ], [ 22.4937806, 57.0049357 ], [ 22.6342879, 57.0250251 ], [ 22.6604241, 57.0983094 ], [ 22.9214267, 57.137108 ], [ 23.1009767, 57.2403639 ], [ 23.1125631, 57.2987146 ], [ 23.1468905, 57.316258 ], [ 23.115186, 57.3630124 ] ] ] ] } },
{ "type": "Feature", "properties": { "region": "LV005", "SampSize": 119.0, "F1_wgt_F1_wgt_Direct": 0.52842641652176481, "F1_wgt_F1_wgt_SD": 0.055062316107840487, "F1_wgt_F1_wgt_CV": 10.420053651040851, "F2_wgt_Direct": 0.50724195356667823, "F2_wgt_SD": 0.05361248806174617, "F2_wgt_CV": 10.569411241473478, "F3_wgt_Direct": 0.47285672816449148, "F3_wgt_SD": 0.051614880555945389, "F3_wgt_CV": 10.915543225175441, "F4_wgt_Direct": 0.44453969902973334, "F4_wgt_SD": 0.048013669796392752, "F4_wgt_CV": 10.800760854697328, "F5_wgt_Direct": 0.44672114732030682, "F5_wgt_SD": 0.047622251110279991, "F5_wgt_CV": 10.660397743860113 }, "geometry": { "type": "MultiPolygon", "coordinates": [ [ [ [ 28.2299532, 56.291344699999989 ], [ 28.1752488, 56.3761752 ], [ 28.1840301, 56.4429615 ], [ 28.107843, 56.5110337 ], [ 28.1271989, 56.5710623 ], [ 28.0460241, 56.5981964 ], [ 28.0022847, 56.6750246 ], [ 27.9129316, 56.7468115 ], [ 27.9647859, 56.8254282 ], [ 27.9004228, 56.8308527 ], [ 27.8434688, 56.8719726 ], [ 27.667021, 56.8458017 ], [ 27.6837588, 56.9007943 ], [ 27.7565561, 56.9727746 ], [ 27.7228324, 57.0199824 ], [ 27.7529994, 57.1126029 ], [ 27.8187163, 57.1558694 ], [ 27.8669632, 57.2688941 ], [ 27.8444578, 57.3092361 ], [ 27.690777, 57.370561 ], [ 27.6766874, 57.326889 ], [ 27.5598346, 57.2660657 ], [ 27.3534969, 57.2791225 ], [ 27.2593454, 57.2499684 ], [ 27.1595159, 57.2197568 ], [ 26.8796546, 57.0224943 ], [ 26.8732616, 56.9845184 ], [ 26.9767192, 56.8787026 ], [ 26.7916397, 56.719804 ], [ 26.781156, 56.6127995 ], [ 26.7366258, 56.5858783 ], [ 26.7368296, 56.5469925 ], [ 26.624916, 56.540224 ], [ 26.5738969, 56.4934697 ], [ 26.4097074, 56.4640431 ], [ 26.2995917, 56.5088475 ], [ 26.244018, 56.5002978 ], [ 26.1312556, 56.3978125 ], [ 26.1911925, 56.2439948 ], [ 26.2623876, 56.1695177 ], [ 26.0528311, 56.0789865 ], [ 25.9465394, 56.0703264 ], [ 25.8720045, 56.095177 ], [ 25.8213865, 56.052179 ], [ 25.8693836, 56.0019882 ], [ 26.0461545, 55.944106 ], [ 26.3854008, 55.7114246 ], [ 26.630365, 55.680667 ], [ 26.6728766, 55.7048295 ], [ 26.7823995, 55.6850128 ], [ 26.867395, 55.7177425 ], [ 26.9830241, 55.8155915 ], [ 27.1266211, 55.8463765 ], [ 27.2593454, 55.7923183 ], [ 27.6026847, 55.7895439 ], [ 27.6596563, 55.9302027 ], [ 27.800924, 55.99047 ], [ 27.9793946, 56.1157272 ], [ 28.1545555, 56.1698435 ], [ 28.2299532, 56.291344699999989 ] ] ] ] } },
{ "type": "Feature", "properties": { "region": "LV006", "SampSize": 251.0, "F1_wgt_F1_wgt_Direct": 0.51385290171208953, "F1_wgt_F1_wgt_SD": 0.035879023992579952, "F1_wgt_F1_wgt_CV": 6.9823530961946147, "F2_wgt_Direct": 0.51524321741941093, "F2_wgt_SD": 0.036571413050476349, "F2_wgt_CV": 7.0978931529936107, "F3_wgt_Direct": 0.50796307814522079, "F3_wgt_SD": 0.036153294567842942, "F3_wgt_CV": 7.1173075609851963, "F4_wgt_Direct": 0.42279250168150606, "F4_wgt_SD": 0.03081457513437286, "F4_wgt_CV": 7.2883447582014593, "F5_wgt_Direct": 0.45447498908970618, "F5_wgt_SD": 0.032521431560383549, "F5_wgt_CV": 7.1558242678046105 }, "geometry": { "type": "MultiPolygon", "coordinates": [ [ [ [ 24.0767905, 56.8869849 ], [ 24.2422895, 56.8772476 ], [ 24.2842605, 56.9874732 ], [ 24.1192025, 57.08629 ], [ 23.9345325, 57.0063705 ], [ 24.0767905, 56.8869849 ] ] ] ] } },
{ "type": "Feature", "properties": { "region": "LV007", "SampSize": 172.0, "F1_wgt_F1_wgt_Direct": 0.51169823879307874, "F1_wgt_F1_wgt_SD": 0.045346523742123078, "F1_wgt_F1_wgt_CV": 8.8619659604613918, "F2_wgt_Direct": 0.48355361385064871, "F2_wgt_SD": 0.044327362250466233, "F2_wgt_CV": 9.1670005105488208, "F3_wgt_Direct": 0.47623430294295049, "F3_wgt_SD": 0.042801565716122203, "F3_wgt_CV": 8.9875016250665869, "F4_wgt_Direct": 0.42866788709017151, "F4_wgt_SD": 0.03875271534844052, "F4_wgt_CV": 9.0402655565120007, "F5_wgt_Direct": 0.47317077367434368, "F5_wgt_SD": 0.04208403236692615, "F5_wgt_CV": 8.8940472887047299 }, "geometry": { "type": "MultiPolygon", "coordinates": [ [ [ [ 24.7797258, 57.9862559 ], [ 24.6972018, 57.9516682 ], [ 24.5264844, 57.9451763 ], [ 24.4338486, 57.8729965 ], [ 24.3528175, 57.8765565 ], [ 24.345504, 57.7102065 ], [ 24.3787505, 57.623312 ], [ 24.3648951, 57.5529246 ], [ 24.4056496, 57.266948 ], [ 24.3427299, 57.1996305 ], [ 24.1192025, 57.08629 ], [ 24.2842605, 56.9874732 ], [ 24.2422895, 56.8772476 ], [ 24.0767905, 56.8869849 ], [ 23.9345325, 57.0063705 ], [ 23.6194999, 56.9665838 ], [ 23.4842874, 57.0294107 ], [ 23.3154223, 57.0621612 ], [ 23.2514648, 57.1061545 ], [ 23.1468905, 57.316258 ], [ 23.1125631, 57.2987146 ], [ 23.1009767, 57.2403639 ], [ 22.9214267, 57.137108 ], [ 22.6604241, 57.0983094 ], [ 22.6342879, 57.0250251 ], [ 22.4937806, 57.0049357 ], [ 22.4615975, 56.9307826 ], [ 22.5190986, 56.8787026 ], [ 22.5220349, 56.8448227 ], [ 22.7944451, 56.7981582 ], [ 22.828183, 56.7536051 ], [ 22.8205436, 56.6934111 ], [ 23.2514648, 56.7126701 ], [ 23.2784543, 56.7138763 ], [ 23.3594673, 56.7958861 ], [ 23.4764458, 56.8113332 ], [ 23.4695083, 56.8787026 ], [ 23.533451, 56.8944778 ], [ 23.6278657, 56.8897158 ], [ 23.6449369, 56.8787026 ], [ 23.7573874, 56.808927 ], [ 23.7879096, 56.7314364 ], [ 23.9850207, 56.7278694 ], [ 24.1486378, 56.6694563 ], [ 24.2483013, 56.6944199 ], [ 24.3604514, 56.666743 ], [ 24.5264844, 56.7179168 ], [ 24.6263774, 56.7080442 ], [ 24.6317585, 56.6821849 ], [ 24.5879258, 56.6630804 ], [ 24.5998491, 56.6241012 ], [ 24.666444, 56.5481581 ], [ 24.740145, 56.5447821 ], [ 25.0363858, 56.5946168 ], [ 25.0161045, 56.6671064 ], [ 25.0651575, 56.7256781 ], [ 25.2739892, 56.7012225 ], [ 25.2975356, 56.7535612 ], [ 25.3878173, 56.7610127 ], [ 25.5060325, 56.815156 ], [ 25.4963526, 56.8633536 ], [ 25.5372266, 56.8787026 ], [ 25.4875991, 56.9828629 ], [ 25.4045796, 56.93961 ], [ 25.3247021, 56.9789352 ], [ 25.2380254, 56.9368638 ], [ 25.1641914, 56.945646499999988 ], [ 25.1191936, 57.0997705 ], [ 24.9803159, 57.143001 ], [ 24.9279672, 57.2285627 ], [ 24.9405007, 57.2776154 ], [ 24.8484628, 57.4004754 ], [ 25.0425205, 57.487525 ], [ 25.0188697, 57.5585829 ], [ 24.9178691, 57.5641397 ], [ 24.8999708, 57.5893682 ], [ 24.9824065, 57.6367572 ], [ 25.0601641, 57.6351445 ], [ 25.0811357, 57.7475002 ], [ 24.9054199, 57.8298581 ], [ 24.8340825, 57.9727795 ], [ 24.7797258, 57.9862559 ] ] ] ] } },
{ "type": "Feature", "properties": { "region": "LV008", "SampSize": 162.0, "F1_wgt_F1_wgt_Direct": 0.55754615540895203, "F1_wgt_F1_wgt_SD": 0.050889483184847199, "F1_wgt_F1_wgt_CV": 9.1274027613947961, "F2_wgt_Direct": 0.4985908333540538, "F2_wgt_SD": 0.047018731374146229, "F2_wgt_CV": 9.4303240711121958, "F3_wgt_Direct": 0.55160727599794057, "F3_wgt_SD": 0.050012364368658649, "F3_wgt_CV": 9.0666614718195593, "F4_wgt_Direct": 0.47939831067261329, "F4_wgt_SD": 0.045066259229187958, "F4_wgt_CV": 9.400587825592952, "F5_wgt_Direct": 0.52932048165000711, "F5_wgt_SD": 0.048463026187376287, "F5_wgt_CV": 9.1557058280281343 }, "geometry": { "type": "MultiPolygon", "coordinates": [ [ [ [ 25.1144413, 58.0749214 ], [ 25.046307, 58.040146 ], [ 24.8340825, 57.9727795 ], [ 24.9054199, 57.8298581 ], [ 25.0811357, 57.7475002 ], [ 25.0601641, 57.6351445 ], [ 24.9824065, 57.6367572 ], [ 24.8999708, 57.5893682 ], [ 24.9178691, 57.5641397 ], [ 25.0188697, 57.5585829 ], [ 25.0425205, 57.487525 ], [ 24.8484628, 57.4004754 ], [ 24.9405007, 57.2776154 ], [ 24.9279672, 57.2285627 ], [ 24.9803159, 57.143001 ], [ 25.1191936, 57.0997705 ], [ 25.1641914, 56.945646499999988 ], [ 25.2380254, 56.9368638 ], [ 25.3247021, 56.9789352 ], [ 25.4045796, 56.93961 ], [ 25.4875991, 56.9828629 ], [ 25.5372266, 56.8787026 ], [ 25.4963526, 56.8633536 ], [ 25.5060325, 56.815156 ], [ 25.6999158, 56.7760924 ], [ 25.7865371, 56.8139905 ], [ 25.8383141, 56.7823181 ], [ 25.8350404, 56.7197735 ], [ 25.9308718, 56.6822643 ], [ 25.9439012, 56.6498982 ], [ 26.0332243, 56.6256191 ], [ 26.1383759, 56.6498736 ], [ 26.2964138, 56.5922108 ], [ 26.3953178, 56.633533 ], [ 26.5768485, 56.5936193 ], [ 26.624916, 56.540224 ], [ 26.7368296, 56.5469925 ], [ 26.7366258, 56.5858783 ], [ 26.781156, 56.6127995 ], [ 26.7916397, 56.719804 ], [ 26.9767192, 56.8787026 ], [ 26.8732616, 56.9845184 ], [ 26.8796546, 57.0224943 ], [ 27.1595159, 57.2197568 ], [ 27.2593454, 57.2499684 ], [ 27.3534969, 57.2791225 ], [ 27.5598346, 57.2660657 ], [ 27.6766874, 57.326889 ], [ 27.690777, 57.370561 ], [ 27.5325636, 57.4255485 ], [ 27.5605312, 57.5057148 ], [ 27.5452127, 57.5344351 ], [ 27.351579, 57.518237 ], [ 27.2593454, 57.550154199999987 ], [ 27.1018493, 57.5669386 ], [ 26.9139504, 57.627441 ], [ 26.5242824, 57.521522699999984 ], [ 26.4601894, 57.571139699999989 ], [ 26.2758609, 57.6016778 ], [ 26.1893284, 57.7170067 ], [ 26.0369459, 57.7728236 ], [ 26.0488655, 57.8312577 ], [ 26.0268669, 57.848354 ], [ 25.9004234, 57.8490675 ], [ 25.7552658, 57.9159171 ], [ 25.685608, 57.9118782 ], [ 25.3024758, 58.0719056 ], [ 25.2773303, 58.0618685 ], [ 25.2996641, 58.0177546 ], [ 25.281056, 57.995933 ], [ 25.1962856, 58.073502899999987 ], [ 25.1144413, 58.0749214 ] ] ] ] } },
{ "type": "Feature", "properties": { "region": "LV009", "SampSize": 113.0, "F1_wgt_F1_wgt_Direct": 0.45166736766928461, "F1_wgt_F1_wgt_SD": 0.050952006671105707, "F1_wgt_F1_wgt_CV": 11.280869577545678, "F2_wgt_Direct": 0.48286943616832001, "F2_wgt_SD": 0.054797235933867441, "F2_wgt_CV": 11.348251065276797, "F3_wgt_Direct": 0.47602881434367217, "F3_wgt_SD": 0.052205180323790658, "F3_wgt_CV": 10.966810989324021, "F4_wgt_Direct": 0.42743223608541425, "F4_wgt_SD": 0.047406039765622923, "F4_wgt_CV": 11.09089014899422, "F5_wgt_Direct": 0.47323081431560438, "F5_wgt_SD": 0.052222404202875897, "F5_wgt_CV": 11.035292424564735 }, "geometry": { "type": "MultiPolygon", "coordinates": [ [ [ [ 25.3878173, 56.7610127 ], [ 25.2975356, 56.7535612 ], [ 25.2739892, 56.7012225 ], [ 25.0651575, 56.7256781 ], [ 25.0161045, 56.6671064 ], [ 25.0363858, 56.5946168 ], [ 24.740145, 56.5447821 ], [ 24.666444, 56.5481581 ], [ 24.5998491, 56.6241012 ], [ 24.5879258, 56.6630804 ], [ 24.6317585, 56.6821849 ], [ 24.6263774, 56.7080442 ], [ 24.5264844, 56.7179168 ], [ 24.3604514, 56.666743 ], [ 24.2483013, 56.6944199 ], [ 24.1486378, 56.6694563 ], [ 23.9850207, 56.7278694 ], [ 23.7879096, 56.7314364 ], [ 23.7573874, 56.808927 ], [ 23.6449369, 56.8787026 ], [ 23.6278657, 56.8897158 ], [ 23.533451, 56.8944778 ], [ 23.4695083, 56.8787026 ], [ 23.4764458, 56.8113332 ], [ 23.3594673, 56.7958861 ], [ 23.2784543, 56.7138763 ], [ 23.2514648, 56.7126701 ], [ 22.8205436, 56.6934111 ], [ 22.8390367, 56.6243863 ], [ 22.7901133, 56.6041121 ], [ 22.740857, 56.5348057 ], [ 22.7394662, 56.4301128 ], [ 22.920517, 56.399143 ], [ 22.9879911, 56.4047189 ], [ 23.0293938, 56.3378556 ], [ 23.0962278, 56.3117318 ], [ 23.1950478, 56.3670113 ], [ 23.2514648, 56.3733684 ], [ 23.3164861, 56.380695 ], [ 23.5419054, 56.3367709 ], [ 23.7450942, 56.3694671 ], [ 23.7805919, 56.3382643 ], [ 24.0070239, 56.3271752 ], [ 24.1518, 56.2533485 ], [ 24.301169, 56.2965403 ], [ 24.4330803, 56.2649518 ], [ 24.5264844, 56.2819276 ], [ 24.5689524, 56.2923344 ], [ 24.6376875, 56.3704743 ], [ 24.892312, 56.4420045 ], [ 25.0945185, 56.1920021 ], [ 25.2363199, 56.1845438 ], [ 25.3217199, 56.1491054 ], [ 25.6716146, 56.1399163 ], [ 25.7078026, 56.0831874 ], [ 25.8213865, 56.052179 ], [ 25.8720045, 56.095177 ], [ 25.9465394, 56.0703264 ], [ 26.0528311, 56.0789865 ], [ 26.2623876, 56.1695177 ], [ 26.1911925, 56.2439948 ], [ 26.1312556, 56.3978125 ], [ 26.244018, 56.5002978 ], [ 26.2995917, 56.5088475 ], [ 26.4097074, 56.4640431 ], [ 26.5738969, 56.4934697 ], [ 26.624916, 56.540224 ], [ 26.5768485, 56.5936193 ], [ 26.3953178, 56.633533 ], [ 26.2964138, 56.5922108 ], [ 26.1383759, 56.6498736 ], [ 26.0332243, 56.6256191 ], [ 25.9439012, 56.6498982 ], [ 25.9308718, 56.6822643 ], [ 25.8350404, 56.7197735 ], [ 25.8383141, 56.7823181 ], [ 25.7865371, 56.8139905 ], [ 25.6999158, 56.7760924 ], [ 25.5060325, 56.815156 ], [ 25.3878173, 56.7610127 ] ] ] ] } },
{ "type": "Feature", "properties": { "region": "ME0", "SampSize": 1363.0, "F1_wgt_F1_wgt_Direct": 0.53406846968855171, "F1_wgt_F1_wgt_SD": 0.01680641952874945, "F1_wgt_F1_wgt_CV": 3.1468660822741157, "F2_wgt_Direct": 0.53389809853024861, "F2_wgt_SD": 0.0168327045535096, "F2_wgt_CV": 3.1527935012032886, "F3_wgt_Direct": 0.51847129532321534, "F3_wgt_SD": 0.016286606042344449, "F3_wgt_CV": 3.1412743944081547, "F4_wgt_Direct": 0.47081444178736243, "F4_wgt_SD": 0.014844580815810559, "F4_wgt_CV": 3.1529578318489508, "F5_wgt_Direct": 0.51588184171667539, "F5_wgt_SD": 0.016114894291008691, "F5_wgt_CV": 3.1237568349728941 }, "geometry": { "type": "MultiPolygon", "coordinates": [ [ [ [ 19.9590149, 43.0963502 ], [ 19.8422495, 43.1118393 ], [ 19.7447826, 43.1514666 ], [ 19.6579771, 43.1867594 ], [ 19.5206457, 43.3014629 ], [ 19.4386048, 43.3868919 ], [ 19.2418705, 43.4730656 ], [ 19.224069, 43.527541 ], [ 18.9564464, 43.5200955 ], [ 18.9457829, 43.4974971 ], [ 19.0624087, 43.3456941 ], [ 19.0422802, 43.3014629 ], [ 19.0343552, 43.2840481 ], [ 18.9922391, 43.2655562 ], [ 18.9633204, 43.3014629 ], [ 18.9344976, 43.3372505 ], [ 18.8930456, 43.3482917 ], [ 18.7857489, 43.3014629 ], [ 18.7627132, 43.2914092 ], [ 18.6811877, 43.205098 ], [ 18.6693645, 43.1514666 ], [ 18.6467677, 43.0489651 ], [ 18.5397744, 43.0178943 ], [ 18.4939644, 42.9680004 ], [ 18.4648337, 42.7958133 ], [ 18.5522612, 42.7124336 ], [ 18.5602588, 42.6576902 ], [ 18.52811, 42.586094 ], [ 18.438104, 42.555705 ], [ 18.4466145, 42.4847646 ], [ 18.4652683, 42.4695039 ], [ 18.525213, 42.420463 ], [ 18.5247091, 42.4512485 ], [ 18.5604018, 42.4480344 ], [ 18.5788781, 42.4081594 ], [ 18.5896504, 42.3849108 ], [ 18.6843384, 42.3718177 ], [ 18.7575304, 42.2844538 ], [ 18.8724787, 42.2751457 ], [ 18.9584394, 42.1924679 ], [ 19.0067521, 42.1460001 ], [ 19.0631567, 42.1254421 ], [ 19.1391985, 42.0360418 ], [ 19.1705496, 41.9379874 ], [ 19.3092391, 41.8858272 ], [ 19.372528, 41.844148 ], [ 19.3570883, 41.943941 ], [ 19.3854534, 42.094369 ], [ 19.304569, 42.1933523 ], [ 19.5271608, 42.4695039 ], [ 19.5834389, 42.5378804 ], [ 19.6336046, 42.5988303 ], [ 19.7399982, 42.646265 ], [ 19.7664888, 42.6053811 ], [ 19.7586162, 42.5378804 ], [ 19.7626451, 42.5184477 ], [ 19.8269775, 42.4695039 ], [ 19.8393914, 42.4695039 ], [ 20.0270542, 42.5378804 ], [ 20.0763, 42.5558235 ], [ 20.1005058, 42.6542852 ], [ 20.0300573, 42.7118453 ], [ 20.0361492, 42.7583543 ], [ 20.0820645, 42.775843699999989 ], [ 20.220481, 42.7537735 ], [ 20.2777372, 42.8232937 ], [ 20.3529285, 42.8333815 ], [ 20.32958, 42.9114881 ], [ 20.0639365, 43.006824 ], [ 19.9590149, 43.0963502 ] ] ] ] } },
{ "type": "Feature", "properties": { "region": "NL11", "SampSize": 43.0, "F1_wgt_F1_wgt_Direct": 0.53480726351194197, "F1_wgt_F1_wgt_SD": 0.083388187240822906, "F1_wgt_F1_wgt_CV": 15.592194222126697, "F2_wgt_Direct": 0.51892101739829399, "F2_wgt_SD": 0.081811996985570526, "F2_wgt_CV": 15.765789829779884, "F3_wgt_Direct": 0.52011355028594086, "F3_wgt_SD": 0.081116435007214827, "F3_wgt_CV": 15.595908809262852, "F4_wgt_Direct": 0.45945707581863299, "F4_wgt_SD": 0.073185862319148712, "F4_wgt_CV": 15.928770318478726, "F5_wgt_Direct": 0.47789134229339231, "F5_wgt_SD": 0.075695984431773389, "F5_wgt_CV": 15.839580618579458 }, "geometry": { "type": "MultiPolygon", "coordinates": [ [ [ [ 6.8602311, 53.4467216 ], [ 6.7622619, 53.4647483 ], [ 6.3136228, 53.4012824 ], [ 6.1913015, 53.410938 ], [ 6.1971297, 53.3675638 ], [ 6.2822498, 53.3123963 ], [ 6.176817, 53.1594505 ], [ 6.2015013, 53.121508 ], [ 6.315237, 53.0940515 ], [ 6.4119821, 53.1765451 ], [ 6.4962954, 53.200083 ], [ 6.6337991, 53.1161775 ], [ 6.7303283, 53.1172694 ], [ 6.81381, 53.0710485 ], [ 6.935702, 52.9933625 ], [ 6.9900535, 52.9467757 ], [ 7.034512, 52.915559 ], [ 7.0272691, 52.8765967 ], [ 7.092692, 52.838201 ], [ 7.2010832, 52.9855021 ], [ 7.2027945, 53.1132815 ], [ 7.208935, 53.2430645 ], [ 7.0927125, 53.2570175 ], [ 7.0783991, 53.2987507 ], [ 6.9930242, 53.3123963 ], [ 6.9183583, 53.3452939 ], [ 6.874905, 53.408013 ], [ 6.8602311, 53.4467216 ] ] ] ] } },
{ "type": "Feature", "properties": { "region": "NL12", "SampSize": 68.0, "F1_wgt_F1_wgt_Direct": 0.52073365798283222, "F1_wgt_F1_wgt_SD": 0.064290206255667046, "F1_wgt_F1_wgt_CV": 12.346082353252957, "F2_wgt_Direct": 0.47719580493855362, "F2_wgt_SD": 0.060088015337965303, "F2_wgt_CV": 12.591899324366979, "F3_wgt_Direct": 0.47404059201552973, "F3_wgt_SD": 0.059409611461140308, "F3_wgt_CV": 12.532600047717862, "F4_wgt_Direct": 0.4413073612687457, "F4_wgt_SD": 0.056322265547306023, "F4_wgt_CV": 12.762593713683172, "F5_wgt_Direct": 0.47478456026447713, "F5_wgt_SD": 0.059490593996765741, "F5_wgt_CV": 12.530018660174354 }, "geometry": { "type": "MultiPolygon", "coordinates": [ [ [ [ 6.315237, 53.0940515 ], [ 6.2015013, 53.121508 ], [ 6.176817, 53.1594505 ], [ 6.2822498, 53.3123963 ], [ 6.1971297, 53.3675638 ], [ 6.1913015, 53.410938 ], [ 5.8948642, 53.3861284 ], [ 5.6324827, 53.3123963 ], [ 5.6011252, 53.3035845 ], [ 5.44223, 53.2104476 ], [ 5.4112285, 53.1517245 ], [ 5.3527418, 53.0871117 ], [ 5.1643835, 53.0009105 ], [ 5.2363311, 52.881110199999988 ], [ 5.3178891, 52.8116882 ], [ 5.337842, 52.7959555 ], [ 5.3772615, 52.764805 ], [ 5.640359, 52.8116882 ], [ 5.6642552, 52.8301683 ], [ 5.7329972, 52.841531 ], [ 5.7864387, 52.8116882 ], [ 5.8056424, 52.8116882 ], [ 5.832435, 52.8116882 ], [ 6.0351834, 52.8231265 ], [ 6.119814, 52.854267 ], [ 6.258398, 52.9222316 ], [ 6.369053, 52.9219735 ], [ 6.4165686, 52.9762461 ], [ 6.315237, 53.0940515 ] ] ], [ [ [ 6.3952982, 53.511953 ], [ 6.3839957, 53.5190914 ], [ 6.2716571, 53.510181 ], [ 6.1473985, 53.5026741 ], [ 6.1309568, 53.480402 ], [ 6.1405071, 53.4722305 ], [ 6.2622018, 53.4759402 ], [ 6.3952982, 53.511953 ] ] ], [ [ [ 5.6068936, 53.447997 ], [ 5.6429022, 53.4238834 ], [ 5.72678, 53.4417541 ], [ 5.809914, 53.4372768 ], [ 5.8683711, 53.4465512 ], [ 5.9687798, 53.4542511 ], [ 5.9699695, 53.467933 ], [ 5.8664142, 53.4654047 ], [ 5.7518446, 53.4611231 ], [ 5.6429022, 53.4709045 ], [ 5.6068936, 53.447997 ] ] ], [ [ [ 5.4422148, 53.404009099999989 ], [ 5.5170306, 53.4289067 ], [ 5.4945053, 53.4453263 ], [ 5.3908598, 53.4251963 ], [ 5.1961882, 53.3954214 ], [ 5.1492212, 53.3562672 ], [ 5.1692563, 53.3478902 ], [ 5.2582395, 53.371764 ], [ 5.2918947, 53.3695425 ], [ 5.3842232, 53.4011599 ], [ 5.4422148, 53.404009099999989 ] ] ], [ [ [ 5.054582, 53.3137315 ], [ 4.9885708, 53.2817695 ], [ 5.0014732, 53.2642993 ], [ 5.0771636, 53.2882559 ], [ 5.054582, 53.3137315 ] ] ], [ [ [ 4.9725119, 53.2713519 ], [ 4.8905435, 53.2382888 ], [ 4.8848281, 53.2287898 ], [ 4.9219099, 53.2153885 ], [ 4.9840887, 53.2541231 ], [ 4.9725119, 53.2713519 ] ] ], [ [ [ 4.8641022, 53.2396029 ], [ 4.8323751, 53.2046472 ], [ 4.8769744, 53.1969841 ], [ 4.8864811, 53.2261178 ], [ 4.8641022, 53.2396029 ] ] ] ] } },
{ "type": "Feature", "properties": { "region": "NL13", "SampSize": 51.0, "F1_wgt_F1_wgt_Direct": 0.49788759879052619, "F1_wgt_F1_wgt_SD": 0.071670995817411709, "F1_wgt_F1_wgt_CV": 14.395015258768376, "F2_wgt_Direct": 0.5002237038379217, "F2_wgt_SD": 0.074171958856117826, "F2_wgt_CV": 14.827757718604715, "F3_wgt_Direct": 0.49140571207247519, "F3_wgt_SD": 0.071608474664972832, "F3_wgt_CV": 14.57216977860681, "F4_wgt_Direct": 0.44124769611272557, "F4_wgt_SD": 0.065443264551280231, "F4_wgt_CV": 14.831412181370672, "F5_wgt_Direct": 0.46787636694611578, "F5_wgt_SD": 0.068354195261608977, "F5_wgt_CV": 14.609456704933589 }, "geometry": { "type": "MultiPolygon", "coordinates": [ [ [ [ 6.4119821, 53.1765451 ], [ 6.315237, 53.0940515 ], [ 6.4165686, 52.9762461 ], [ 6.369053, 52.9219735 ], [ 6.258398, 52.9222316 ], [ 6.119814, 52.854267 ], [ 6.1796733, 52.8116882 ], [ 6.1865904, 52.7906495 ], [ 6.1302979, 52.7472182 ], [ 6.1589971, 52.6966904 ], [ 6.3241304, 52.6627844 ], [ 6.3893151, 52.6178256 ], [ 6.4991307, 52.6169743 ], [ 6.5470908, 52.6606089 ], [ 6.6294295, 52.6696585 ], [ 6.7097325, 52.6278235 ], [ 7.0062295, 52.638763 ], [ 7.0534218, 52.6571716 ], [ 7.0726598, 52.8116882 ], [ 7.092692, 52.838201 ], [ 7.0272691, 52.8765967 ], [ 7.034512, 52.915559 ], [ 6.9900535, 52.9467757 ], [ 6.935702, 52.9933625 ], [ 6.81381, 53.0710485 ], [ 6.7303283, 53.1172694 ], [ 6.6337991, 53.1161775 ], [ 6.4962954, 53.200083 ], [ 6.4119821, 53.1765451 ] ] ] ] } },
{ "type": "Feature", "properties": { "region": "NL21", "SampSize": 122.0, "F1_wgt_F1_wgt_Direct": 0.50984935128619913, "F1_wgt_F1_wgt_SD": 0.047305216865751107, "F1_wgt_F1_wgt_CV": 9.2782734245741487, "F2_wgt_Direct": 0.50335543220496115, "F2_wgt_SD": 0.047472563429489127, "F2_wgt_CV": 9.4312210402765242, "F3_wgt_Direct": 0.4850591296729857, "F3_wgt_SD": 0.045046531383176859, "F3_wgt_CV": 9.2868123961600446, "F4_wgt_Direct": 0.44307940064768231, "F4_wgt_SD": 0.04223432236974576, "F4_wgt_CV": 9.5319986232735481, "F5_wgt_Direct": 0.46939630378937092, "F5_wgt_SD": 0.044393319513226358, "F5_wgt_CV": 9.4575349560372075 }, "geometry": { "type": "MultiPolygon", "coordinates": [ [ [ [ 6.3241304, 52.6627844 ], [ 6.1589971, 52.6966904 ], [ 6.1302979, 52.7472182 ], [ 6.1865904, 52.7906495 ], [ 6.1796733, 52.8116882 ], [ 6.119814, 52.854267 ], [ 6.0351834, 52.8231265 ], [ 5.832435, 52.8116882 ], [ 5.8056424, 52.8116882 ], [ 5.9181542, 52.7448135 ], [ 5.9702976, 52.6549297 ], [ 5.7992805, 52.5995893 ], [ 5.864311, 52.5181695 ], [ 5.9397008, 52.4775582 ], [ 6.0372889, 52.5012788 ], [ 6.1097925, 52.4405745 ], [ 6.0793752, 52.332652 ], [ 6.1664115, 52.231045 ], [ 6.3819975, 52.246086 ], [ 6.4970708, 52.1816669 ], [ 6.760465, 52.1185695 ], [ 6.8585842, 52.1266936 ], [ 6.9916899, 52.2222391 ], [ 7.065685, 52.241373 ], [ 7.0344256, 52.291487 ], [ 7.0630517, 52.3730425 ], [ 6.9958755, 52.4544096 ], [ 6.9241214, 52.441626 ], [ 6.6978655, 52.486286 ], [ 6.7297711, 52.5741505 ], [ 6.7097325, 52.6278235 ], [ 6.6294295, 52.6696585 ], [ 6.5470908, 52.6606089 ], [ 6.4991307, 52.6169743 ], [ 6.3893151, 52.6178256 ], [ 6.3241304, 52.6627844 ] ] ] ] } },
{ "type": "Feature", "properties": { "region": "NL22", "SampSize": 209.0, "F1_wgt_F1_wgt_Direct": 0.5343041424932149, "F1_wgt_F1_wgt_SD": 0.037661314754585638, "F1_wgt_F1_wgt_CV": 7.0486660610279479, "F2_wgt_Direct": 0.5228867131902889, "F2_wgt_SD": 0.037235272342404917, "F2_wgt_CV": 7.1210974391032709, "F3_wgt_Direct": 0.5056059872960208, "F3_wgt_SD": 0.035767827954275272, "F3_wgt_CV": 7.0742492875848839, "F4_wgt_Direct": 0.46041047664049672, "F4_wgt_SD": 0.033188472997123242, "F4_wgt_CV": 7.208453039403329, "F5_wgt_Direct": 0.49662988931076391, "F5_wgt_SD": 0.035383570222058507, "F5_wgt_CV": 7.1247363446378067 }, "geometry": { "type": "MultiPolygon", "coordinates": [ [ [ [ 5.7913713, 52.4266148 ], [ 5.5856128, 52.350453 ], [ 5.521143, 52.2729638 ], [ 5.404633, 52.24963 ], [ 5.4960864, 52.132087 ], [ 5.4732244, 52.0799496 ], [ 5.546705, 52.0851414 ], [ 5.6134904, 51.9799019 ], [ 5.6060115, 51.943248499999989 ], [ 5.450937, 51.9831888 ], [ 5.2384508, 51.9717171 ], [ 5.149456, 51.9334525 ], [ 5.000534, 51.820938 ], [ 5.121901, 51.7757165 ], [ 5.1280575, 51.73761 ], [ 5.3065979, 51.7412925 ], [ 5.4058133, 51.8136167 ], [ 5.5978795, 51.828083 ], [ 5.7653764, 51.7568437 ], [ 5.8651585, 51.757408 ], [ 5.953192, 51.747846 ], [ 5.9797364, 51.7708768 ], [ 5.9656938, 51.8292952 ], [ 6.0613281, 51.8587481 ], [ 6.1531733, 51.8459998 ], [ 6.167766, 51.9008045 ], [ 6.4077795, 51.828092 ], [ 6.4188193, 51.8612599 ], [ 6.7696276, 51.9212802 ], [ 6.8194835, 51.9904814 ], [ 6.6952954, 52.0508167 ], [ 6.760465, 52.1185695 ], [ 6.4970708, 52.1816669 ], [ 6.3819975, 52.246086 ], [ 6.1664115, 52.231045 ], [ 6.0793752, 52.332652 ], [ 6.1097925, 52.4405745 ], [ 6.0372889, 52.5012788 ], [ 5.9397008, 52.4775582 ], [ 5.864311, 52.5181695 ], [ 5.7913713, 52.4266148 ] ] ] ] } },
{ "type": "Feature", "properties": { "region": "NL23", "SampSize": 34.0, "F1_wgt_F1_wgt_Direct": 0.49773343941345899, "F1_wgt_F1_wgt_SD": 0.086852348732986806, "F1_wgt_F1_wgt_CV": 17.449570765294713, "F2_wgt_Direct": 0.51616104324032064, "F2_wgt_SD": 0.090681511881483073, "F2_wgt_CV": 17.568453309108502, "F3_wgt_Direct": 0.49403918980650291, "F3_wgt_SD": 0.086436039033710943, "F3_wgt_CV": 17.495785924911093, "F4_wgt_Direct": 0.42487189464516706, "F4_wgt_SD": 0.077280304205511019, "F4_wgt_CV": 18.189083622500348, "F5_wgt_Direct": 0.47255004381356719, "F5_wgt_SD": 0.083620179742537049, "F5_wgt_CV": 17.695518355623577 }, "geometry": { "type": "MultiPolygon", "coordinates": [ [ [ [ 5.7864387, 52.8116882 ], [ 5.7329972, 52.841531 ], [ 5.6642552, 52.8301683 ], [ 5.640359, 52.8116882 ], [ 5.3772615, 52.764805 ], [ 5.3535305, 52.683649 ], [ 5.2843397, 52.6845532 ], [ 5.2357745, 52.6382726 ], [ 5.0604265, 52.5789375 ], [ 5.1740905, 52.4264167 ], [ 5.079161, 52.388653 ], [ 5.1412273, 52.3268458 ], [ 5.335462, 52.2902185 ], [ 5.404633, 52.24963 ], [ 5.521143, 52.2729638 ], [ 5.5856128, 52.350453 ], [ 5.7913713, 52.4266148 ], [ 5.864311, 52.5181695 ], [ 5.7992805, 52.5995893 ], [ 5.9702976, 52.6549297 ], [ 5.9181542, 52.7448135 ], [ 5.8056424, 52.8116882 ], [ 5.7864387, 52.8116882 ] ] ] ] } },
{ "type": "Feature", "properties": { "region": "NL31", "SampSize": 115.0, "F1_wgt_F1_wgt_Direct": 0.55449138391750485, "F1_wgt_F1_wgt_SD": 0.052540317009848389, "F1_wgt_F1_wgt_CV": 9.4754072892258243, "F2_wgt_Direct": 0.53568155562361386, "F2_wgt_SD": 0.05189019494500683, "F2_wgt_CV": 9.6867615470909474, "F3_wgt_Direct": 0.53662401634667356, "F3_wgt_SD": 0.051229323463061409, "F3_wgt_CV": 9.5465953633290024, "F4_wgt_Direct": 0.46995507408195719, "F4_wgt_SD": 0.045968480458859248, "F4_wgt_CV": 9.7814627384664963, "F5_wgt_Direct": 0.49631716392718833, "F5_wgt_SD": 0.047763182398779802, "F5_wgt_CV": 9.6235201742462504 }, "geometry": { "type": "MultiPolygon", "coordinates": [ [ [ [ 5.2645299, 52.2729832 ], [ 5.18562, 52.1828531 ], [ 5.0640283, 52.1718539 ], [ 5.0215375, 52.3024985 ], [ 4.794524, 52.2267265 ], [ 4.8690603, 52.1591122 ], [ 4.8046338, 52.1226188 ], [ 4.8309078, 52.0780481 ], [ 4.8205622, 52.0257727 ], [ 4.8778995, 51.9378355 ], [ 5.0093791, 51.9742215 ], [ 5.149456, 51.9334525 ], [ 5.2384508, 51.9717171 ], [ 5.450937, 51.9831888 ], [ 5.6060115, 51.943248499999989 ], [ 5.6134904, 51.9799019 ], [ 5.546705, 52.0851414 ], [ 5.4732244, 52.0799496 ], [ 5.4960864, 52.132087 ], [ 5.404633, 52.24963 ], [ 5.335462, 52.2902185 ], [ 5.2645299, 52.2729832 ] ] ] ] } },
{ "type": "Feature", "properties": { "region": "NL32", "SampSize": 238.0, "F1_wgt_F1_wgt_Direct": 0.53596092553001318, "F1_wgt_F1_wgt_SD": 0.035465645101667553, "F1_wgt_F1_wgt_CV": 6.6172072276715843, "F2_wgt_Direct": 0.53637278702352731, "F2_wgt_SD": 0.036107065651947948, "F2_wgt_CV": 6.7317109528086787, "F3_wgt_Direct": 0.51713182911290267, "F3_wgt_SD": 0.034406184718306553, "F3_wgt_CV": 6.6532715221431147, "F4_wgt_Direct": 0.45429593969717857, "F4_wgt_SD": 0.03111702762850397, "F4_wgt_CV": 6.849505995859384, "F5_wgt_Direct": 0.49228480195901214, "F5_wgt_SD": 0.033173588052767329, "F5_wgt_CV": 6.7386983958788509 }, "geometry": { "type": "MultiPolygon", "coordinates": [ [ [ [ 4.885118, 52.8940605 ], [ 4.7395811, 52.9588521 ], [ 4.6801098, 52.8116882 ], [ 4.649071, 52.7561775 ], [ 4.6096765, 52.573401 ], [ 4.5605965, 52.437426 ], [ 4.4938475, 52.32826 ], [ 4.611684, 52.313587 ], [ 4.5717301, 52.2248677 ], [ 4.728766, 52.209819499999988 ], [ 4.794524, 52.2267265 ], [ 5.0215375, 52.3024985 ], [ 5.0640283, 52.1718539 ], [ 5.18562, 52.1828531 ], [ 5.2645299, 52.2729832 ], [ 5.335462, 52.2902185 ], [ 5.1412273, 52.3268458 ], [ 5.079161, 52.388653 ], [ 5.1740905, 52.4264167 ], [ 5.0604265, 52.5789375 ], [ 5.2357745, 52.6382726 ], [ 5.2843397, 52.6845532 ], [ 5.3535305, 52.683649 ], [ 5.3772615, 52.764805 ], [ 5.337842, 52.7959555 ], [ 5.3178891, 52.8116882 ], [ 5.2363311, 52.881110199999988 ], [ 5.1643835, 53.0009105 ], [ 4.885118, 52.8940605 ] ] ], [ [ [ 4.8615186, 53.0422965 ], [ 4.8971341, 53.0774892 ], [ 4.9087939, 53.1350421 ], [ 4.8611235, 53.1834035 ], [ 4.841301, 53.183408 ], [ 4.7512046, 53.0989882 ], [ 4.7197028, 53.060948 ], [ 4.7083262, 53.0221693 ], [ 4.7204961, 52.9840288 ], [ 4.7514591, 53.0092985 ], [ 4.7844517, 53.0013231 ], [ 4.8193703, 53.0291646 ], [ 4.8615186, 53.0422965 ] ] ] ] } },
{ "type": "Feature", "properties": { "region": "NL33", "SampSize": 259.0, "F1_wgt_F1_wgt_Direct": 0.514191625755822, "F1_wgt_F1_wgt_SD": 0.032794664301907368, "F1_wgt_F1_wgt_CV": 6.377907118518654, "F2_wgt_Direct": 0.51687622323590021, "F2_wgt_SD": 0.033371011984770889, "F2_wgt_CV": 6.4562869183364429, "F3_wgt_Direct": 0.48531413753464775, "F3_wgt_SD": 0.03117135645840011, "F3_wgt_CV": 6.4229236380270729, "F4_wgt_Direct": 0.45435757736216292, "F4_wgt_SD": 0.029600682379049011, "F4_wgt_CV": 6.5148429021256682, "F5_wgt_Direct": 0.49010263516018948, "F5_wgt_SD": 0.031486234357967872, "F5_wgt_CV": 6.4244164587437149 }, "geometry": { "type": "MultiPolygon", "coordinates": [ [ [ [ 4.611684, 52.313587 ], [ 4.4938475, 52.32826 ], [ 4.3742325, 52.18709 ], [ 4.1980185, 52.0541445 ], [ 4.1628278, 52.02953 ], [ 4.1277885, 52.0005425 ], [ 3.997378, 51.9606361 ], [ 4.0431942, 51.8976013 ], [ 4.0405448, 51.843004699999987 ], [ 3.8927008, 51.8176057 ], [ 3.839083, 51.758297 ], [ 3.9887387, 51.7634478 ], [ 4.054452, 51.6982328 ], [ 4.1052114, 51.6884864 ], [ 4.1526473, 51.683834 ], [ 4.2425355, 51.647121 ], [ 4.3430143, 51.6590353 ], [ 4.4246168, 51.7035524 ], [ 4.6204205, 51.7141265 ], [ 4.6451375, 51.7190665 ], [ 4.6762945, 51.7249185 ], [ 4.7920657, 51.7948043 ], [ 5.000534, 51.820938 ], [ 5.149456, 51.9334525 ], [ 5.0093791, 51.9742215 ], [ 4.8778995, 51.9378355 ], [ 4.8205622, 52.0257727 ], [ 4.8309078, 52.0780481 ], [ 4.8046338, 52.1226188 ], [ 4.8690603, 52.1591122 ], [ 4.794524, 52.2267265 ], [ 4.728766, 52.209819499999988 ], [ 4.5717301, 52.2248677 ], [ 4.611684, 52.313587 ] ] ] ] } },
{ "type": "Feature", "properties": { "region": "NL34", "SampSize": 42.0, "F1_wgt_F1_wgt_Direct": 0.52735049349292795, "F1_wgt_F1_wgt_SD": 0.08271834916721324, "F1_wgt_F1_wgt_CV": 15.685649333392073, "F2_wgt_Direct": 0.48306787536997625, "F2_wgt_SD": 0.078492537825162786, "F2_wgt_CV": 16.248759610654346, "F3_wgt_Direct": 0.4684042243326686, "F3_wgt_SD": 0.075075723828531657, "F3_wgt_CV": 16.027977530623552, "F4_wgt_Direct": 0.43645988316949846, "F4_wgt_SD": 0.071089929992850992, "F4_wgt_CV": 16.287849750728025, "F5_wgt_Direct": 0.49154115231091966, "F5_wgt_SD": 0.077783947038478227, "F5_wgt_CV": 15.824503538063224 }, "geometry": { "type": "MultiPolygon", "coordinates": [ [ [ [ 4.2425355, 51.647121 ], [ 4.1526473, 51.683834 ], [ 4.1052114, 51.6884864 ], [ 4.054452, 51.6982328 ], [ 3.9887387, 51.7634478 ], [ 3.839083, 51.758297 ], [ 3.7238599, 51.72981 ], [ 3.701031, 51.6911624 ], [ 3.8310953, 51.682934 ], [ 4.0397162, 51.6201066 ], [ 4.006758, 51.5753482 ], [ 4.1826278, 51.506778 ], [ 4.2080371, 51.4459377 ], [ 4.1158137, 51.4441729 ], [ 3.8110225, 51.599783099999989 ], [ 3.5608678, 51.5850798 ], [ 3.4597617, 51.5300357 ], [ 3.5635429, 51.4473178 ], [ 3.7040435, 51.4498294 ], [ 3.8269619, 51.392679 ], [ 3.9749709, 51.4529681 ], [ 4.2436695, 51.3747295 ], [ 4.279565, 51.3760175 ], [ 4.2004521, 51.6015013 ], [ 4.2425355, 51.647121 ] ] ], [ [ [ 3.3657875, 51.3698355 ], [ 3.380661, 51.2742995 ], [ 3.5002824, 51.2467507 ], [ 3.5343111, 51.2895125 ], [ 3.6017475, 51.3005669 ], [ 3.8563395, 51.211056 ], [ 3.9776665, 51.225132 ], [ 4.1052114, 51.2653992 ], [ 4.1657555, 51.2927285 ], [ 4.2159519, 51.3330928 ], [ 4.2348175, 51.348254 ], [ 4.1920379, 51.370155 ], [ 4.1052114, 51.3561992 ], [ 3.9939248, 51.3981142 ], [ 3.859268, 51.3390966 ], [ 3.5163265, 51.4044248 ], [ 3.3657875, 51.3698355 ] ] ] ] } },
{ "type": "Feature", "properties": { "region": "NL41", "SampSize": 205.0, "F1_wgt_F1_wgt_Direct": 0.53068589072282935, "F1_wgt_F1_wgt_SD": 0.037785367056916278, "F1_wgt_F1_wgt_CV": 7.1201001793075962, "F2_wgt_Direct": 0.52438037944186755, "F2_wgt_SD": 0.037895995485440148, "F2_wgt_CV": 7.2268141545981068, "F3_wgt_Direct": 0.5096470163160689, "F3_wgt_SD": 0.036426626585192579, "F3_wgt_CV": 7.1474227100354097, "F4_wgt_Direct": 0.4620091390278257, "F4_wgt_SD": 0.033671104875431859, "F4_wgt_CV": 7.2879737717491206, "F5_wgt_Direct": 0.49620810299298507, "F5_wgt_SD": 0.035829544538389269, "F5_wgt_CV": 7.2206689738187917 }, "geometry": { "type": "MultiPolygon", "coordinates": [ [ [ [ 5.4058133, 51.8136167 ], [ 5.3065979, 51.7412925 ], [ 5.1280575, 51.73761 ], [ 5.121901, 51.7757165 ], [ 5.000534, 51.820938 ], [ 4.7920657, 51.7948043 ], [ 4.6762945, 51.7249185 ], [ 4.6451375, 51.7190665 ], [ 4.6204205, 51.7141265 ], [ 4.4246168, 51.7035524 ], [ 4.3430143, 51.6590353 ], [ 4.2425355, 51.647121 ], [ 4.2004521, 51.6015013 ], [ 4.279565, 51.3760175 ], [ 4.405945, 51.3651572 ], [ 4.3896554, 51.4439831 ], [ 4.4861737, 51.4776545 ], [ 4.5278879, 51.4756477 ], [ 4.5482235, 51.4292322 ], [ 4.669544, 51.426384 ], [ 4.759926, 51.5024645 ], [ 4.8286325, 51.4802636 ], [ 4.8410459, 51.42781 ], [ 4.8993905, 51.4058874 ], [ 5.0415081, 51.4791235 ], [ 5.10218, 51.429005 ], [ 5.0877973, 51.3822964 ], [ 5.1448117, 51.320924 ], [ 5.2259005, 51.3094631 ], [ 5.2377165, 51.2616005 ], [ 5.4984314, 51.2958182 ], [ 5.5476848, 51.2688151 ], [ 5.5662835, 51.2208365 ], [ 5.6098638, 51.2334255 ], [ 5.6768677, 51.312941 ], [ 5.8402455, 51.346924 ], [ 5.9201959, 51.3902051 ], [ 5.838077, 51.5664675 ], [ 6.0391608, 51.5701835 ], [ 5.9507504, 51.7027888 ], [ 5.8651585, 51.757408 ], [ 5.7653764, 51.7568437 ], [ 5.5978795, 51.828083 ], [ 5.4058133, 51.8136167 ] ] ], [ [ [ 4.7818793, 51.4454281 ], [ 4.7464385, 51.4382283 ], [ 4.7881026, 51.3957225 ], [ 4.8305436, 51.4148266 ], [ 4.7818793, 51.4454281 ] ] ] ] } },
{ "type": "Feature", "properties": { "region": "NL42", "SampSize": 101.0, "F1_wgt_F1_wgt_Direct": 0.52087753730062114, "F1_wgt_F1_wgt_SD": 0.053017797262764982, "F1_wgt_F1_wgt_CV": 10.178553204179757, "F2_wgt_Direct": 0.50935544594176552, "F2_wgt_SD": 0.052291587612787752, "F2_wgt_CV": 10.266227254349657, "F3_wgt_Direct": 0.49074847941803029, "F3_wgt_SD": 0.04996186310356783, "F3_wgt_CV": 10.180747409103883, "F4_wgt_Direct": 0.45204800407619811, "F4_wgt_SD": 0.046895867790051442, "F4_wgt_CV": 10.374090222096539, "F5_wgt_Direct": 0.49128132114873668, "F5_wgt_SD": 0.050549854576091659, "F5_wgt_CV": 10.289390701420048 }, "geometry": { "type": "MultiPolygon", "coordinates": [ [ [ [ 6.224405, 51.364979 ], [ 6.2042044, 51.5187161 ], [ 6.1058935, 51.6007347 ], [ 6.102653, 51.6562276 ], [ 5.953192, 51.747846 ], [ 5.8651585, 51.757408 ], [ 5.9507504, 51.7027888 ], [ 6.0391608, 51.5701835 ], [ 5.838077, 51.5664675 ], [ 5.9201959, 51.3902051 ], [ 5.8402455, 51.346924 ], [ 5.6768677, 51.312941 ], [ 5.6098638, 51.2334255 ], [ 5.5662835, 51.2208365 ], [ 5.8352033, 51.1562479 ], [ 5.798274, 51.0598535 ], [ 5.7661255, 51.0087155 ], [ 5.7325995, 50.9273671 ], [ 5.653808, 50.865605699999989 ], [ 5.687622, 50.811924 ], [ 5.6820005, 50.7574465 ], [ 5.7739669, 50.7745151 ], [ 5.892073, 50.7552375 ], [ 6.020999, 50.7542955 ], [ 6.010228, 50.8035661 ], [ 6.0719281, 50.858411 ], [ 6.0869475, 50.913135 ], [ 6.0306861, 50.9343766 ], [ 6.0091283, 50.9819236 ], [ 5.9098069, 50.9864441 ], [ 5.877085, 51.032101 ], [ 5.9000396, 51.0589778 ], [ 5.9633424, 51.0480768 ], [ 6.174812, 51.1845135 ], [ 6.0893361, 51.1790184 ], [ 6.072657, 51.2425875 ], [ 6.224405, 51.364979 ] ] ] ] } },
{ "type": "Feature", "properties": { "region": "NO02", "SampSize": 84.0, "F1_wgt_F1_wgt_Direct": 0.52991968152226654, "F1_wgt_F1_wgt_SD": 0.059035510368331677, "F1_wgt_F1_wgt_CV": 11.140463814958547, "F2_wgt_Direct": 0.52452908211035654, "F2_wgt_SD": 0.058962976414751032, "F2_wgt_CV": 11.241126264634021, "F3_wgt_Direct": 0.50180664325152091, "F3_wgt_SD": 0.056729204489722858, "F3_wgt_CV": 11.304992720331214, "F4_wgt_Direct": 0.44773320912314135, "F4_wgt_SD": 0.051191607599611631, "F4_wgt_CV": 11.433506953810133, "F5_wgt_Direct": 0.48842842019460597, "F5_wgt_SD": 0.055303409869583993, "F5_wgt_CV": 11.322725620173635 }, "geometry": { "type": "MultiPolygon", "coordinates": [ [ [ [ 10.7405634, 62.6533985 ], [ 10.1717139, 62.6905795 ], [ 10.0161328, 62.5650333 ], [ 10.084946, 62.429840399999989 ], [ 9.9658371, 62.397647199999987 ], [ 9.9138724, 62.3511947 ], [ 9.8625959, 62.355232 ], [ 9.792455, 62.287932 ], [ 9.5924034, 62.2606421 ], [ 9.3677648, 62.3080681 ], [ 9.062062, 62.3726085 ], [ 8.2618905, 62.3446517 ], [ 8.151634, 62.3011622 ], [ 7.9814672, 62.1811193 ], [ 7.7369978, 62.1819797 ], [ 7.6148823, 62.127924 ], [ 7.5895599, 62.0714492 ], [ 7.4234699, 62.0885708 ], [ 7.349109, 62.007682 ], [ 7.3894346, 61.9854344 ], [ 7.4196403, 61.8560354 ], [ 7.5232281, 61.7337305 ], [ 7.8561104, 61.7381255 ], [ 7.9000265, 61.7173058 ], [ 7.9034626, 61.6418135 ], [ 7.9592135, 61.5577333 ], [ 8.1035505, 61.5269344 ], [ 8.2130593, 61.542775 ], [ 8.2752892, 61.5154773 ], [ 8.3062061, 61.450609 ], [ 8.1559779, 61.4158349 ], [ 8.1644619, 61.3755564 ], [ 8.2346835, 61.327827899999988 ], [ 8.0548852, 61.2222795 ], [ 8.0869168, 61.158977 ], [ 8.1773663, 61.1074977 ], [ 8.1986211, 61.0954005 ], [ 8.251701, 61.073944 ], [ 8.3149482, 61.0830776 ], [ 8.5645949, 60.9992601 ], [ 8.6574724, 60.9367215 ], [ 8.8793801, 60.8945897 ], [ 9.2907705, 60.757524 ], [ 9.3677648, 60.6528108 ], [ 9.4519129, 60.5383682 ], [ 9.5918243, 60.5348256 ], [ 9.6336683, 60.4965318 ], [ 9.8064645, 60.4570577 ], [ 9.8164466, 60.5540308 ], [ 9.8625959, 60.5738683 ], [ 9.9461513, 60.6318248 ], [ 10.0428017, 60.6233687 ], [ 10.1509645, 60.5188174 ], [ 10.1978034, 60.391696 ], [ 10.2020765, 60.3923005 ], [ 10.2612045, 60.3936225 ], [ 10.3388745, 60.366141 ], [ 10.3884875, 60.3752255 ], [ 10.366276, 60.320975499999989 ], [ 10.8780486, 60.311361 ], [ 10.923807, 60.3521743 ], [ 10.8696971, 60.4084794 ], [ 10.7117938, 60.43606 ], [ 10.7079116, 60.5097801 ], [ 10.9289441, 60.4795201 ], [ 11.0872817, 60.5233961 ], [ 11.153986, 60.605148 ], [ 11.2046555, 60.5660391 ], [ 11.2238566, 60.5023553 ], [ 11.3423458, 60.4532127 ], [ 11.4388906, 60.3432269 ], [ 11.5869038, 60.2684793 ], [ 11.5892975, 60.1694072 ], [ 11.8169087, 60.0443649 ], [ 11.8037325, 59.9548787 ], [ 11.8294803, 59.8732562 ], [ 11.839729, 59.840767 ], [ 11.9177396, 59.8732562 ], [ 11.9705235, 59.8952391 ], [ 12.0591281, 59.8953397 ], [ 12.1758299, 59.895472 ], [ 12.3432821, 59.9706327 ], [ 12.4938309, 60.0929697 ], [ 12.5357165, 60.1898456 ], [ 12.5041075, 60.3119125 ], [ 12.5998049, 60.4063426 ], [ 12.6029219, 60.5104225 ], [ 12.3948308, 60.7397743 ], [ 12.3249591, 60.8949388 ], [ 12.2354091, 61.0096387 ], [ 12.6701765, 61.0559765 ], [ 12.6937073, 61.0945495 ], [ 12.7149281, 61.1446983 ], [ 12.826031, 61.2488116 ], [ 12.8563304, 61.3641996 ], [ 12.5790724, 61.5596813 ], [ 12.4158172, 61.569139 ], [ 12.1454016, 61.7303169 ], [ 12.29937, 62.267494 ], [ 12.2546595, 62.3310245 ], [ 12.137078, 62.3149778 ], [ 12.0591281, 62.3357128 ], [ 11.9609674, 62.361824 ], [ 11.7882806, 62.3779045 ], [ 11.7096821, 62.351713 ], [ 11.560685, 62.3764363 ], [ 11.4354956, 62.4734252 ], [ 11.2641086, 62.5347107 ], [ 11.1415411, 62.6525383 ], [ 10.908485, 62.6949009 ], [ 10.7405634, 62.6533985 ] ] ] ] } },
{ "type": "Feature", "properties": { "region": "NO06", "SampSize": 127.0, "F1_wgt_F1_wgt_Direct": 0.52721066059997734, "F1_wgt_F1_wgt_SD": 0.047695513303862187, "F1_wgt_F1_wgt_CV": 9.0467657178221046, "F2_wgt_Direct": 0.52810009261942137, "F2_wgt_SD": 0.048350227886628939, "F2_wgt_CV": 9.1555045269558093, "F3_wgt_Direct": 0.50311930631766966, "F3_wgt_SD": 0.045807868955045947, "F3_wgt_CV": 9.1047726413668677, "F4_wgt_Direct": 0.43406885338550139, "F4_wgt_SD": 0.04072784152046327, "F4_wgt_CV": 9.3828067143745102, "F5_wgt_Direct": 0.48917760018878009, "F5_wgt_SD": 0.044814692900831447, "F5_wgt_CV": 9.1612316024971019 }, "geometry": { "type": "MultiPolygon", "coordinates": [ [ [ [ 11.938759, 65.148924 ], [ 11.7393245, 65.0238602 ], [ 11.4859908, 64.9528836 ], [ 11.2728812, 64.9241862 ], [ 11.0697113, 64.9724411 ], [ 10.8843293, 64.9744879 ], [ 10.7637347, 64.9327402 ], [ 10.7841477, 64.8867291 ], [ 10.8661678, 64.8550427 ], [ 11.2365192, 64.8394491 ], [ 11.3860901, 64.7705693 ], [ 11.566427, 64.8053728 ], [ 11.6060573, 64.7885112 ], [ 11.3307574, 64.570688300000015 ], [ 11.2928382, 64.5899545 ], [ 11.3101937, 64.6596292 ], [ 11.2399518, 64.6714887 ], [ 11.112676, 64.6242485 ], [ 11.0858102, 64.5649106 ], [ 10.9747954, 64.5835692 ], [ 10.8990999, 64.5300819 ], [ 10.7216049, 64.5315 ], [ 10.6369431, 64.4629765 ], [ 10.5104, 64.429291 ], [ 10.4936488, 64.4088284 ], [ 10.5142243, 64.3705232 ], [ 10.4812889, 64.3322924 ], [ 10.398128, 64.2904168 ], [ 10.2232942, 64.2023794 ], [ 10.126236, 64.1010108 ], [ 10.0971655, 64.0929146 ], [ 9.9877336, 64.0624376 ], [ 9.9889953, 64.040046 ], [ 9.9612342, 63.9314323 ], [ 9.6261131, 63.7764304 ], [ 9.6169526, 63.7011943 ], [ 9.8752785, 63.7160978 ], [ 9.8511547, 63.6216104 ], [ 9.9660109, 63.5209755 ], [ 10.170315, 63.5261345 ], [ 10.8796142, 63.7328637 ], [ 10.9940907, 63.8268703 ], [ 11.0589578, 63.9496598 ], [ 11.1908205, 64.0033196 ], [ 11.2557107, 63.9978249 ], [ 11.1900797, 63.8964533 ], [ 11.3239409, 63.8835699 ], [ 11.3482566, 63.7978595 ], [ 11.1880187, 63.7307368 ], [ 10.9298465, 63.6795731 ], [ 10.7731277, 63.6090991 ], [ 10.85359, 63.4390935 ], [ 10.2192125, 63.4456446 ], [ 10.1100335, 63.397407599999987 ], [ 10.1430935, 63.3341655 ], [ 9.9054361, 63.3293466 ], [ 9.9435426, 63.435654 ], [ 9.7102032, 63.6261931 ], [ 9.3677648, 63.53371 ], [ 9.1989196, 63.5034222 ], [ 9.1758301, 63.481793 ], [ 9.2134035, 63.4451949 ], [ 9.2040193, 63.4045276 ], [ 9.2536546, 63.3568332 ], [ 9.1188784, 63.3010277 ], [ 9.1058422, 63.317511399999987 ], [ 9.1579573, 63.3862669 ], [ 9.0520864, 63.4532977 ], [ 8.8861038, 63.4181813 ], [ 8.7551115, 63.424341 ], [ 8.8776382, 63.3505473 ], [ 8.8288397, 63.2669075 ], [ 8.851695, 63.2302986 ], [ 8.832189, 63.20198 ], [ 8.8175071, 63.1982831 ], [ 8.7645885, 63.1845834 ], [ 8.8864204, 63.1197227 ], [ 9.1421854, 63.1340542 ], [ 9.1651749, 63.1743115 ], [ 9.3340708, 63.2029896 ], [ 9.3677648, 63.1927561 ], [ 9.4609852, 63.1644433 ], [ 9.449674, 63.0758782 ], [ 9.4863551, 63.0024299 ], [ 9.440258, 62.9436263 ], [ 9.4376629, 62.8372727 ], [ 9.3677648, 62.8188393 ], [ 8.9886483, 62.7115255 ], [ 9.2108259, 62.550143 ], [ 9.1639845, 62.4325604 ], [ 9.062062, 62.3726085 ], [ 9.3677648, 62.3080681 ], [ 9.5924034, 62.2606421 ], [ 9.792455, 62.287932 ], [ 9.8625959, 62.355232 ], [ 9.9138724, 62.3511947 ], [ 9.9658371, 62.397647199999987 ], [ 10.084946, 62.429840399999989 ], [ 10.0161328, 62.5650333 ], [ 10.1717139, 62.6905795 ], [ 10.7405634, 62.6533985 ], [ 10.908485, 62.6949009 ], [ 11.1415411, 62.6525383 ], [ 11.2641086, 62.5347107 ], [ 11.4354956, 62.4734252 ], [ 11.560685, 62.3764363 ], [ 11.7096821, 62.351713 ], [ 11.7882806, 62.3779045 ], [ 11.9609674, 62.361824 ], [ 12.0591281, 62.3357128 ], [ 12.137078, 62.3149778 ], [ 12.2546595, 62.3310245 ], [ 12.0730571, 62.6017179 ], [ 12.1250524, 62.7487236 ], [ 12.0919226, 62.9006583 ], [ 12.196679, 63.0071299 ], [ 12.0524555, 63.1834445 ], [ 11.9855276, 63.2710021 ], [ 12.0591281, 63.3391806 ], [ 12.1996753, 63.4693741 ], [ 12.1608113, 63.594024 ], [ 12.4555241, 63.8038982 ], [ 12.5307612, 63.8574769 ], [ 12.68163, 63.9705267 ], [ 12.8274986, 64.0237358 ], [ 12.917599, 64.040046 ], [ 13.2096547, 64.0929146 ], [ 13.2146082, 64.0938113 ], [ 13.2239856, 64.0929146 ], [ 13.7768776, 64.040046 ], [ 13.9773315, 64.0208782 ], [ 13.996105, 64.040046 ], [ 14.047886, 64.0929146 ], [ 14.1506214, 64.1978078 ], [ 14.1411861, 64.2598058 ], [ 14.1365275, 64.2904168 ], [ 14.1301545, 64.3322924 ], [ 14.1116674, 64.4537681 ], [ 13.6665859, 64.5889541 ], [ 14.325985, 65.118916 ], [ 13.2255142, 65.1109614 ], [ 13.1447286, 65.1103646 ], [ 12.9662878, 65.0438263 ], [ 12.8898755, 64.983339 ], [ 12.6904942, 64.9473941 ], [ 12.5393369, 64.9795039 ], [ 12.2287634, 64.974009 ], [ 12.0905395, 65.010344 ], [ 12.0461065, 65.06245 ], [ 11.9760523, 65.0726013 ], [ 11.9468031, 65.0735529 ], [ 11.924039, 65.0678475 ], [ 11.9333427, 65.1190916 ], [ 11.938759, 65.148924 ] ] ], [ [ [ 11.7407218, 65.0850642 ], [ 11.7350118, 65.1370874 ], [ 11.6881173, 65.1199537 ], [ 11.5768981, 65.107782 ], [ 11.5118316, 65.0695258 ], [ 11.5440947, 65.0361392 ], [ 11.6073574, 65.0442572 ], [ 11.635742, 65.0602037 ], [ 11.6494977, 65.0399312 ], [ 11.7118128, 65.0620038 ], [ 11.7407218, 65.0850642 ] ] ], [ [ [ 11.2309899, 63.8202561 ], [ 11.1990282, 63.8271094 ], [ 11.1522117, 63.8038155 ], [ 11.1970163, 63.7775753 ], [ 11.221786, 63.8038155 ], [ 11.2309899, 63.8202561 ] ] ], [ [ [ 11.0869151, 65.0405771 ], [ 11.0661206, 65.023319 ], [ 11.1096264, 64.9900033 ], [ 11.1487062, 65.0170746 ], [ 11.0869151, 65.0405771 ] ] ], [ [ [ 11.1167603, 63.7996902 ], [ 11.0547479, 63.8001054 ], [ 11.0074796, 63.7524861 ], [ 11.0351438, 63.7440699 ], [ 11.1232822, 63.7839239 ], [ 11.1167603, 63.7996902 ] ] ], [ [ [ 10.8636446, 64.5813998 ], [ 10.8513164, 64.5648139 ], [ 10.8635334, 64.5464772 ], [ 10.8833933, 64.5590257 ], [ 10.8636446, 64.5813998 ] ] ], [ [ [ 10.8292407, 64.6100625 ], [ 10.7991987, 64.6013906 ], [ 10.7802256, 64.5774051 ], [ 10.8105464, 64.5599497 ], [ 10.8448425, 64.5645311 ], [ 10.8292407, 64.6100625 ] ] ], [ [ [ 10.7957596, 64.7783213 ], [ 10.7442186, 64.7347393 ], [ 10.7830011, 64.7202527 ], [ 10.8197667, 64.7623382 ], [ 10.7957596, 64.7783213 ] ] ], [ [ [ 10.5401914, 64.8227712 ], [ 10.4866088, 64.8005009 ], [ 10.5148975, 64.7731372 ], [ 10.5682703, 64.8012258 ], [ 10.5401914, 64.8227712 ] ] ], [ [ [ 9.9363164, 64.0235336 ], [ 9.9074011, 64.040046 ], [ 9.8891607, 64.0504624 ], [ 9.8606076, 64.040046 ], [ 9.8420086, 64.0332609 ], [ 9.8454371, 63.9913176 ], [ 9.9039144, 63.99575 ], [ 9.9363164, 64.0235336 ] ] ], [ [ [ 9.424457, 63.8333158 ], [ 9.3944123, 63.8205497 ], [ 9.3906216, 63.8036409 ], [ 9.3885739, 63.7853583 ], [ 9.3977695, 63.7763917 ], [ 9.4501526, 63.8036409 ], [ 9.424457, 63.8333158 ] ] ], [ [ [ 9.4192477, 63.7004401 ], [ 9.3744143, 63.6677233 ], [ 9.427667, 63.648105 ], [ 9.4498206, 63.6782291 ], [ 9.4192477, 63.7004401 ] ] ], [ [ [ 9.1816049, 64.0755563 ], [ 9.1638143, 64.0283321 ], [ 9.2189706, 64.0178201 ], [ 9.2261857, 64.0399406 ], [ 9.1816049, 64.0755563 ] ] ], [ [ [ 8.8224613, 63.713015199999987 ], [ 8.8115582, 63.8039468 ], [ 8.7911984, 63.8156453 ], [ 8.6883341, 63.8141216 ], [ 8.5389149, 63.7197291 ], [ 8.4187565, 63.6938199 ], [ 8.4201427, 63.6760608 ], [ 8.5954558, 63.666132 ], [ 8.6350423, 63.61394 ], [ 8.470461, 63.5600037 ], [ 8.4587543, 63.5697692 ], [ 8.4656752, 63.6202076 ], [ 8.3963975, 63.6066667 ], [ 8.3723695, 63.5791528 ], [ 8.448272, 63.5707922 ], [ 8.450086, 63.5533265 ], [ 8.3306087, 63.5141716 ], [ 8.3314989, 63.4478585 ], [ 8.4514605, 63.4182367 ], [ 9.0719436, 63.5129398 ], [ 9.1302178, 63.4804814 ], [ 9.1666367, 63.5626062 ], [ 9.111041, 63.6082274 ], [ 9.1571483, 63.6401556 ], [ 9.1494548, 63.664751599999988 ], [ 9.0588656, 63.6695494 ], [ 9.0150332, 63.6224036 ], [ 8.8251658, 63.6590861 ], [ 8.6794883, 63.6285737 ], [ 8.6922679, 63.6758156 ], [ 8.8224613, 63.713015199999987 ] ] ] ] } },
{ "type": "Feature", "properties": { "region": "NO07", "SampSize": 100.0, "F1_wgt_F1_wgt_Direct": 0.53080859200882091, "F1_wgt_F1_wgt_SD": 0.054470647909184988, "F1_wgt_F1_wgt_CV": 10.261824832760016, "F2_wgt_Direct": 0.52101849745026296, "F2_wgt_SD": 0.053312040406252911, "F2_wgt_CV": 10.232274030029451, "F3_wgt_Direct": 0.52491895486322682, "F3_wgt_SD": 0.053722919823311337, "F3_wgt_CV": 10.234517028882946, "F4_wgt_Direct": 0.44975138016322308, "F4_wgt_SD": 0.047224808217866017, "F4_wgt_CV": 10.500203067909936, "F5_wgt_Direct": 0.49004930105804129, "F5_wgt_SD": 0.05071005644560525, "F5_wgt_CV": 10.347949958528597 }, "geometry": { "type": "MultiPolygon", "coordinates": [ [ [ [ 25.749995, 70.9726366 ], [ 26.0300485, 70.9937339 ], [ 26.0604788, 71.0196253 ], [ 25.9773416, 71.0483696 ], [ 25.901149, 71.1188342 ], [ 25.7141177, 71.1530439 ], [ 25.3717166, 71.0767535 ], [ 25.3575022, 71.0468049 ], [ 25.3945451, 70.9730478 ], [ 25.2750257, 70.8647764 ], [ 24.9467215, 70.9434329 ], [ 24.6485315, 70.9655155 ], [ 24.6077128, 70.936905 ], [ 24.5514196, 70.8447633 ], [ 24.3987802, 70.8429258 ], [ 24.328679, 70.8043177 ], [ 24.3666492, 70.7661402 ], [ 24.5027144, 70.7242555 ], [ 24.5322645, 70.6783298 ], [ 24.2795934, 70.6405641 ], [ 24.1529865, 70.5135459 ], [ 24.0808674, 70.5346178 ], [ 24.0558027, 70.6213955 ], [ 23.9862474, 70.6836843 ], [ 23.8254231, 70.7276783 ], [ 23.7171632, 70.7143298 ], [ 23.6785491, 70.6264702 ], [ 23.7325955, 70.4796834 ], [ 23.300214, 70.2217871 ], [ 23.2768734, 70.0861049 ], [ 23.316666, 70.0087553 ], [ 23.2867905, 69.9869201 ], [ 23.110006, 69.9897619 ], [ 22.8493161, 70.1851955 ], [ 22.4692282, 70.2301329 ], [ 22.3007221, 70.1833508 ], [ 22.2071565, 70.2584059 ], [ 22.0562258, 70.2928612 ], [ 21.785063, 70.2278535 ], [ 21.5417601, 70.2808654 ], [ 21.3115332, 70.2120111 ], [ 21.485058, 70.1149091 ], [ 21.7567944, 70.0729532 ], [ 21.8961561, 70.0219088 ], [ 21.9515278, 69.8291307 ], [ 21.3587603, 69.9972057 ], [ 20.9735904, 69.834906 ], [ 20.8209377, 70.1364908 ], [ 20.7243536, 70.2040289 ], [ 20.5586607, 70.2062388 ], [ 20.4511899, 70.1591753 ], [ 20.4378067, 70.1006059 ], [ 20.682175, 70.0235718 ], [ 20.7714511, 69.8883979 ], [ 20.7359266, 69.8605344 ], [ 20.6576587, 69.9067483 ], [ 20.6010027, 69.8845941 ], [ 20.5179454, 69.7145235 ], [ 20.5066856, 69.587825 ], [ 20.3287003, 69.4782973 ], [ 20.2290339, 69.3985577 ], [ 20.1341222, 69.3699668 ], [ 20.1256239, 69.3968236 ], [ 20.1831988, 69.4782973 ], [ 20.2829127, 69.6247132 ], [ 20.3408918, 69.8195427 ], [ 20.3049015, 69.9254405 ], [ 20.1600286, 69.9158296 ], [ 19.8776387, 69.7646607 ], [ 19.8180445, 69.6990816 ], [ 19.7719242, 69.5839697 ], [ 19.6948009, 69.5191012 ], [ 19.6564899, 69.7789892 ], [ 19.2759936, 69.7702368 ], [ 19.0654242, 69.7073941 ], [ 19.0219011, 69.7467441 ], [ 19.0814775, 69.7941206 ], [ 19.3633085, 69.8496956 ], [ 19.6847887, 69.8702844 ], [ 19.7980323, 69.9764628 ], [ 19.6163514, 69.9694213 ], [ 19.5256677, 70.019626 ], [ 19.3471746, 70.0230918 ], [ 19.1924736, 70.0667544 ], [ 19.0089442, 70.0524085 ], [ 18.8289258, 70.1378457 ], [ 18.7179889, 70.0560067 ], [ 18.7869134, 69.9960399 ], [ 18.814445, 69.88407 ], [ 18.7399322, 69.846556 ], [ 18.6916117, 69.763334 ], [ 18.3738449, 69.7580866 ], [ 18.2495173, 69.716936 ], [ 18.1098351, 69.6223407 ], [ 18.2108427, 69.5423929 ], [ 18.4478924, 69.5222039 ], [ 18.4989267, 69.4782973 ], [ 18.6599926, 69.338995 ], [ 18.5173025, 69.3076552 ], [ 18.3364224, 69.4399357 ], [ 18.1844109, 69.4452685 ], [ 18.060759, 69.3195754 ], [ 18.0073483, 69.160957 ], [ 17.688984, 69.0899829 ], [ 17.4290024, 68.9218389 ], [ 17.2007666, 68.8932427 ], [ 17.2098624, 68.8400675 ], [ 17.3286843, 68.8127461 ], [ 17.1451824, 68.7167391 ], [ 16.670591, 68.6665746 ], [ 16.5314876, 68.7905858 ], [ 16.3386456, 68.8505117 ], [ 16.1867582, 68.8266129 ], [ 16.0617729, 68.7261889 ], [ 16.005573, 68.7555385 ], [ 15.9251816, 68.799337 ], [ 15.8950493, 68.9059532 ], [ 15.8339124, 68.9904089 ], [ 16.0794573, 69.1890299 ], [ 16.109669, 69.2497803 ], [ 16.0774835, 69.284968300000017 ], [ 15.8874099, 69.2410593 ], [ 15.5379985, 69.0459451 ], [ 15.4866769, 68.9450576 ], [ 15.5784692, 68.9185706 ], [ 15.5659137, 68.8446102 ], [ 15.4197254, 68.6556206 ], [ 15.204427, 68.5045894 ], [ 14.8792758, 68.4275109 ], [ 14.6046262, 68.4126892 ], [ 14.3797497, 68.3458013 ], [ 14.2628353, 68.2103075 ], [ 14.5694185, 68.2433182 ], [ 14.697729, 68.2871034 ], [ 14.8114804, 68.229499 ], [ 14.9844465, 68.3281858 ], [ 15.091005, 68.3118438 ], [ 15.3441644, 68.3816746 ], [ 15.6578471, 68.347916 ], [ 15.9856092, 68.4304616 ], [ 16.1439395, 68.5057414 ], [ 16.173196, 68.4418186 ], [ 16.2183583, 68.421888400000014 ], [ 16.589057, 68.456642 ], [ 16.9630982, 68.491709 ], [ 17.3137011, 68.433909500000013 ], [ 17.11338, 68.3746982 ], [ 16.92808, 68.3669214 ], [ 16.6196717, 68.4070736 ], [ 16.355926, 68.3595923 ], [ 16.2865273, 68.2741476 ], [ 16.3753835, 68.1889873 ], [ 16.3756625, 68.1220918 ], [ 16.2255984, 67.9741926 ], [ 16.1351461, 68.0493561 ], [ 16.0758745, 68.1844415 ], [ 16.0003935, 68.2220818 ], [ 15.7719021, 68.12455460000001 ], [ 15.584249, 68.1520092 ], [ 15.4665038, 68.1339239 ], [ 15.3709173, 68.0632288 ], [ 15.4027829, 68.0170376 ], [ 15.5163613, 68.0383549 ], [ 15.7793972, 68.0056609 ], [ 15.8586036, 67.9772829 ], [ 15.8319106, 67.9488933 ], [ 15.2419736, 67.9130321 ], [ 15.2229512, 67.9414937 ], [ 15.2626526, 67.982859 ], [ 15.2195373, 68.0117585 ], [ 15.1578032, 67.97733980000001 ], [ 15.0843319, 67.985292 ], [ 14.9951962, 67.9545385 ], [ 14.9863551, 67.9268169 ], [ 15.0746761, 67.8978316 ], [ 14.8687192, 67.8341929 ], [ 14.870321, 67.6962438 ], [ 15.0394444, 67.7048155 ], [ 15.3644751, 67.8074458 ], [ 15.4753763, 67.7945297 ], [ 15.4995857, 67.770339 ], [ 15.4855908, 67.7464744 ], [ 15.3087755, 67.6990974 ], [ 15.2306822, 67.6248992 ], [ 15.2747831, 67.565799200000015 ], [ 15.4179434, 67.4925284 ], [ 15.233951, 67.4938361 ], [ 15.0247474, 67.5694409 ], [ 14.7244623, 67.4892181 ], [ 14.4167435, 67.2925526 ], [ 14.781773, 67.2631015 ], [ 15.1135467, 67.3041387 ], [ 15.3859718, 67.2368844 ], [ 15.4304947, 67.1935874 ], [ 15.4269883, 67.1560342 ], [ 15.0367867, 67.2297287 ], [ 14.480268, 67.2105576 ], [ 14.2932212, 67.1496792 ], [ 14.1100122, 67.1265485 ], [ 13.9638787, 67.0172884 ], [ 13.616594, 66.9350474 ], [ 13.5999781, 66.903742 ], [ 13.6246965, 66.8208457 ], [ 13.5333743, 66.7499863 ], [ 13.3376824, 66.7402059 ], [ 13.2534334, 66.6150962 ], [ 13.3753424, 66.5381458 ], [ 13.2255142, 66.501998300000011 ], [ 13.1123251, 66.4738441 ], [ 13.0752793, 66.384594 ], [ 13.1949327, 66.3022494 ], [ 13.1954821, 66.2692689 ], [ 13.0173657, 66.1965388 ], [ 12.9976935, 66.2144309 ], [ 13.0236083, 66.255795 ], [ 12.9751701, 66.2546639 ], [ 12.7878857, 66.0474558 ], [ 12.6048879, 65.9963341 ], [ 12.4976551, 65.9316207 ], [ 12.600537, 65.8561813 ], [ 12.387039, 65.6155899 ], [ 12.4234764, 65.5679226 ], [ 12.5421502, 65.5155732 ], [ 12.5598203, 65.4737754 ], [ 12.461431, 65.4610539 ], [ 12.2883532, 65.518554 ], [ 12.2002689, 65.4382014 ], [ 12.1417945, 65.2858253 ], [ 12.2035365, 65.2672207 ], [ 12.3619344, 65.292628 ], [ 12.4322864, 65.1253791 ], [ 12.3466665, 65.1114203 ], [ 12.1805761, 65.1773737 ], [ 12.0461065, 65.06245 ], [ 12.0905395, 65.010344 ], [ 12.2287634, 64.974009 ], [ 12.5393369, 64.9795039 ], [ 12.6904942, 64.9473941 ], [ 12.8898755, 64.983339 ], [ 12.9662878, 65.0438263 ], [ 13.1447286, 65.1103646 ], [ 13.2255142, 65.1109614 ], [ 14.325985, 65.118916 ], [ 14.3652601, 65.2141173 ], [ 14.4683364, 65.2941411 ], [ 14.5028156, 65.3209091 ], [ 14.5074033, 65.5573262 ], [ 14.5428131, 65.6961366 ], [ 14.6179134, 65.8134875 ], [ 14.5875627, 65.8946454 ], [ 14.5315521, 66.1298269 ], [ 15.0214568, 66.1565245 ], [ 15.04726, 66.1579307 ], [ 15.460317, 66.2768246 ], [ 15.4539945, 66.3452335 ], [ 15.3873791, 66.4810182 ], [ 15.5230823, 66.5536181 ], [ 15.5518354, 66.5665626 ], [ 15.6295651, 66.601556 ], [ 15.8695371, 66.780487900000011 ], [ 16.0509717, 66.9172335 ], [ 16.3805644, 67.0498066 ], [ 16.391626, 67.2115647 ], [ 16.1019876, 67.4458452 ], [ 16.1667856, 67.516311 ], [ 16.3977382, 67.5353013 ], [ 16.4786842, 67.5834463 ], [ 16.5548894, 67.6722894 ], [ 16.7719366, 67.9253322 ], [ 17.1694537, 68.0475056 ], [ 17.2719474, 68.1124542 ], [ 17.3127186, 68.1123894 ], [ 17.5662331, 68.0560618 ], [ 17.9081854, 67.980084500000018 ], [ 18.1428797, 68.1969628 ], [ 18.1042293, 68.403603 ], [ 18.125925, 68.536516 ], [ 18.4089503, 68.5715807 ], [ 18.6280331, 68.5130267 ], [ 19.0289176, 68.5076083 ], [ 19.4756487, 68.4437748 ], [ 19.9401881, 68.3773965 ], [ 20.1265513, 68.4619276 ], [ 20.0263154, 68.5692817 ], [ 20.1940191, 68.6721917 ], [ 20.3066373, 68.8018074 ], [ 20.2877607, 68.9142024 ], [ 20.1970447, 69.0240517 ], [ 20.5486365, 69.0599685 ], [ 20.7329707, 69.1086207 ], [ 21.0480367, 69.0585219 ], [ 21.0778247, 69.1107712 ], [ 21.0266017, 69.2105065 ], [ 21.3044408, 69.307198500000013 ], [ 21.624865, 69.2707591 ], [ 21.9836115, 69.0728935 ], [ 22.3123767, 68.8431452 ], [ 22.4017801, 68.7265207 ], [ 22.548422, 68.7379517 ], [ 22.7952877, 68.6911362 ], [ 23.0343559, 68.6856384 ], [ 23.2186165, 68.640402 ], [ 23.6265494, 68.703299 ], [ 23.7840693, 68.8085885 ], [ 23.9066749, 68.8285893 ], [ 24.303146, 68.7201448 ], [ 24.6077128, 68.6673034 ], [ 24.7278043, 68.6464678 ], [ 24.894558, 68.5773299 ], [ 25.08671, 68.6434423 ], [ 25.1516475, 68.7725546 ], [ 25.2398858, 68.8319289 ], [ 25.4462109, 68.8926297 ], [ 25.6059369, 68.8989143 ], [ 25.7293945, 68.9898106 ], [ 25.7234567, 69.2550331 ], [ 25.8236402, 69.3864639 ], [ 25.8609968, 69.5234156 ], [ 25.9453619, 69.6039032 ], [ 25.9630136, 69.6901823 ], [ 26.340853, 69.8401947 ], [ 26.5098531, 69.9390301 ], [ 26.8142923, 69.9560038 ], [ 27.0867989, 69.9221277 ], [ 27.6463238, 70.0721345 ], [ 27.9149811, 70.086397 ], [ 28.0452476, 69.9863867 ], [ 28.4149698, 69.8227071 ], [ 29.1580673, 69.6578417 ], [ 29.2996662, 69.4785075 ], [ 29.1999419, 69.3904262 ], [ 28.8533059, 69.2181344 ], [ 28.8303221, 69.1207794 ], [ 28.92968, 69.051905 ], [ 29.0561947, 69.0247596 ], [ 29.2110878, 69.0999196 ], [ 29.2875356, 69.1895414 ], [ 29.2905558, 69.2723555 ], [ 29.3173593, 69.2966857 ], [ 29.5782381, 69.3248824 ], [ 29.7754425, 69.3945332 ], [ 29.9834824, 69.4150901 ], [ 30.07732140000001, 69.452798 ], [ 30.17125, 69.5552303 ], [ 30.1474543, 69.6495871 ], [ 30.5530182, 69.5415473 ], [ 30.8968178, 69.5531262 ], [ 30.939049, 69.6437948 ], [ 30.86536, 69.7595945 ], [ 30.5699154, 69.7978056 ], [ 30.4234169, 69.7783939 ], [ 30.2286795, 69.8472685 ], [ 30.0781682, 69.760879 ], [ 29.9969989, 69.7562049 ], [ 29.895369, 69.8668554 ], [ 29.7550169, 69.8672138 ], [ 29.5413437, 69.9726832 ], [ 29.1688416, 70.0306073 ], [ 28.8762358, 70.1272043 ], [ 28.9293337, 70.1494792 ], [ 30.0287831, 70.0852694 ], [ 30.2641626, 70.128957 ], [ 30.5625992, 70.2360247 ], [ 30.9410121, 70.291326400000017 ], [ 30.991055, 70.3462695 ], [ 30.9348873, 70.4130335 ], [ 30.5223785, 70.5299483 ], [ 30.2388333, 70.5378624 ], [ 30.2217551, 70.6167919 ], [ 30.0760553, 70.6803205 ], [ 29.8438083, 70.6724566 ], [ 29.6638466, 70.7140431 ], [ 29.3673221, 70.6929631 ], [ 29.2212302, 70.8192456 ], [ 28.933027, 70.8667541 ], [ 28.7623564, 70.8388946 ], [ 28.5981577, 70.7538537 ], [ 28.4078923, 70.4963775 ], [ 27.9470022, 70.4835045 ], [ 27.9598376, 70.5166131 ], [ 28.1429787, 70.5880677 ], [ 28.2154163, 70.6500826 ], [ 28.1801142, 70.6900256 ], [ 28.061967, 70.7092647 ], [ 28.0484274, 70.777509 ], [ 28.3234888, 70.8364007 ], [ 28.4522115, 70.9308203 ], [ 28.156948, 71.0634122 ], [ 27.864479, 71.0560112 ], [ 27.6596685, 71.0949795 ], [ 27.5687643, 71.0706556 ], [ 27.4944851, 71.0074137 ], [ 27.270192, 71.00319180000001 ], [ 27.2146012, 70.9728356 ], [ 27.2094755, 70.9353871 ], [ 27.3744132, 70.8905845 ], [ 27.4033322, 70.8596348 ], [ 27.3916734, 70.8370537 ], [ 27.1565984, 70.7151024 ], [ 27.089747, 70.6185088 ], [ 26.9377157, 70.4943205 ], [ 26.6119573, 70.4563984 ], [ 26.5767309, 70.4693015 ], [ 26.5839668, 70.5858016 ], [ 26.5559564, 70.6782082 ], [ 26.6507537, 70.7691488 ], [ 26.6802849, 70.8561817 ], [ 26.652478, 70.9085897 ], [ 26.5615956, 70.917381 ], [ 26.1545326, 70.7592138 ], [ 25.9204251, 70.5929539 ], [ 25.5180727, 70.3942226 ], [ 25.4051273, 70.2440503 ], [ 25.1332869, 70.0998331 ], [ 24.997394, 70.1074273 ], [ 24.9585481, 70.1684325 ], [ 25.1903325, 70.4099357 ], [ 25.2145886, 70.5448432 ], [ 25.6317454, 70.7332662 ], [ 25.7571613, 70.8288897 ], [ 25.7381381, 70.8628952 ], [ 25.5841831, 70.9205081 ], [ 25.749995, 70.9726366 ] ], [ [ 16.5780061, 68.5415735 ], [ 16.456952, 68.557358 ], [ 16.4894701, 68.5715302 ], [ 16.5091724, 68.6070709 ], [ 16.5514015, 68.6170434 ], [ 16.6179226, 68.5561347 ], [ 16.6124365, 68.5392384 ], [ 16.5795895, 68.541367 ], [ 16.5780061, 68.5415735 ] ] ], [ [ [ 30.0763998, 69.8520471 ], [ 30.0892137, 69.8727045 ], [ 30.0405859, 69.8946496 ], [ 30.0068564, 69.8610692 ], [ 30.0507251, 69.8352516 ], [ 30.0494515, 69.8051768 ], [ 30.0960933, 69.814114 ], [ 30.0763998, 69.8520471 ] ] ], [ [ [ 27.194887, 70.8165382 ], [ 27.1509999, 70.786200900000011 ], [ 27.2052355, 70.7669759 ], [ 27.230984, 70.7930287 ], [ 27.194887, 70.8165382 ] ] ], [ [ [ 25.8528155, 70.7101947 ], [ 25.7783228, 70.6920477 ], [ 25.7783228, 70.6761505 ], [ 25.8083208, 70.6645251 ], [ 25.8738528, 70.6867705 ], [ 25.8528155, 70.7101947 ] ] ], [ [ [ 25.3351607, 70.3020733 ], [ 25.2745568, 70.2886903 ], [ 25.2467103, 70.2535766 ], [ 25.2953936, 70.2432569 ], [ 25.3368778, 70.2660273 ], [ 25.3351607, 70.3020733 ] ] ], [ [ [ 25.0226162, 71.0367424 ], [ 24.9720266, 71.0498846 ], [ 24.9279205, 71.0257477 ], [ 24.9541955, 71.0011432 ], [ 25.0185331, 71.0034367 ], [ 25.0226162, 71.0367424 ] ] ], [ [ [ 24.803092, 71.0904542 ], [ 24.7224981, 71.1150735 ], [ 24.7193284, 71.0873574 ], [ 24.6694624, 71.0855793 ], [ 24.640836, 71.0636101 ], [ 24.7224981, 71.0305206 ], [ 24.8046662, 71.0736994 ], [ 24.803092, 71.0904542 ] ] ], [ [ [ 24.2536641, 70.9076693 ], [ 24.2065802, 70.8663183 ], [ 24.218948, 70.8467669 ], [ 24.2759568, 70.8718015 ], [ 24.2536641, 70.9076693 ] ] ], [ [ [ 24.0707127, 71.0931338 ], [ 24.0227229, 71.0818239 ], [ 24.0024955, 71.0610283 ], [ 23.956054, 71.0755085 ], [ 23.9519888, 71.0326262 ], [ 23.8890373, 71.0235666 ], [ 23.8783868, 70.9874601 ], [ 23.9076611, 70.984301 ], [ 23.9257782, 70.9332246 ], [ 24.0466415, 70.9133977 ], [ 24.081817, 70.9305572 ], [ 24.2053173, 70.9449372 ], [ 24.2055923, 70.9627916 ], [ 24.1409617, 70.9723426 ], [ 24.070146, 70.9698512 ], [ 24.055287, 71.0333743 ], [ 24.1096518, 71.050906 ], [ 24.1115482, 71.0839387 ], [ 24.0707127, 71.0931338 ] ] ], [ [ [ 23.5633397, 70.6041771 ], [ 23.4434631, 70.6225205 ], [ 23.4218288, 70.6169461 ], [ 23.4305617, 70.5662981 ], [ 23.2802744, 70.5445212 ], [ 23.2688114, 70.4852763 ], [ 23.1914886, 70.5366452 ], [ 23.0870684, 70.5012208 ], [ 23.0142335, 70.4981988 ], [ 22.926544, 70.4648977 ], [ 22.8888958, 70.4506004 ], [ 22.8774685, 70.4211162 ], [ 22.9062708, 70.3607079 ], [ 22.926544, 70.3584465 ], [ 23.0477235, 70.3449298 ], [ 23.0870684, 70.2886712 ], [ 23.2831951, 70.3018763 ], [ 23.621849, 70.4623091 ], [ 23.5556917, 70.5293899 ], [ 23.5633397, 70.6041771 ] ] ], [ [ [ 23.3485544, 70.8475855 ], [ 23.2458782, 70.7937376 ], [ 23.0681165, 70.8412739 ], [ 23.0615556, 70.7926483 ], [ 23.0997411, 70.7331171 ], [ 22.9871451, 70.6844538 ], [ 22.9265244, 70.7107624 ], [ 22.9749249, 70.7632614 ], [ 22.9265244, 70.7694299 ], [ 22.8855778, 70.734701 ], [ 22.7167737, 70.7463691 ], [ 22.7614209, 70.6699814 ], [ 22.7181408, 70.6385356 ], [ 22.6087571, 70.6558362 ], [ 22.5327297, 70.707953 ], [ 22.3875946, 70.6913496 ], [ 22.3425288, 70.6407533 ], [ 22.0566371, 70.6436835 ], [ 22.0321001, 70.62026 ], [ 22.0401147, 70.6111649 ], [ 22.2126755, 70.5925147 ], [ 22.1596831, 70.5170119 ], [ 22.1769765, 70.4911969 ], [ 22.496193, 70.503355200000016 ], [ 22.6398376, 70.541235 ], [ 22.9265244, 70.5410543 ], [ 23.0778542, 70.591912400000012 ], [ 23.1661053, 70.6771261 ], [ 23.2745736, 70.6976255 ], [ 23.4449114, 70.8000844 ], [ 23.3485544, 70.8475855 ] ] ], [ [ [ 23.2369912, 70.1524301 ], [ 23.1746883, 70.1554365 ], [ 23.1623343, 70.1405158 ], [ 23.1914548, 70.1239852 ], [ 23.2440371, 70.1241755 ], [ 23.2369912, 70.1524301 ] ] ], [ [ [ 22.7242418, 70.3517888 ], [ 22.6737424, 70.3859787 ], [ 22.5252402, 70.3565873 ], [ 22.4828742, 70.3701984 ], [ 22.3520156, 70.3355586 ], [ 22.4030518, 70.2971716 ], [ 22.5252402, 70.2738753 ], [ 22.7546402, 70.2473829 ], [ 22.926544, 70.2557571 ], [ 22.9705523, 70.2579009 ], [ 22.9751746, 70.2743229 ], [ 22.926544, 70.3074087 ], [ 22.8966105, 70.327774 ], [ 22.8069425, 70.3434692 ], [ 22.7720889, 70.3871455 ], [ 22.7242418, 70.3517888 ] ] ], [ [ [ 21.7836601, 70.3594665 ], [ 21.696256, 70.37269 ], [ 21.6861099, 70.2814548 ], [ 21.7306478, 70.2691426 ], [ 21.8000343, 70.32926 ], [ 21.7836601, 70.3594665 ] ] ], [ [ [ 21.6649679, 69.9503298 ], [ 21.6517846, 69.9340572 ], [ 21.7320817, 69.910919100000015 ], [ 21.745863, 69.9389319 ], [ 21.6649679, 69.9503298 ] ] ], [ [ [ 21.6248222, 70.0463623 ], [ 21.5781541, 70.0198401 ], [ 21.585344, 70.0117277 ], [ 21.688533, 69.9895142 ], [ 21.7159753, 70.0201894 ], [ 21.6248222, 70.0463623 ] ] ], [ [ [ 21.4350444, 70.3932741 ], [ 21.3935922, 70.355257 ], [ 21.4220656, 70.3263001 ], [ 21.4550854, 70.3616974 ], [ 21.4350444, 70.3932741 ] ] ], [ [ [ 21.2937497, 70.129324 ], [ 21.2800894, 70.1152496 ], [ 21.3646355, 70.0860827 ], [ 21.3811184, 70.1105409 ], [ 21.2937497, 70.129324 ] ] ], [ [ [ 21.2778212, 70.0558913 ], [ 21.2311886, 70.0572282 ], [ 21.1998962, 70.0378013 ], [ 21.2192923, 70.0212559 ], [ 21.291471, 70.0392474 ], [ 21.2778212, 70.0558913 ] ] ], [ [ [ 21.0453213, 69.9671086 ], [ 20.9769325, 69.927059 ], [ 20.9903539, 69.9154817 ], [ 21.0648423, 69.9362217 ], [ 21.0453213, 69.9671086 ] ] ], [ [ [ 20.99542, 70.0076422 ], [ 21.003159, 70.0431607 ], [ 20.9777629, 70.0533875 ], [ 20.9260734, 70.021288 ], [ 20.977248, 69.9748631 ], [ 21.0206209, 69.9844937 ], [ 20.99542, 70.0076422 ] ] ], [ [ [ 20.3479784, 69.6925999 ], [ 20.3194465, 69.6576415 ], [ 20.3633739, 69.6460703 ], [ 20.3989526, 69.6794314 ], [ 20.3479784, 69.6925999 ] ] ], [ [ [ 20.2818661, 70.2558646 ], [ 20.2619418, 70.2674833 ], [ 20.1915403, 70.3085375 ], [ 20.1691067, 70.3011116 ], [ 20.1861111, 70.2674833 ], [ 20.2073297, 70.2255209 ], [ 20.2353163, 70.2269416 ], [ 20.2818661, 70.2558646 ] ] ], [ [ [ 19.5826843, 70.2852573 ], [ 19.5162834, 70.2257683 ], [ 19.6586654, 70.165482 ], [ 19.7384339, 70.0604709 ], [ 19.9341046, 70.0516894 ], [ 20.0552697, 70.0910845 ], [ 20.0565786, 70.1076212 ], [ 20.016651, 70.1280205 ], [ 20.038727, 70.1589467 ], [ 20.0075463, 70.1764049 ], [ 19.9464996, 70.1430646 ], [ 19.840909, 70.2021578 ], [ 19.7726545, 70.1638977 ], [ 19.7608968, 70.2475433 ], [ 19.6845537, 70.2369955 ], [ 19.6441418, 70.282423 ], [ 19.5826843, 70.2852573 ] ] ], [ [ [ 19.8728805, 70.029225 ], [ 19.8576569, 70.014363 ], [ 19.867925, 70.0024829 ], [ 19.9418933, 69.9890237 ], [ 19.9451294, 70.0111432 ], [ 19.8728805, 70.029225 ] ] ], [ [ [ 19.4756487, 70.1419118 ], [ 19.3975948, 70.1631175 ], [ 19.340642, 70.1297918 ], [ 19.3655169, 70.1126088 ], [ 19.4756487, 70.0972045 ], [ 19.5543548, 70.0963937 ], [ 19.5742875, 70.1119984 ], [ 19.4756487, 70.1419118 ] ] ], [ [ [ 19.3834524, 70.0838913 ], [ 19.3428999, 70.0831726 ], [ 19.3279077, 70.0572621 ], [ 19.3683465, 70.0447099 ], [ 19.4053748, 70.0599353 ], [ 19.3834524, 70.0838913 ] ] ], [ [ [ 19.2275214, 70.1325824 ], [ 19.2262831, 70.1569785 ], [ 19.2542646, 70.1759486 ], [ 19.244905, 70.2311831 ], [ 19.1934305, 70.267666 ], [ 19.1546684, 70.2400716 ], [ 19.1136275, 70.2330766 ], [ 19.1228256, 70.2033803 ], [ 19.0283339, 70.1523614 ], [ 19.1165603, 70.1097497 ], [ 19.1901542, 70.1166333 ], [ 19.2275214, 70.1325824 ] ] ], [ [ [ 18.960705, 70.204343 ], [ 18.9391263, 70.1782174 ], [ 18.9644005, 70.1475054 ], [ 19.0095996, 70.1861508 ], [ 18.960705, 70.204343 ] ] ], [ [ [ 18.5698126, 70.0574929 ], [ 18.5149444, 70.0565515 ], [ 18.5181625, 70.0268603 ], [ 18.5477453, 70.0140131 ], [ 18.5775711, 70.035033 ], [ 18.5698126, 70.0574929 ] ] ], [ [ [ 18.5684297, 69.8563369 ], [ 18.5007896, 69.8636243 ], [ 18.453026, 69.8308434 ], [ 18.4621955, 69.8211751 ], [ 18.5742772, 69.8218019 ], [ 18.5684297, 69.8563369 ] ] ], [ [ [ 18.5037199, 70.0131968 ], [ 18.474973, 69.971657 ], [ 18.5281771, 69.9528976 ], [ 18.537718, 69.9819352 ], [ 18.5037199, 70.0131968 ] ] ], [ [ [ 17.7200708, 69.5716524 ], [ 17.6300838, 69.5325402 ], [ 17.5233168, 69.567013100000011 ], [ 17.5098187, 69.51045640000001 ], [ 17.377367, 69.517705 ], [ 17.2716475, 69.4782973 ], [ 17.2887909, 69.4258481 ], [ 16.9715829, 69.3914501 ], [ 16.9780687, 69.3174007 ], [ 17.0944103, 69.2613005 ], [ 17.0082052, 69.2169601 ], [ 17.0365724, 69.1579512 ], [ 16.845438, 69.1168859 ], [ 16.8198509, 69.0784296 ], [ 17.0441553, 69.0678844 ], [ 17.1197115, 69.0166895 ], [ 17.4544129, 69.1844846 ], [ 17.5802278, 69.1587845 ], [ 17.943227, 69.1803601 ], [ 17.9332027, 69.3174007 ], [ 18.0533757, 69.3708379 ], [ 18.0418192, 69.4175135 ], [ 17.9777785, 69.4349685 ], [ 18.0007512, 69.4782973 ], [ 17.8739085, 69.5555369 ], [ 17.7200708, 69.5716524 ] ] ], [ [ [ 17.4616211, 69.0296755 ], [ 17.5252741, 69.0442607 ], [ 17.5524571, 69.0659429 ], [ 17.5461611, 69.0863243 ], [ 17.4397794, 69.0842792 ], [ 17.4026186, 69.0743835 ], [ 17.3532341, 69.0319878 ], [ 17.3439123, 68.998956 ], [ 17.3742915, 68.9866577 ], [ 17.4131142, 68.9947324 ], [ 17.4616211, 69.0296755 ] ] ], [ [ [ 17.1171996, 68.7487051 ], [ 17.1711995, 68.7631314 ], [ 17.1853643, 68.7818751 ], [ 17.1120736, 68.8022078 ], [ 17.0329666, 68.8676791 ], [ 16.9786835, 68.8423729 ], [ 16.9225417, 68.7933895 ], [ 16.9200248, 68.777518 ], [ 16.8601053, 68.770202 ], [ 16.8407878, 68.7341934 ], [ 16.890128, 68.7256482 ], [ 16.9875832, 68.7421953 ], [ 17.1171996, 68.7487051 ] ] ], [ [ [ 16.7226687, 68.9047757 ], [ 16.6691673, 68.8872624 ], [ 16.6810848, 68.8576298 ], [ 16.741727, 68.8724981 ], [ 16.7226687, 68.9047757 ] ] ], [ [ [ 16.7309274, 68.9682739 ], [ 16.6752333, 68.9677081 ], [ 16.659798, 68.9531776 ], [ 16.6735678, 68.9273973 ], [ 16.7354398, 68.950696 ], [ 16.7309274, 68.9682739 ] ] ], [ [ [ 16.2800951, 68.9651023 ], [ 16.4660749, 68.8848457 ], [ 16.5907843, 68.8826234 ], [ 16.616496, 68.8971233 ], [ 16.6301696, 68.9382991 ], [ 16.6156989, 68.9607833 ], [ 16.5692523, 68.9876005 ], [ 16.5467924, 68.9533909 ], [ 16.3158763, 68.990203 ], [ 16.2800951, 68.9651023 ] ] ], [ [ [ 16.5480388, 69.0299561 ], [ 16.5388798, 69.0590757 ], [ 16.5055924, 69.0733679 ], [ 16.4984717, 69.0504671 ], [ 16.4638667, 69.0371618 ], [ 16.4418511, 68.9969693 ], [ 16.4749269, 68.9821055 ], [ 16.5370424, 68.9881925 ], [ 16.5480388, 69.0299561 ] ] ], [ [ [ 16.2697014, 68.9283823 ], [ 16.2347002, 68.9015796 ], [ 16.242431, 68.8859171 ], [ 16.2956071, 68.8768786 ], [ 16.3042582, 68.8895886 ], [ 16.2697014, 68.9283823 ] ] ], [ [ [ 16.1586844, 68.3564584 ], [ 16.0962095, 68.3577068 ], [ 16.0642149, 68.3428062 ], [ 16.0843132, 68.3324582 ], [ 16.1682398, 68.3326144 ], [ 16.1586844, 68.3564584 ] ] ], [ [ [ 15.3036273, 68.8614503 ], [ 15.2810479, 68.9202506 ], [ 15.1860535, 68.9341151 ], [ 15.1715711, 68.9993313 ], [ 15.116198, 69.0154956 ], [ 15.0247924, 68.9823993 ], [ 15.0663658, 68.8836951 ], [ 15.0357102, 68.8335144 ], [ 14.9654856, 68.9106205 ], [ 14.8749568, 68.9182828 ], [ 14.8690946, 68.888991 ], [ 14.9232439, 68.8316288 ], [ 14.8988399, 68.763323 ], [ 14.8065985, 68.8371295 ], [ 14.7489753, 68.827123 ], [ 14.719492, 68.7735271 ], [ 14.6771179, 68.8156657 ], [ 14.5990512, 68.773511 ], [ 14.5359992, 68.8047824 ], [ 14.4679006, 68.761809 ], [ 14.414261, 68.6804299 ], [ 14.4468239, 68.6180643 ], [ 14.5917986, 68.6257657 ], [ 14.6832337, 68.6738617 ], [ 14.7718558, 68.6690786 ], [ 14.9864688, 68.7195346 ], [ 15.0474591, 68.7573953 ], [ 15.1317069, 68.7455599 ], [ 15.1234454, 68.7167691 ], [ 14.8530833, 68.6415568 ], [ 14.8737258, 68.5788422 ], [ 14.6803109, 68.5830116 ], [ 14.6563408, 68.5510328 ], [ 14.8268129, 68.4971652 ], [ 14.9622871, 68.5337344 ], [ 14.9708318, 68.5505747 ], [ 14.9274695, 68.5664791 ], [ 14.9345695, 68.5830825 ], [ 15.0108882, 68.5622745 ], [ 15.4018432, 68.7047195 ], [ 15.3202043, 68.7674504 ], [ 15.3698118, 68.8420678 ], [ 15.3036273, 68.8614503 ] ] ], [ [ [ 15.0462238, 67.6629977 ], [ 14.9917934, 67.6727765 ], [ 14.9998554, 67.6208294 ], [ 15.0505978, 67.6368924 ], [ 15.0462238, 67.6629977 ] ] ], [ [ [ 14.6911799, 67.8472719 ], [ 14.6682528, 67.8102091 ], [ 14.7190295, 67.7921257 ], [ 14.7304236, 67.8319823 ], [ 14.6911799, 67.8472719 ] ] ], [ [ [ 14.6503504, 67.5666222 ], [ 14.5940768, 67.5431022 ], [ 14.5914683, 67.5240433 ], [ 14.618612, 67.5175564 ], [ 14.663335, 67.5398761 ], [ 14.6503504, 67.5666222 ] ] ], [ [ [ 14.384018, 67.3952592 ], [ 14.4132265, 67.4226448 ], [ 14.3815674, 67.4406156 ], [ 14.3387569, 67.433100200000013 ], [ 14.2478786, 67.3895205 ], [ 14.2608668, 67.376989 ], [ 14.3387569, 67.3863799 ], [ 14.384018, 67.3952592 ] ] ], [ [ [ 13.9232553, 68.3443264 ], [ 13.8050065, 68.2921869 ], [ 13.6123522, 68.2949045 ], [ 13.570784, 68.2679823 ], [ 13.5983078, 68.22962 ], [ 13.5201159, 68.2131348 ], [ 13.5323695, 68.1532175 ], [ 13.4705745, 68.0874211 ], [ 13.5375454, 68.0556783 ], [ 13.573375, 68.1224093 ], [ 13.6123522, 68.1248117 ], [ 13.7187541, 68.0849139 ], [ 13.7492786, 68.1318644 ], [ 13.8004495, 68.108685 ], [ 13.8523126, 68.1330467 ], [ 13.879756, 68.190492600000013 ], [ 14.0262621, 68.1901028 ], [ 14.1324964, 68.2414466 ], [ 14.2451229, 68.2687146 ], [ 14.2564451, 68.2988868 ], [ 14.1083849, 68.3426904 ], [ 14.0397328, 68.2773856 ], [ 13.9920818, 68.3350233 ], [ 13.9232553, 68.3443264 ] ] ], [ [ [ 14.102993, 67.4602804 ], [ 14.0618208, 67.4644338 ], [ 14.0472728, 67.4240621 ], [ 14.0760634, 67.4150153 ], [ 14.1086361, 67.4413435 ], [ 14.102993, 67.4602804 ] ] ], [ [ [ 13.9602813, 67.167768 ], [ 13.9602813, 67.1281482 ], [ 14.0085292, 67.126905100000016 ], [ 14.007565, 67.1717294 ], [ 13.9602813, 67.167768 ] ] ], [ [ [ 14.0021613, 67.269668 ], [ 13.9647972, 67.2879958 ], [ 13.9309723, 67.2262808 ], [ 13.9658287, 67.2319465 ], [ 14.0021613, 67.269668 ] ] ], [ [ [ 13.9537569, 67.4374305 ], [ 13.91758, 67.4221011 ], [ 13.9125523, 67.3903366 ], [ 13.9391561, 67.3873995 ], [ 13.978222, 67.412441 ], [ 13.9537569, 67.4374305 ] ] ], [ [ [ 13.8662396, 67.4332148 ], [ 13.8394186, 67.3927649 ], [ 13.8794201, 67.3767874 ], [ 13.9118121, 67.388962 ], [ 13.8662396, 67.4332148 ] ] ], [ [ [ 13.8827084, 67.0974899 ], [ 13.882766, 67.1277822 ], [ 13.8474509, 67.1353732 ], [ 13.8250857, 67.1119042 ], [ 13.8395548, 67.0926519 ], [ 13.7774361, 67.0806301 ], [ 13.7694015, 67.0551602 ], [ 13.8181079, 67.0551602 ], [ 13.8827084, 67.0974899 ] ] ], [ [ [ 13.7606253, 67.1804852 ], [ 13.7537203, 67.1965897 ], [ 13.7054386, 67.1825017 ], [ 13.69828, 67.1537568 ], [ 13.7216536, 67.1434471 ], [ 13.7573323, 67.1643421 ], [ 13.8006731, 67.140118 ], [ 13.8097953, 67.1759911 ], [ 13.7606253, 67.1804852 ] ] ], [ [ [ 13.4277907, 66.8461221 ], [ 13.3625467, 66.835078 ], [ 13.3475688, 66.820125 ], [ 13.3580986, 66.812068 ], [ 13.4719952, 66.8249616 ], [ 13.5333378, 66.8238905 ], [ 13.5415441, 66.8428286 ], [ 13.4277907, 66.8461221 ] ] ], [ [ [ 13.4439362, 66.9424431 ], [ 13.4027422, 66.9319908 ], [ 13.3974997, 66.9098585 ], [ 13.4027495, 66.8948888 ], [ 13.4686229, 66.9148186 ], [ 13.4439362, 66.9424431 ] ] ], [ [ [ 13.3343531, 68.159048 ], [ 13.3132174, 68.1334462 ], [ 13.3290704, 68.0894993 ], [ 13.2255142, 68.0929783 ], [ 13.1596966, 68.0534341 ], [ 13.1531871, 68.094648 ], [ 13.0970585, 68.1039751 ], [ 12.9699752, 68.0212264 ], [ 12.8715081, 67.9109035 ], [ 12.8531025, 67.9013478 ], [ 12.8321673, 67.8379848 ], [ 12.866149, 67.8292642 ], [ 13.0719105, 67.9109035 ], [ 13.0873061, 67.9497273 ], [ 13.1533266, 67.9574671 ], [ 13.2255142, 68.0210114 ], [ 13.2884495, 68.0094655 ], [ 13.3730997, 68.0351084 ], [ 13.4244546, 68.1386363 ], [ 13.3343531, 68.159048 ] ] ], [ [ [ 13.1009923, 66.8070042 ], [ 13.0870715, 66.7874888 ], [ 13.1347483, 66.736359 ], [ 13.1436509, 66.7886084 ], [ 13.1009923, 66.8070042 ] ] ], [ [ [ 13.1307448, 66.6425088 ], [ 13.0840881, 66.6165716 ], [ 13.1119852, 66.5707349 ], [ 13.1321205, 66.5852607 ], [ 13.1307448, 66.6425088 ] ] ], [ [ [ 13.0875963, 66.6945351 ], [ 12.9564127, 66.6800473 ], [ 12.9874507, 66.6133439 ], [ 12.9852793, 66.5557218 ], [ 13.0368522, 66.565387 ], [ 13.0875963, 66.6945351 ] ] ], [ [ [ 12.951106, 66.4252885 ], [ 12.8749979, 66.4529856 ], [ 12.8418683, 66.4421378 ], [ 12.8265639, 66.3781682 ], [ 12.9028644, 66.3840515 ], [ 12.951106, 66.4252885 ] ] ], [ [ [ 12.9362654, 66.6149283 ], [ 12.8792472, 66.5764877 ], [ 12.9369219, 66.5565562 ], [ 12.9485942, 66.5565562 ], [ 12.9362654, 66.6149283 ] ] ], [ [ [ 12.8876142, 66.2659759 ], [ 12.8275706, 66.3147014 ], [ 12.8275706, 66.2951398 ], [ 12.7317605, 66.2637179 ], [ 12.7739095, 66.2188761 ], [ 12.8410615, 66.222489600000017 ], [ 12.8876142, 66.2659759 ] ] ], [ [ [ 12.8081713, 66.5539295 ], [ 12.8269805, 66.5181554 ], [ 12.8724297, 66.5187459 ], [ 12.8749759, 66.5539295 ], [ 12.8418461, 66.5539295 ], [ 12.8239671, 66.5841481 ], [ 12.8081713, 66.5539295 ] ] ], [ [ [ 12.7009682, 66.1854721 ], [ 12.6814888, 66.1727294 ], [ 12.7009569, 66.1434509 ], [ 12.7690358, 66.1406941 ], [ 12.783054, 66.1607854 ], [ 12.7009682, 66.1854721 ] ] ], [ [ [ 12.7428617, 66.3472948 ], [ 12.6929987, 66.3450472 ], [ 12.6582805, 66.3127515 ], [ 12.6831302, 66.3020584 ], [ 12.7231583, 66.3199892 ], [ 12.7428617, 66.3472948 ] ] ], [ [ [ 12.7013094, 67.698584 ], [ 12.6293972, 67.6629125 ], [ 12.6471621, 67.6482642 ], [ 12.7022148, 67.6560665 ], [ 12.7013094, 67.698584 ] ] ], [ [ [ 12.6636153, 66.5665626 ], [ 12.6838613, 66.5904226 ], [ 12.6627674, 66.620519 ], [ 12.597733, 66.5854099 ], [ 12.6085549, 66.5665626 ], [ 12.6826185, 66.5113804 ], [ 12.6905011, 66.5248359 ], [ 12.6636153, 66.5665626 ] ] ], [ [ [ 12.6480207, 66.1054287 ], [ 12.6021353, 66.2184681 ], [ 12.559186, 66.2184681 ], [ 12.4900834, 66.1907532 ], [ 12.5090464, 66.1460462 ], [ 12.3963581, 66.0960176 ], [ 12.3457295, 66.0379751 ], [ 12.4016105, 66.0215711 ], [ 12.5225634, 66.0540863 ], [ 12.6480207, 66.1054287 ] ] ], [ [ [ 12.6042683, 67.6617593 ], [ 12.5591252, 67.661405 ], [ 12.5430508, 67.6438065 ], [ 12.5714933, 67.6223346 ], [ 12.6190396, 67.6361708 ], [ 12.6042683, 67.6617593 ] ] ], [ [ [ 12.5100194, 66.3868952 ], [ 12.4998139, 66.3369328 ], [ 12.5146744, 66.3206019 ], [ 12.5583091, 66.3706633 ], [ 12.5100194, 66.3868952 ] ] ], [ [ [ 12.5206589, 66.316925 ], [ 12.4793716, 66.2712385 ], [ 12.5297572, 66.26274 ], [ 12.5476597, 66.3080214 ], [ 12.5206589, 66.316925 ] ] ], [ [ [ 12.483704, 65.8055817 ], [ 12.3994025, 65.7689206 ], [ 12.4087552, 65.7536673 ], [ 12.4854534, 65.7746903 ], [ 12.483704, 65.8055817 ] ] ], [ [ [ 12.4469683, 65.8751847 ], [ 12.3847781, 65.8333998 ], [ 12.4062266, 65.8150558 ], [ 12.4455679, 65.8240819 ], [ 12.4469683, 65.8751847 ] ] ], [ [ [ 12.3023958, 66.3868101 ], [ 12.2981117, 66.3648456 ], [ 12.3415859, 66.3377283 ], [ 12.3702836, 66.3774131 ], [ 12.3023958, 66.3868101 ] ] ], [ [ [ 12.3638683, 65.8678164 ], [ 12.3436626, 65.8845256 ], [ 12.3140448, 65.8572414 ], [ 12.3187894, 65.8178742 ], [ 12.3474578, 65.8279605 ], [ 12.3638683, 65.8678164 ] ] ], [ [ [ 12.3185535, 66.1741041 ], [ 12.2727611, 66.1346417 ], [ 12.3328402, 66.1222356 ], [ 12.3492343, 66.1394228 ], [ 12.3185535, 66.1741041 ] ] ], [ [ [ 12.3259591, 66.0101051 ], [ 12.2408034, 65.9872009 ], [ 12.2281205, 65.9704709 ], [ 12.2399062, 65.9597172 ], [ 12.3384413, 65.9813302 ], [ 12.3259591, 66.0101051 ] ] ], [ [ [ 12.2861273, 66.2565301 ], [ 12.215803, 66.2515 ], [ 12.2088444, 66.2177661 ], [ 12.2805185, 66.2317515 ], [ 12.2861273, 66.2565301 ] ] ], [ [ [ 12.2781751, 65.8534795 ], [ 12.2791765, 65.8844587 ], [ 12.2301602, 65.8671065 ], [ 12.2020056, 65.8321899 ], [ 12.2115624, 65.7991864 ], [ 12.2429808, 65.786263 ], [ 12.2390624, 65.835269 ], [ 12.2781751, 65.8534795 ] ] ], [ [ [ 12.2254732, 66.0621688 ], [ 12.2139751, 66.0837708 ], [ 12.1803287, 66.0947588 ], [ 12.1652003, 66.0422767 ], [ 12.1939577, 66.0422767 ], [ 12.2254732, 66.0621688 ] ] ], [ [ [ 12.1620321, 66.0124413 ], [ 12.13625, 65.9802641 ], [ 12.1822643, 65.964548 ], [ 12.2061806, 66.0141529 ], [ 12.1620321, 66.0124413 ] ] ], [ [ [ 12.1869377, 65.639543 ], [ 12.1721158, 65.6577965 ], [ 12.1241567, 65.6179553 ], [ 12.1212939, 65.5907925 ], [ 12.1558681, 65.6023717 ], [ 12.1869377, 65.639543 ] ] ], [ [ [ 12.1488283, 65.9560246 ], [ 12.1142529, 65.9222474 ], [ 12.1339771, 65.8880443 ], [ 12.1757249, 65.9319462 ], [ 12.1488283, 65.9560246 ] ] ], [ [ [ 12.0652504, 65.4882146 ], [ 12.053435, 65.4730067 ], [ 12.1372753, 65.452592 ], [ 12.1393697, 65.4963898 ], [ 12.0652504, 65.4882146 ] ] ], [ [ [ 12.1103564, 65.7040608 ], [ 12.062028, 65.6821264 ], [ 12.062028, 65.6437722 ], [ 12.1302015, 65.6836831 ], [ 12.1103564, 65.7040608 ] ] ], [ [ [ 12.0919229, 65.4325997 ], [ 12.0679325, 65.4290793 ], [ 12.0256471, 65.4126409 ], [ 12.0365542, 65.3824393 ], [ 12.0679325, 65.4066491 ], [ 12.0951459, 65.3935605 ], [ 12.1229522, 65.4162626 ], [ 12.0919229, 65.4325997 ] ] ], [ [ [ 12.1141086, 65.8386319 ], [ 12.0806385, 65.8484707 ], [ 12.0705228, 65.8250107 ], [ 12.0736098, 65.7913772 ], [ 12.1130446, 65.7968427 ], [ 12.1141086, 65.8386319 ] ] ], [ [ [ 12.0968562, 67.5114603 ], [ 12.0476973, 67.5391408 ], [ 12.0487811, 67.4937321 ], [ 12.0746893, 67.478959100000012 ], [ 12.1062914, 67.495381 ], [ 12.0968562, 67.5114603 ] ] ], [ [ [ 12.0690059, 65.7908113 ], [ 12.0114072, 65.7736105 ], [ 12.0381252, 65.737182 ], [ 12.0742898, 65.7521567 ], [ 12.0690059, 65.7908113 ] ] ], [ [ [ 11.9892343, 66.0695093 ], [ 11.9975224, 66.0410201 ], [ 12.0437916, 66.0325439 ], [ 12.0465342, 66.0817681 ], [ 11.9892343, 66.0695093 ] ] ], [ [ [ 12.0049963, 65.23927230000001 ], [ 11.9634566, 65.2379043 ], [ 11.9618042, 65.2133225 ], [ 12.0230725, 65.2025209 ], [ 12.043869, 65.2133225 ], [ 12.0049963, 65.23927230000001 ] ] ], [ [ [ 11.9855044, 65.6293725 ], [ 12.0260799, 65.6604995 ], [ 12.0212439, 65.697693 ], [ 11.9468031, 65.7230014 ], [ 11.8072773, 65.6838579 ], [ 11.766856, 65.626343 ], [ 11.8710746, 65.5927606 ], [ 11.9468031, 65.610031 ], [ 11.9855044, 65.6293725 ] ] ], [ [ [ 12.00644, 65.1190916 ], [ 12.0063202, 65.1486446 ], [ 11.938759, 65.148924 ], [ 11.9333427, 65.1190916 ], [ 11.924039, 65.0678475 ], [ 11.9468031, 65.0735529 ], [ 11.9760523, 65.0726013 ], [ 12.0147334, 65.0830094 ], [ 12.00644, 65.1190916 ] ] ], [ [ [ 11.9879678, 65.359858 ], [ 11.9312284, 65.3486844 ], [ 11.9472838, 65.3070115 ], [ 11.9857233, 65.320295 ], [ 11.9879678, 65.359858 ] ] ], [ [ [ 11.7352977, 65.7729545 ], [ 11.6417208, 65.7465454 ], [ 11.6554292, 65.7328376 ], [ 11.7248292, 65.7377709 ], [ 11.7352977, 65.7729545 ] ] ], [ [ [ 11.7021314, 65.596447 ], [ 11.6675155, 65.5781498 ], [ 11.6614736, 65.5527259 ], [ 11.6997922, 65.5467585 ], [ 11.727725, 65.564098 ], [ 11.7021314, 65.596447 ] ] ] ] } },
{ "type": "Feature", "properties": { "region": "NO08", "SampSize": 430.0, "F1_wgt_F1_wgt_Direct": 0.53214283933772211, "F1_wgt_F1_wgt_SD": 0.026198233088993911, "F1_wgt_F1_wgt_CV": 4.9231580606438117, "F2_wgt_Direct": 0.54319516762020259, "F2_wgt_SD": 0.027022038752804119, "F2_wgt_CV": 4.9746463819239457, "F3_wgt_Direct": 0.52686235293855843, "F3_wgt_SD": 0.026203800349023969, "F3_wgt_CV": 4.9735571734957125, "F4_wgt_Direct": 0.45618319347932629, "F4_wgt_SD": 0.02312196844710256, "F4_wgt_CV": 5.0685708674952377, "F5_wgt_Direct": 0.49445602264109179, "F5_wgt_SD": 0.024630041327992468, "F5_wgt_CV": 4.9812400294839874 }, "geometry": { "type": "MultiPolygon", "coordinates": [ [ [ [ 8.5645949, 60.9992601 ], [ 8.3149482, 61.0830776 ], [ 8.251701, 61.073944 ], [ 8.2687333, 61.0308423 ], [ 8.2186044, 60.9766872 ], [ 8.148691, 60.9736649 ], [ 8.0321276, 60.8960716 ], [ 7.8269273, 60.9050078 ], [ 7.7223311, 60.8106795 ], [ 7.6990288, 60.7434406 ], [ 7.6035489, 60.7372989 ], [ 7.46964, 60.6755475 ], [ 7.619192, 60.6346837 ], [ 7.6412021, 60.5639498 ], [ 7.7240153, 60.5094629 ], [ 7.6681213, 60.295317 ], [ 7.4880405, 60.0988385 ], [ 7.6473402, 60.1249918 ], [ 7.8240567, 60.1077559 ], [ 8.1362396, 60.1846588 ], [ 8.7429596, 60.1760371 ], [ 8.9380257, 60.101741 ], [ 9.0091208, 59.9873588 ], [ 9.1767575, 59.9217987 ], [ 9.1851792, 59.8732562 ], [ 9.1924073, 59.8315937 ], [ 9.354251, 59.7808388 ], [ 9.3411991, 59.7012445 ], [ 9.3677648, 59.6825973 ], [ 9.4141953, 59.6500064 ], [ 9.5017885, 59.5392776 ], [ 9.481106, 59.4878571 ], [ 9.5502395, 59.4811977 ], [ 9.6583302, 59.4125258 ], [ 9.7780875, 59.412002 ], [ 9.793223, 59.4562706 ], [ 10.0217427, 59.4791808 ], [ 9.9500076, 59.5788069 ], [ 10.0033275, 59.6534005 ], [ 10.297479, 59.6886583 ], [ 10.3682603, 59.5362613 ], [ 10.3940821, 59.577491599999988 ], [ 10.380754, 59.6568295 ], [ 10.3198815, 59.6913435 ], [ 10.335642, 59.7124806 ], [ 10.4120218, 59.6765693 ], [ 10.4506768, 59.5437653 ], [ 10.5739003, 59.5584482 ], [ 10.5962524, 59.6399015 ], [ 10.4973145, 59.788338499999988 ], [ 10.5109954, 59.8442197 ], [ 10.5987101, 59.8732562 ], [ 10.64198, 59.9115085 ], [ 10.7445302, 59.8827681 ], [ 10.7609653, 59.8732562 ], [ 10.764788, 59.8295445 ], [ 10.7191886, 59.7757963 ], [ 10.6750047, 59.851966 ], [ 10.6328134, 59.836209 ], [ 10.5728875, 59.7385847 ], [ 10.6353205, 59.644657 ], [ 10.686118, 59.489407 ], [ 10.642328, 59.4812278 ], [ 10.6039907, 59.4326746 ], [ 10.6495891, 59.4120476 ], [ 10.6815073, 59.3200146 ], [ 10.7414596, 59.3326697 ], [ 10.7491313, 59.2923359 ], [ 10.7425689, 59.2308574 ], [ 10.7510051, 59.2160219 ], [ 10.8129491, 59.1642185 ], [ 10.8769247, 59.1737569 ], [ 10.8966294, 59.1597098 ], [ 10.8966371, 59.126621900000018 ], [ 10.8424802, 59.1063416 ], [ 10.8553721, 59.0780569 ], [ 11.0432378, 58.9982053 ], [ 11.0773515, 59.0221889 ], [ 11.0541616, 59.0848124 ], [ 10.9767673, 59.0928874 ], [ 10.9688057, 59.1702056 ], [ 11.1174188, 59.1113374 ], [ 11.1663724, 59.1474106 ], [ 11.2263684, 59.0977182 ], [ 11.3290112, 59.1161753 ], [ 11.370459, 59.1088424 ], [ 11.4253084, 59.0618146 ], [ 11.4254642, 59.040393099999989 ], [ 11.460827, 58.9886585 ], [ 11.4600463, 58.9517019 ], [ 11.463374, 58.8966653 ], [ 11.507084, 58.8829868 ], [ 11.6353646, 58.9037594 ], [ 11.6836949, 58.9517019 ], [ 11.7722318, 59.094078 ], [ 11.7882549, 59.2031568 ], [ 11.8261965, 59.23785 ], [ 11.8139509, 59.3380739 ], [ 11.6990403, 59.581165 ], [ 11.7223856, 59.6207573 ], [ 11.8018621, 59.644657 ], [ 11.9303014, 59.701733 ], [ 11.9269705, 59.790476 ], [ 11.839729, 59.840767 ], [ 11.8294803, 59.8732562 ], [ 11.8037325, 59.9548787 ], [ 11.8169087, 60.0443649 ], [ 11.5892975, 60.1694072 ], [ 11.5869038, 60.2684793 ], [ 11.4388906, 60.3432269 ], [ 11.3423458, 60.4532127 ], [ 11.2238566, 60.5023553 ], [ 11.2046555, 60.5660391 ], [ 11.153986, 60.605148 ], [ 11.0872817, 60.5233961 ], [ 10.9289441, 60.4795201 ], [ 10.7079116, 60.5097801 ], [ 10.7117938, 60.43606 ], [ 10.8696971, 60.4084794 ], [ 10.923807, 60.3521743 ], [ 10.8780486, 60.311361 ], [ 10.366276, 60.320975499999989 ], [ 10.3884875, 60.3752255 ], [ 10.3388745, 60.366141 ], [ 10.2612045, 60.3936225 ], [ 10.2020765, 60.3923005 ], [ 10.1978034, 60.391696 ], [ 10.1509645, 60.5188174 ], [ 10.0428017, 60.6233687 ], [ 9.9461513, 60.6318248 ], [ 9.8625959, 60.5738683 ], [ 9.8164466, 60.5540308 ], [ 9.8064645, 60.4570577 ], [ 9.6336683, 60.4965318 ], [ 9.5918243, 60.5348256 ], [ 9.4519129, 60.5383682 ], [ 9.3677648, 60.6528108 ], [ 9.2907705, 60.757524 ], [ 8.8793801, 60.8945897 ], [ 8.6574724, 60.9367215 ], [ 8.5645949, 60.9992601 ] ] ] ] } },
{ "type": "Feature", "properties": { "region": "NO09", "SampSize": 204.0, "F1_wgt_F1_wgt_Direct": 0.52801598341592992, "F1_wgt_F1_wgt_SD": 0.037733566182771981, "F1_wgt_F1_wgt_CV": 7.146292416880951, "F2_wgt_Direct": 0.53094271200325227, "F2_wgt_SD": 0.038310442809798229, "F2_wgt_CV": 7.2155511213728758, "F3_wgt_Direct": 0.49648118863774182, "F3_wgt_SD": 0.035998493412062987, "F3_wgt_CV": 7.2507265604234901, "F4_wgt_Direct": 0.44080320021911751, "F4_wgt_SD": 0.032597780398391188, "F4_wgt_CV": 7.3950870552181254, "F5_wgt_Direct": 0.4812284267848681, "F5_wgt_SD": 0.03494486555233707, "F5_wgt_CV": 7.2615962830390082 }, "geometry": { "type": "MultiPolygon", "coordinates": [ [ [ [ 10.5577336, 59.2119924 ], [ 10.5071608, 59.1900276 ], [ 10.5361746, 59.1553304 ], [ 10.5756887, 59.1829807 ], [ 10.5577336, 59.2119924 ] ] ], [ [ [ 8.1362396, 60.1846588 ], [ 7.8240567, 60.1077559 ], [ 7.6473402, 60.1249918 ], [ 7.4880405, 60.0988385 ], [ 7.4208183, 60.016807 ], [ 7.2308152, 59.9589527 ], [ 7.1653773, 59.8732562 ], [ 7.0962875, 59.782777 ], [ 7.1208424, 59.7027284 ], [ 7.2146665, 59.672687 ], [ 7.1001313, 59.6500064 ], [ 7.0861508, 59.6198875 ], [ 7.0438777, 59.5889359 ], [ 6.995908, 59.5872178 ], [ 6.9765876, 59.5486819 ], [ 7.0073704, 59.4735775 ], [ 6.9121621, 59.4289004 ], [ 6.8288665, 59.2990804 ], [ 6.8466656, 59.1926774 ], [ 6.9391725, 59.1819155 ], [ 6.8721077, 59.0986155 ], [ 6.5836083, 58.9116767 ], [ 6.537367, 58.7788844 ], [ 6.591686, 58.7033114 ], [ 6.507145, 58.6482578 ], [ 6.588972, 58.5790884 ], [ 6.6150488, 58.4288619 ], [ 6.5590214, 58.3356082 ], [ 6.438414, 58.2907267 ], [ 6.5618527, 58.2186142 ], [ 6.6774766, 58.2062628 ], [ 6.6122253, 58.1340524 ], [ 6.6337708, 58.085451 ], [ 6.9353696, 58.0580735 ], [ 7.0757682, 58.0043032 ], [ 7.1814318, 58.0298708 ], [ 7.5479581, 57.980015599999987 ], [ 7.7667574, 58.0580952 ], [ 8.0120094, 58.0649657 ], [ 8.0295329, 58.1216998 ], [ 8.1195252, 58.105627 ], [ 8.185152, 58.1429415 ], [ 8.2642102, 58.137113 ], [ 8.3967798, 58.2363608 ], [ 8.5210426, 58.2630812 ], [ 8.7405569, 58.4073382 ], [ 8.902778, 58.4704588 ], [ 9.2032794, 58.68265479999998 ], [ 9.1778607, 58.738667199999988 ], [ 9.365971, 58.771349 ], [ 9.5098516, 58.8476618 ], [ 9.605575, 58.936401 ], [ 9.839197, 59.044179 ], [ 9.8724131, 58.9696915 ], [ 9.9944946, 58.9775999 ], [ 10.0347637, 58.9921502 ], [ 10.047851, 59.0344792 ], [ 10.1976575, 59.0283926 ], [ 10.3200878, 59.1443103 ], [ 10.4215442, 59.0646757 ], [ 10.4747014, 59.1164978 ], [ 10.42855, 59.1396367 ], [ 10.4739025, 59.1733464 ], [ 10.4703924, 59.227215 ], [ 10.5081073, 59.2645319 ], [ 10.4799779, 59.4276165 ], [ 10.3770411, 59.455096 ], [ 10.3008972, 59.5174166 ], [ 10.3682603, 59.5362613 ], [ 10.297479, 59.6886583 ], [ 10.0033275, 59.6534005 ], [ 9.9500076, 59.5788069 ], [ 10.0217427, 59.4791808 ], [ 9.793223, 59.4562706 ], [ 9.7780875, 59.412002 ], [ 9.6583302, 59.4125258 ], [ 9.5502395, 59.4811977 ], [ 9.481106, 59.4878571 ], [ 9.5017885, 59.5392776 ], [ 9.4141953, 59.6500064 ], [ 9.3677648, 59.6825973 ], [ 9.3411991, 59.7012445 ], [ 9.354251, 59.7808388 ], [ 9.1924073, 59.8315937 ], [ 9.1851792, 59.8732562 ], [ 9.1767575, 59.9217987 ], [ 9.0091208, 59.9873588 ], [ 8.9380257, 60.101741 ], [ 8.7429596, 60.1760371 ], [ 8.1362396, 60.1846588 ] ] ] ] } },
{ "type": "Feature", "properties": { "region": "NO0A", "SampSize": 317.0, "F1_wgt_F1_wgt_Direct": 0.52615075400921096, "F1_wgt_F1_wgt_SD": 0.030253358299070759, "F1_wgt_F1_wgt_CV": 5.749941070794538, "F2_wgt_Direct": 0.54098070921225505, "F2_wgt_SD": 0.031251911845660507, "F2_wgt_CV": 5.7768994926210491, "F3_wgt_Direct": 0.5028392219437896, "F3_wgt_SD": 0.029039595340100779, "F3_wgt_CV": 5.7751253428172324, "F4_wgt_Direct": 0.44097051702585882, "F4_wgt_SD": 0.026051193822002178, "F4_wgt_CV": 5.9076951442707273, "F5_wgt_Direct": 0.48384811313434117, "F5_wgt_SD": 0.02810957554026923, "F5_wgt_CV": 5.809586681691691 }, "geometry": { "type": "MultiPolygon", "coordinates": [ [ [ [ 8.8175071, 63.1982831 ], [ 8.832189, 63.20198 ], [ 8.851695, 63.2302986 ], [ 8.8288397, 63.2669075 ], [ 8.8776382, 63.3505473 ], [ 8.7551115, 63.424341 ], [ 8.5257931, 63.355865 ], [ 8.3984749, 63.2797379 ], [ 8.0074288, 63.1817704 ], [ 8.1742365, 63.1306775 ], [ 8.2678116, 63.039527 ], [ 8.424239, 62.955166299999988 ], [ 8.4374756, 62.8879083 ], [ 8.3508262, 62.9107061 ], [ 8.0975232, 63.0678851 ], [ 7.9869569, 63.0468302 ], [ 7.9966864, 63.004837 ], [ 8.2151684, 62.8397749 ], [ 8.2014492, 62.82077 ], [ 8.010549, 62.9399343 ], [ 7.7673, 62.9795713 ], [ 7.7621499, 63.0106919 ], [ 7.8123184, 63.0708011 ], [ 7.8009378, 63.0980293 ], [ 7.5602723, 63.0785164 ], [ 7.1917512, 62.9737628 ], [ 7.0021177, 62.8757276 ], [ 7.064437, 62.7543366 ], [ 7.3256456, 62.746907899999989 ], [ 7.520634, 62.6973868 ], [ 7.4862193, 62.577658 ], [ 7.0272484, 62.6325343 ], [ 6.6980368, 62.6292326 ], [ 6.3427073, 62.580464 ], [ 6.2091315, 62.455287 ], [ 6.2981364, 62.4192032 ], [ 6.7679419, 62.4590816 ], [ 6.9276298, 62.3936686 ], [ 7.0305322, 62.312714899999989 ], [ 7.0337977, 62.2710175 ], [ 6.9777901, 62.2840306 ], [ 6.8503631, 62.3991178 ], [ 6.6623656, 62.4218329 ], [ 6.496082, 62.3761138 ], [ 6.4404022, 62.2973006 ], [ 6.2578143, 62.3317931 ], [ 6.0818581, 62.275834 ], [ 5.9518813, 62.1349431 ], [ 5.8444232, 62.2025137 ], [ 6.0072523, 62.3368945 ], [ 5.9865266, 62.3879826 ], [ 5.9202949, 62.401599399999988 ], [ 5.6098062, 62.2977644 ], [ 5.4963869, 62.1403391 ], [ 5.491458, 62.0147875 ], [ 5.283821, 62.1562973 ], [ 5.1885871, 62.1742281 ], [ 5.170078, 62.1279401 ], [ 5.2613953, 62.0715727 ], [ 5.2746318, 62.0227368 ], [ 5.0585386, 61.9918992 ], [ 4.9112627, 61.8480539 ], [ 4.9192999, 61.7862444 ], [ 5.0801898, 61.7846435 ], [ 5.0218385, 61.7072728 ], [ 5.0231125, 61.6461085 ], [ 5.16813, 61.5796284 ], [ 5.2223876, 61.5136013 ], [ 4.967798, 61.363278 ], [ 5.0138978, 61.3172164 ], [ 5.0287264, 61.2431949 ], [ 5.1111218, 61.1863187 ], [ 5.4112415, 61.0886358 ], [ 5.9114677, 61.1710524 ], [ 6.4298466, 61.1256333 ], [ 6.5120595, 61.1560616 ], [ 6.5917958, 61.2465432 ], [ 7.0553181, 61.0858719 ], [ 7.009886, 61.0498976 ], [ 6.8395166, 61.1318393 ], [ 6.7164254, 61.1532654 ], [ 6.4070753, 61.0666529 ], [ 5.913642, 61.1190572 ], [ 5.4613004, 61.0378739 ], [ 5.1151889, 61.0529211 ], [ 4.8253463, 60.9474195 ], [ 4.8887334, 60.8790604 ], [ 5.140299, 60.8402525 ], [ 5.2439032, 60.7940238 ], [ 5.2630272, 60.7593422 ], [ 4.9974508, 60.8045275 ], [ 4.8927096, 60.7728197 ], [ 5.0846531, 60.4473039 ], [ 4.9949415, 60.3591313 ], [ 5.0102271, 60.246497299999987 ], [ 5.1004129, 60.2236635 ], [ 5.2030218, 60.2791331 ], [ 5.4076538, 60.1770119 ], [ 5.5937505, 60.2431005 ], [ 5.6868908, 60.1266044 ], [ 5.6233076, 60.0690523 ], [ 5.4070761, 60.0310177 ], [ 5.1760653, 59.858898799999977 ], [ 5.2179699, 59.6623059 ], [ 5.366002, 59.7700561 ], [ 5.4723133, 59.801386 ], [ 5.5322941, 59.8766525 ], [ 5.6046704, 59.8872185 ], [ 5.7022004, 59.9636945 ], [ 5.8709993, 60.039407 ], [ 5.9770214, 60.1264336 ], [ 6.0356833, 60.2271554 ], [ 6.1897229, 60.330058 ], [ 6.2984601, 60.34817 ], [ 6.0314204, 60.0253734 ], [ 5.7492991, 59.849989 ], [ 5.7654343, 59.7777874 ], [ 5.9073127, 59.7542427 ], [ 5.8239725, 59.645923 ], [ 5.5958313, 59.6720644 ], [ 5.5626763, 59.6438289 ], [ 5.547249, 59.5495917 ], [ 5.4572335, 59.4980065 ], [ 5.5258911, 59.571942699999987 ], [ 5.5142682, 59.7106484 ], [ 5.2584921, 59.5487896 ], [ 5.3028755, 59.481168 ], [ 5.216367, 59.3552161 ], [ 5.2031804, 59.2373607 ], [ 5.2418731, 59.180898 ], [ 5.3558542, 59.2770461 ], [ 5.3981538, 59.2688303 ], [ 5.4457619, 59.2105765 ], [ 5.5793277, 59.2909328 ], [ 5.6774823, 59.2831644 ], [ 5.8147916, 59.3528213 ], [ 5.8646225, 59.478227100000012 ], [ 5.9408467, 59.4610155 ], [ 6.0736283, 59.2896314 ], [ 5.9858584, 59.2638794 ], [ 5.9442083, 59.2204049 ], [ 6.0019442, 59.1515529 ], [ 5.9428674, 59.0649176 ], [ 6.0026803, 58.9425581 ], [ 5.790801, 58.9430162 ], [ 5.7205029, 58.9964372 ], [ 5.6248557, 58.9976855 ], [ 5.548792, 58.7137086 ], [ 5.6655676, 58.572335 ], [ 5.8821092, 58.4453247 ], [ 6.296961, 58.3081574 ], [ 6.438414, 58.2907267 ], [ 6.5590214, 58.3356082 ], [ 6.6150488, 58.4288619 ], [ 6.588972, 58.5790884 ], [ 6.507145, 58.6482578 ], [ 6.591686, 58.7033114 ], [ 6.537367, 58.7788844 ], [ 6.5836083, 58.9116767 ], [ 6.8721077, 59.0986155 ], [ 6.9391725, 59.1819155 ], [ 6.8466656, 59.1926774 ], [ 6.8288665, 59.2990804 ], [ 6.9121621, 59.4289004 ], [ 7.0073704, 59.4735775 ], [ 6.9765876, 59.5486819 ], [ 6.995908, 59.5872178 ], [ 7.0438777, 59.5889359 ], [ 7.0861508, 59.6198875 ], [ 7.1001313, 59.6500064 ], [ 7.2146665, 59.672687 ], [ 7.1208424, 59.7027284 ], [ 7.0962875, 59.782777 ], [ 7.1653773, 59.8732562 ], [ 7.2308152, 59.9589527 ], [ 7.4208183, 60.016807 ], [ 7.4880405, 60.0988385 ], [ 7.6681213, 60.295317 ], [ 7.7240153, 60.5094629 ], [ 7.6412021, 60.5639498 ], [ 7.619192, 60.6346837 ], [ 7.46964, 60.6755475 ], [ 7.6035489, 60.7372989 ], [ 7.6990288, 60.7434406 ], [ 7.7223311, 60.8106795 ], [ 7.8269273, 60.9050078 ], [ 8.0321276, 60.8960716 ], [ 8.148691, 60.9736649 ], [ 8.2186044, 60.9766872 ], [ 8.2687333, 61.0308423 ], [ 8.251701, 61.073944 ], [ 8.1986211, 61.0954005 ], [ 8.1773663, 61.1074977 ], [ 8.0869168, 61.158977 ], [ 8.0548852, 61.2222795 ], [ 8.2346835, 61.327827899999988 ], [ 8.1644619, 61.3755564 ], [ 8.1559779, 61.4158349 ], [ 8.3062061, 61.450609 ], [ 8.2752892, 61.5154773 ], [ 8.2130593, 61.542775 ], [ 8.1035505, 61.5269344 ], [ 7.9592135, 61.5577333 ], [ 7.9034626, 61.6418135 ], [ 7.9000265, 61.7173058 ], [ 7.8561104, 61.7381255 ], [ 7.5232281, 61.7337305 ], [ 7.4196403, 61.8560354 ], [ 7.3894346, 61.9854344 ], [ 7.349109, 62.007682 ], [ 7.4234699, 62.0885708 ], [ 7.5895599, 62.0714492 ], [ 7.6148823, 62.127924 ], [ 7.7369978, 62.1819797 ], [ 7.9814672, 62.1811193 ], [ 8.151634, 62.3011622 ], [ 8.2618905, 62.3446517 ], [ 9.062062, 62.3726085 ], [ 9.1639845, 62.4325604 ], [ 9.2108259, 62.550143 ], [ 8.9886483, 62.7115255 ], [ 9.3677648, 62.8188393 ], [ 9.4376629, 62.8372727 ], [ 9.440258, 62.9436263 ], [ 9.4863551, 63.0024299 ], [ 9.449674, 63.0758782 ], [ 9.4609852, 63.1644433 ], [ 9.3677648, 63.1927561 ], [ 9.3340708, 63.2029896 ], [ 9.1651749, 63.1743115 ], [ 9.1421854, 63.1340542 ], [ 8.8864204, 63.1197227 ], [ 8.7645885, 63.1845834 ], [ 8.8175071, 63.1982831 ] ] ], [ [ [ 8.0900839, 63.4657875 ], [ 7.9783624, 63.4850994 ], [ 7.9509347, 63.4457638 ], [ 7.7835535, 63.4050726 ], [ 7.7902799, 63.3668433 ], [ 7.8210608, 63.3442718 ], [ 7.8148146, 63.318875299999988 ], [ 7.938909, 63.3436358 ], [ 7.9919039, 63.2853869 ], [ 8.0900839, 63.2945188 ], [ 8.0900839, 63.3181899 ], [ 8.1563501, 63.300299 ], [ 8.1636925, 63.3436358 ], [ 8.1851862, 63.3449367 ], [ 8.2049371, 63.301613 ], [ 8.241642, 63.3223364 ], [ 8.238507, 63.3521356 ], [ 8.2080071, 63.3521356 ], [ 8.1955941, 63.3990934 ], [ 8.0900839, 63.4657875 ] ] ], [ [ [ 7.6115967, 63.2127674 ], [ 7.5683255, 63.2265399 ], [ 7.5309389, 63.1960365 ], [ 7.5511565, 63.1823996 ], [ 7.6064938, 63.1975985 ], [ 7.6115967, 63.2127674 ] ] ], [ [ [ 7.3306524, 62.6697093 ], [ 7.2675018, 62.6819055 ], [ 7.2153273, 62.664055 ], [ 7.2369794, 62.649926199999989 ], [ 7.3290711, 62.6515218 ], [ 7.3306524, 62.6697093 ] ] ], [ [ [ 6.9287, 62.8523813 ], [ 6.8168654, 62.8477544 ], [ 6.7920834, 62.8015475 ], [ 6.8911487, 62.7770205 ], [ 6.9588621, 62.826647 ], [ 6.9287, 62.8523813 ] ] ], [ [ [ 6.9054962, 62.7476276 ], [ 6.744069, 62.7276002 ], [ 6.7085933, 62.740339 ], [ 6.6787898, 62.730970899999988 ], [ 6.69315, 62.6994121 ], [ 6.6557171, 62.6761795 ], [ 6.6789296, 62.660961 ], [ 6.92957, 62.7051267 ], [ 6.9397243, 62.7325401 ], [ 6.9054962, 62.7476276 ] ] ], [ [ [ 6.6399368, 62.6942424 ], [ 6.6145519, 62.6942748 ], [ 6.5727888, 62.6630859 ], [ 6.592706, 62.6511353 ], [ 6.6454691, 62.6607836 ], [ 6.6399368, 62.6942424 ] ] ], [ [ [ 6.4485088, 62.7895616 ], [ 6.4188533, 62.7415462 ], [ 6.4525642, 62.7213936 ], [ 6.4923426, 62.7521607 ], [ 6.4485088, 62.7895616 ] ] ], [ [ [ 6.4358458, 62.7125316 ], [ 6.3672126, 62.714191 ], [ 6.3560727, 62.701220199999987 ], [ 6.3730957, 62.6850386 ], [ 6.4386819, 62.6875953 ], [ 6.4358458, 62.7125316 ] ] ], [ [ [ 6.2680442, 62.6942423 ], [ 6.2493815, 62.6787294 ], [ 6.3319992, 62.6472178 ], [ 6.3335927, 62.6799 ], [ 6.2680442, 62.6942423 ] ] ], [ [ [ 6.208119, 62.6742297 ], [ 6.2019033, 62.6945028 ], [ 6.1572403, 62.6677527 ], [ 6.2496539, 62.6316987 ], [ 6.262898, 62.6442542 ], [ 6.208119, 62.6742297 ] ] ], [ [ [ 6.1921873, 62.6363502 ], [ 6.1329586, 62.6289292 ], [ 6.1436018, 62.61368 ], [ 6.2088575, 62.5977468 ], [ 6.2190438, 62.6220999 ], [ 6.1921873, 62.6363502 ] ] ], [ [ [ 6.1191971, 62.5992575 ], [ 6.0554594, 62.5597358 ], [ 6.1140552, 62.5368603 ], [ 6.0963427, 62.4959023 ], [ 6.1557265, 62.5039635 ], [ 6.1191971, 62.5992575 ] ] ], [ [ [ 5.9938913, 62.4950512 ], [ 5.9511781, 62.5007391 ], [ 5.9406415, 62.4535093 ], [ 6.0016118, 62.464312 ], [ 5.9938913, 62.4950512 ] ] ], [ [ [ 5.9269555, 59.1602672 ], [ 5.8689872, 59.123325 ], [ 5.8890233, 59.1023187 ], [ 5.951383, 59.1428299 ], [ 5.9269555, 59.1602672 ] ] ], [ [ [ 5.8638599, 59.2900918 ], [ 5.8417274, 59.2611764 ], [ 5.7881529, 59.270270499999981 ], [ 5.7702615, 59.2499578 ], [ 5.807984, 59.2322939 ], [ 5.8666089, 59.2394854 ], [ 5.8976308, 59.2696742 ], [ 5.8638599, 59.2900918 ] ] ], [ [ [ 5.8789396, 59.1870486 ], [ 5.8114333, 59.2049709 ], [ 5.8081449, 59.172323 ], [ 5.7680999, 59.1549323 ], [ 5.7940077, 59.137135 ], [ 5.8719224, 59.1504824 ], [ 5.8789396, 59.1870486 ] ] ], [ [ [ 5.5641559, 59.108416299999988 ], [ 5.6042014, 59.0962484 ], [ 5.6380806, 59.0384284 ], [ 5.6704452, 59.0291329 ], [ 5.6984345, 59.0547448 ], [ 5.6874573, 59.088188 ], [ 5.7762299, 59.0822188 ], [ 5.7454379, 59.125677 ], [ 5.6995073, 59.1167281 ], [ 5.6042014, 59.1433986 ], [ 5.5641559, 59.108416299999988 ] ] ], [ [ [ 5.6485379, 59.7513556 ], [ 5.6355746, 59.7179217 ], [ 5.6833337, 59.7031372 ], [ 5.7052226, 59.7373649 ], [ 5.6485379, 59.7513556 ] ] ], [ [ [ 5.6154753, 62.419787799999987 ], [ 5.5901545, 62.3885382 ], [ 5.6361417, 62.3594933 ], [ 5.6528735, 62.4007918 ], [ 5.6154753, 62.419787799999987 ] ] ], [ [ [ 5.5762889, 62.3513696 ], [ 5.5336022, 62.3758723 ], [ 5.5064626, 62.3429973 ], [ 5.5328394, 62.3278364 ], [ 5.5729473, 62.3337468 ], [ 5.5762889, 62.3513696 ] ] ], [ [ [ 5.372358, 62.2603118 ], [ 5.395507, 62.2389195 ], [ 5.4478198, 62.2357467 ], [ 5.4361967, 62.2791426 ], [ 5.372358, 62.2603118 ] ] ], [ [ [ 5.3697727, 62.2333815 ], [ 5.3562777, 62.215750899999989 ], [ 5.3900958, 62.1790142 ], [ 5.4363364, 62.2001174 ], [ 5.3697727, 62.2333815 ] ] ], [ [ [ 5.388432, 59.086630899999989 ], [ 5.3640556, 59.0584751 ], [ 5.4130526, 59.0223847 ], [ 5.4229552, 59.0686607 ], [ 5.388432, 59.086630899999989 ] ] ], [ [ [ 5.2919092, 60.0813805 ], [ 5.2207645, 60.1231356 ], [ 5.2017914, 60.1019533 ], [ 5.2207645, 60.064755 ], [ 5.2004292, 60.0467778 ], [ 5.2084517, 60.014327099999988 ], [ 5.1210911, 59.9930497 ], [ 5.1420107, 59.9717026 ], [ 5.2027269, 59.981601 ], [ 5.2200981, 60.0091727 ], [ 5.2582569, 59.9999728 ], [ 5.2752781, 60.014327099999988 ], [ 5.2919092, 60.0813805 ] ] ], [ [ [ 5.0921068, 60.1473161 ], [ 5.059471, 60.1324988 ], [ 5.0845566, 60.1071608 ], [ 5.1326354, 60.1183621 ], [ 5.1701216, 60.0722972 ], [ 5.1932088, 60.1024275 ], [ 5.1425225, 60.1421447 ], [ 5.0921068, 60.1473161 ] ] ], [ [ [ 5.0488468, 61.5005733 ], [ 5.0475855, 61.4766862 ], [ 5.1172063, 61.4741677 ], [ 5.1149144, 61.5097027 ], [ 5.0488468, 61.5005733 ] ] ], [ [ [ 5.1110482, 59.8878388 ], [ 5.0738777, 59.9285587 ], [ 5.0460565, 59.8923127 ], [ 5.0681916, 59.8725802 ], [ 5.0925239, 59.8725802 ], [ 5.1110482, 59.8878388 ] ] ], [ [ [ 5.0596125, 60.064623499999989 ], [ 5.0316613, 60.0136053 ], [ 5.0891345, 59.9918924 ], [ 5.0835126, 60.0476491 ], [ 5.0596125, 60.064623499999989 ] ] ], [ [ [ 4.8418244, 61.1616955 ], [ 4.8251671, 61.1439052 ], [ 4.8311452, 61.1074977 ], [ 4.7675523, 61.0945001 ], [ 4.7721677, 61.0508895 ], [ 4.9005562, 61.0509968 ], [ 5.0329496, 61.1074977 ], [ 5.0774374, 61.1236093 ], [ 5.054906, 61.1921775 ], [ 5.0116801, 61.1783407 ], [ 4.8903239, 61.2092141 ], [ 4.8418244, 61.1616955 ] ] ], [ [ [ 4.9403958, 61.5377154 ], [ 4.9182718, 61.5188309 ], [ 4.9306314, 61.4932619 ], [ 4.9707861, 61.4857672 ], [ 4.976059, 61.5220829 ], [ 4.9403958, 61.5377154 ] ] ], [ [ [ 4.9388957, 60.5051583 ], [ 4.9206431, 60.4691286 ], [ 4.8496341, 60.4488158 ], [ 4.8597046, 60.4276297 ], [ 4.9233762, 60.4421997 ], [ 4.9415863, 60.430602799999988 ], [ 4.9696268, 60.4910091 ], [ 4.9388957, 60.5051583 ] ] ], [ [ [ 4.9167491, 59.3269116 ], [ 4.875239, 59.331548 ], [ 4.868909, 59.302961599999989 ], [ 4.898473, 59.2819029 ], [ 4.9298047, 59.2986915 ], [ 4.9167491, 59.3269116 ] ] ], [ [ [ 4.8366142, 60.6303271 ], [ 4.7978952, 60.6610141 ], [ 4.7817385, 60.600547299999988 ], [ 4.8924886, 60.4897608 ], [ 4.9072891, 60.5237159 ], [ 4.8366142, 60.6303271 ] ] ], [ [ [ 4.880858, 61.716501 ], [ 4.8243919, 61.6834483 ], [ 4.870324, 61.657563499999988 ], [ 4.8917678, 61.6773837 ], [ 4.880858, 61.716501 ] ] ], [ [ [ 4.8721109, 61.6267041 ], [ 4.83231, 61.5973751 ], [ 4.8389387, 61.555900799999989 ], [ 4.8839371, 61.5859355 ], [ 4.8721109, 61.6267041 ] ] ], [ [ [ 4.8655937, 61.3757391 ], [ 4.8102213, 61.3494539 ], [ 4.8225142, 61.3229226 ], [ 4.8664743, 61.3247608 ], [ 4.8655937, 61.3757391 ] ] ], [ [ [ 4.806146, 61.2297084 ], [ 4.7732936, 61.1933198 ], [ 4.8219816, 61.1813346 ], [ 4.847208, 61.2223263 ], [ 4.806146, 61.2297084 ] ] ], [ [ [ 4.790567, 61.6787447 ], [ 4.7664585, 61.64352 ], [ 4.7849232, 61.6223943 ], [ 4.8367483, 61.6304089 ], [ 4.790567, 61.6787447 ] ] ], [ [ [ 4.7952952, 61.326655099999989 ], [ 4.7675776, 61.3527601 ], [ 4.693166, 61.3126669 ], [ 4.701247, 61.2875715 ], [ 4.7413681, 61.2876033 ], [ 4.7952952, 61.326655099999989 ] ] ], [ [ [ 4.7784055, 60.899132699999988 ], [ 4.7094511, 60.881239099999988 ], [ 4.7372005, 60.856218 ], [ 4.7925718, 60.8698872 ], [ 4.7784055, 60.899132699999988 ] ] ], [ [ [ 4.7486876, 60.718561 ], [ 4.7080491, 60.6888959 ], [ 4.7434767, 60.6601641 ], [ 4.7755892, 60.6714852 ], [ 4.7486876, 60.718561 ] ] ], [ [ [ 4.7539074, 60.7771703 ], [ 4.6941381, 60.790951699999987 ], [ 4.6984285, 60.7436708 ], [ 4.7581567, 60.7568801 ], [ 4.7539074, 60.7771703 ] ] ], [ [ [ 4.6986194, 61.0954005 ], [ 4.6846571, 61.0954005 ], [ 4.6503838, 61.0474017 ], [ 4.6922386, 60.9873122 ], [ 4.7357012, 61.0176461 ], [ 4.6986194, 61.0954005 ] ] ] ] } },
{ "type": "Feature", "properties": { "region": "PL21", "SampSize": 101.0, "F1_wgt_F1_wgt_Direct": 0.54599989228415213, "F1_wgt_F1_wgt_SD": 0.056586789433581287, "F1_wgt_F1_wgt_CV": 10.363882893246451, "F2_wgt_Direct": 0.49176198525407627, "F2_wgt_SD": 0.051237966991457662, "F2_wgt_CV": 10.419261457346034, "F3_wgt_Direct": 0.51379366256770509, "F3_wgt_SD": 0.053407408734376403, "F3_wgt_CV": 10.394719247308476, "F4_wgt_Direct": 0.49426095961919603, "F4_wgt_SD": 0.05268844981890447, "F4_wgt_CV": 10.660046842360028, "F5_wgt_Direct": 0.53952761208711575, "F5_wgt_SD": 0.056161434112178832, "F5_wgt_CV": 10.409371615833191 }, "geometry": { "type": "MultiPolygon", "coordinates": [ [ [ [ 19.9499665, 50.5047825 ], [ 19.8445375, 50.4341955 ], [ 19.5124705, 50.4068342 ], [ 19.4789218, 50.3334113 ], [ 19.4221295, 50.3235049 ], [ 19.3676017, 50.2611266 ], [ 19.4087308, 50.2151937 ], [ 19.3243974, 50.1473055 ], [ 19.2538105, 50.134193 ], [ 19.2181766, 50.0829972 ], [ 19.144482, 50.0341808 ], [ 19.09321, 49.956659 ], [ 19.182221, 49.9438798 ], [ 19.1710482, 49.8690618 ], [ 19.2763392, 49.8515532 ], [ 19.3180165, 49.7843402 ], [ 19.4149515, 49.775265 ], [ 19.4345675, 49.7387733 ], [ 19.4002543, 49.6865581 ], [ 19.4654148, 49.663387 ], [ 19.4673865, 49.613767 ], [ 19.6485523, 49.4082734 ], [ 19.788192, 49.3981649 ], [ 19.8100531, 49.2792959 ], [ 19.7720507, 49.2126362 ], [ 19.8839295, 49.204177 ], [ 19.9627469, 49.2303075 ], [ 20.0783365, 49.1872145 ], [ 20.1430226, 49.3042076 ], [ 20.2152436, 49.3448791 ], [ 20.3119869, 49.355283 ], [ 20.3596829, 49.4029668 ], [ 20.4604659, 49.4141292 ], [ 20.5657892, 49.3823767 ], [ 20.6149395, 49.417833 ], [ 20.725619, 49.4144918 ], [ 20.8133803, 49.3673195 ], [ 20.9379364, 49.3003698 ], [ 21.0896293, 49.3720552 ], [ 21.0754941, 49.4236981 ], [ 21.1949348, 49.4054171 ], [ 21.2870372, 49.4557973 ], [ 21.3977125, 49.433794 ], [ 21.4001298, 49.5024119 ], [ 21.3412354, 49.5925663 ], [ 21.3379347, 49.7025857 ], [ 21.241772, 49.7761045 ], [ 21.3337699, 49.8122713 ], [ 21.2971495, 49.842864 ], [ 21.2304479, 49.8622092 ], [ 21.2736714, 49.9196556 ], [ 21.1624406, 49.9608973 ], [ 21.1665831, 50.0829972 ], [ 21.1558105, 50.2588359 ], [ 21.214109, 50.31623 ], [ 21.2088315, 50.3548975 ], [ 20.8133803, 50.2842819 ], [ 20.7946779, 50.2809422 ], [ 20.681539, 50.2058755 ], [ 20.4049459, 50.2001409 ], [ 20.2563158, 50.4738172 ], [ 19.9499665, 50.5047825 ] ] ] ] } },
{ "type": "Feature", "properties": { "region": "PL22", "SampSize": 115.0, "F1_wgt_F1_wgt_Direct": 0.50675133313902865, "F1_wgt_F1_wgt_SD": 0.048247101940840108, "F1_wgt_F1_wgt_CV": 9.5208633477049762, "F2_wgt_Direct": 0.45802097072598408, "F2_wgt_SD": 0.044820281623521273, "F2_wgt_CV": 9.7856396296612953, "F3_wgt_Direct": 0.50581340365543925, "F3_wgt_SD": 0.048591695685181388, "F3_wgt_CV": 9.6066445321567873, "F4_wgt_Direct": 0.43481569481164367, "F4_wgt_SD": 0.042658416795816743, "F4_wgt_CV": 9.8106892885492094, "F5_wgt_Direct": 0.49307819076780929, "F5_wgt_SD": 0.047456781738202607, "F5_wgt_CV": 9.6245955766780256 }, "geometry": { "type": "MultiPolygon", "coordinates": [ [ [ [ 18.6729545, 51.0569025 ], [ 18.6850216, 51.0194287 ], [ 18.6250838, 50.9517877 ], [ 18.6454807, 50.9074172 ], [ 18.6158775, 50.8535875 ], [ 18.5355377, 50.7982527 ], [ 18.5442145, 50.7392889 ], [ 18.4968985, 50.687420599999989 ], [ 18.5265272, 50.6285683 ], [ 18.5905266, 50.6022974 ], [ 18.6074735, 50.550011 ], [ 18.4557592, 50.5467431 ], [ 18.4635843, 50.4760316 ], [ 18.3874074, 50.4725174 ], [ 18.3692368, 50.3540336 ], [ 18.4258665, 50.2489655 ], [ 18.0597805, 50.1746525 ], [ 18.0524924, 50.0829972 ], [ 18.035061, 50.065772 ], [ 18.127439, 49.9971978 ], [ 18.2020196, 49.9889242 ], [ 18.3096605, 49.925729 ], [ 18.3516653, 49.9417729 ], [ 18.575724, 49.910423 ], [ 18.5793335, 49.8251639 ], [ 18.6253608, 49.732574899999989 ], [ 18.8024723, 49.669520399999989 ], [ 18.851551, 49.517189 ], [ 18.9593376, 49.5059138 ], [ 18.9950142, 49.3977802 ], [ 19.163184, 49.4079838 ], [ 19.2509323, 49.520771 ], [ 19.3520752, 49.5399798 ], [ 19.4673865, 49.613767 ], [ 19.4654148, 49.663387 ], [ 19.4002543, 49.6865581 ], [ 19.4345675, 49.7387733 ], [ 19.4149515, 49.775265 ], [ 19.3180165, 49.7843402 ], [ 19.2763392, 49.8515532 ], [ 19.1710482, 49.8690618 ], [ 19.182221, 49.9438798 ], [ 19.09321, 49.956659 ], [ 19.144482, 50.0341808 ], [ 19.2181766, 50.0829972 ], [ 19.2538105, 50.134193 ], [ 19.3243974, 50.1473055 ], [ 19.4087308, 50.2151937 ], [ 19.3676017, 50.2611266 ], [ 19.4221295, 50.3235049 ], [ 19.4789218, 50.3334113 ], [ 19.5124705, 50.4068342 ], [ 19.8445375, 50.4341955 ], [ 19.9499665, 50.5047825 ], [ 19.8218149, 50.5661379 ], [ 19.8951967, 50.6303376 ], [ 19.8464987, 50.695926299999989 ], [ 19.7129495, 50.729156 ], [ 19.8159083, 50.8240906 ], [ 19.74706, 50.86597 ], [ 19.7031476, 50.8481608 ], [ 19.5689323, 50.9005028 ], [ 19.4874498, 50.8865168 ], [ 19.3932105, 50.9942381 ], [ 19.3088262, 51.0413871 ], [ 19.2431425, 51.0368445 ], [ 19.2362491, 50.9996589 ], [ 19.2036277, 50.9889611 ], [ 18.9317251, 51.0911239 ], [ 18.6729545, 51.0569025 ] ] ] ] } },
{ "type": "Feature", "properties": { "region": "PL41", "SampSize": 89.0, "F1_wgt_F1_wgt_Direct": 0.51709421555431379, "F1_wgt_F1_wgt_SD": 0.057053730479812909, "F1_wgt_F1_wgt_CV": 11.033527114329166, "F2_wgt_Direct": 0.46601048610276818, "F2_wgt_SD": 0.051823876418820303, "F2_wgt_CV": 11.120753280086433, "F3_wgt_Direct": 0.48800470294837095, "F3_wgt_SD": 0.054518785238593999, "F3_wgt_CV": 11.171774556517317, "F4_wgt_Direct": 0.46299390821510611, "F4_wgt_SD": 0.052021356057315171, "F4_wgt_CV": 11.235861883769353, "F5_wgt_Direct": 0.50763874746404014, "F5_wgt_SD": 0.056158768198718019, "F5_wgt_CV": 11.062742645092545 }, "geometry": { "type": "MultiPolygon", "coordinates": [ [ [ [ 16.892248, 53.655869 ], [ 16.7667089, 53.6136206 ], [ 16.6492489, 53.4940833 ], [ 16.4597116, 53.4640078 ], [ 16.4950936, 53.3875464 ], [ 16.6723747, 53.3123963 ], [ 16.6198478, 53.2188176 ], [ 16.5566862, 53.2224062 ], [ 16.373031, 53.1231942 ], [ 16.3009852, 53.0450323 ], [ 16.11762, 53.0153894 ], [ 15.9624975, 53.041381 ], [ 15.9756471, 52.8831272 ], [ 15.8948799, 52.8116882 ], [ 15.946907, 52.754896 ], [ 15.9167852, 52.7201639 ], [ 15.8056013, 52.7033905 ], [ 15.7832023, 52.6477008 ], [ 15.8857373, 52.4600715 ], [ 15.8171644, 52.4352116 ], [ 15.8878282, 52.3857596 ], [ 15.8808105, 52.2904295 ], [ 15.8558038, 52.2473475 ], [ 15.8596044, 52.0988937 ], [ 15.9747194, 52.0700735 ], [ 15.9728671, 52.0113486 ], [ 16.0005793, 51.987709 ], [ 16.117959, 51.9842951 ], [ 16.139081, 51.8959382 ], [ 16.2984251, 51.8914998 ], [ 16.3857723, 51.8423589 ], [ 16.416191, 51.784865 ], [ 16.6374102, 51.7419711 ], [ 16.6578505, 51.6595306 ], [ 16.7569307, 51.6395275 ], [ 16.828372, 51.572188 ], [ 16.9670656, 51.5475496 ], [ 17.187065, 51.571926 ], [ 17.2411624, 51.6339468 ], [ 17.257433, 51.642843 ], [ 17.4473843, 51.6292167 ], [ 17.5495162, 51.583834 ], [ 17.5675506, 51.5469715 ], [ 17.5254499, 51.47801 ], [ 17.5496354, 51.4236898 ], [ 17.7298696, 51.409614 ], [ 17.7463509, 51.2472001 ], [ 17.7952695, 51.194146 ], [ 17.8402586, 51.1759621 ], [ 17.8417087, 51.1161605 ], [ 17.939456, 51.108865 ], [ 18.1636815, 51.172517 ], [ 18.1723843, 51.2518636 ], [ 18.0873011, 51.3454185 ], [ 18.1938939, 51.3960068 ], [ 18.2216786, 51.4465407 ], [ 18.3188037, 51.4266303 ], [ 18.3731957, 51.4773092 ], [ 18.3708436, 51.6731452 ], [ 18.4719655, 51.8510055 ], [ 18.6811866, 51.8296975 ], [ 18.7572, 51.922208 ], [ 18.7240897, 52.0596774 ], [ 18.827809, 52.064188 ], [ 18.932923, 52.0958029 ], [ 18.937071, 52.1952602 ], [ 19.0711953, 52.2095449 ], [ 19.0957468, 52.2537908 ], [ 19.0516127, 52.2832322 ], [ 19.04712, 52.332804 ], [ 18.9461711, 52.3832036 ], [ 18.7640586, 52.3408233 ], [ 18.6460522, 52.4452678 ], [ 18.5366384, 52.4898051 ], [ 18.3935316, 52.4811998 ], [ 18.3771505, 52.5374635 ], [ 18.2229965, 52.4844988 ], [ 17.9415342, 52.5746046 ], [ 17.8716352, 52.6282893 ], [ 17.7568369, 52.6499906 ], [ 17.6890749, 52.6121508 ], [ 17.6293583, 52.6998605 ], [ 17.5105504, 52.6793443 ], [ 17.458523, 52.738948 ], [ 17.4179838, 52.7784 ], [ 17.5131008, 52.8116882 ], [ 17.4936913, 52.9356119 ], [ 17.3127793, 52.9902651 ], [ 17.3601221, 53.1389941 ], [ 17.3419725, 53.20466 ], [ 17.4387935, 53.2675145 ], [ 17.3635527, 53.3123963 ], [ 17.2583164, 53.3751707 ], [ 17.390653, 53.490964 ], [ 17.2573915, 53.53467 ], [ 17.0221437, 53.5227349 ], [ 16.9488026, 53.5582004 ], [ 16.892248, 53.655869 ] ] ] ] } },
{ "type": "Feature", "properties": { "region": "PL42", "SampSize": 34.0, "F1_wgt_F1_wgt_Direct": 0.50978054980065657, "F1_wgt_F1_wgt_SD": 0.089900918943353156, "F1_wgt_F1_wgt_CV": 17.635219503472189, "F2_wgt_Direct": 0.4742823209085168, "F2_wgt_SD": 0.084920465228241829, "F2_wgt_CV": 17.905045472825442, "F3_wgt_Direct": 0.5264696388197353, "F3_wgt_SD": 0.093000035376586965, "F3_wgt_CV": 17.664843044905467, "F4_wgt_Direct": 0.45157336882437482, "F4_wgt_SD": 0.08152161446533486, "F4_wgt_CV": 18.052794981592484, "F5_wgt_Direct": 0.54479690881467413, "F5_wgt_SD": 0.096405085112011582, "F5_wgt_CV": 17.695600608630858 }, "geometry": { "type": "MultiPolygon", "coordinates": [ [ [ [ 16.7214077, 54.2092621 ], [ 16.853816, 54.2618645 ], [ 16.8188652, 54.3352828 ], [ 16.8467275, 54.3869352 ], [ 16.8256564, 54.4588471 ], [ 16.8077415, 54.4744731 ], [ 16.699085, 54.569247 ], [ 16.5126417, 54.5307732 ], [ 16.4338495, 54.4744731 ], [ 16.2508811, 54.343735 ], [ 16.120961, 54.2835105 ], [ 15.8497213, 54.2409013 ], [ 15.6764206, 54.2012661 ], [ 15.5542342, 54.1867403 ], [ 15.521851, 54.1747516 ], [ 15.3880745, 54.158907 ], [ 14.8507582, 54.0452893 ], [ 14.7522127, 53.985593 ], [ 14.7412795, 54.0235552 ], [ 14.3868931, 53.9208313 ], [ 14.226302, 53.928653 ], [ 14.2130775, 53.8664795 ], [ 14.3190927, 53.8203703 ], [ 14.3920138, 53.8463572 ], [ 14.4038265, 53.8849265 ], [ 14.5560528, 53.8517796 ], [ 14.6062077, 53.7912719 ], [ 14.5439491, 53.70806 ], [ 14.6067549, 53.6451549 ], [ 14.5841886, 53.6146723 ], [ 14.3158633, 53.7350504 ], [ 14.267542, 53.6978065 ], [ 14.412157, 53.329636 ], [ 14.4185068, 53.3123963 ], [ 14.438383, 53.2584326 ], [ 14.3760776, 53.1902557 ], [ 14.3552165, 53.067485 ], [ 14.143658, 52.9613685 ], [ 14.156692, 52.895591 ], [ 14.1393043, 52.8333875 ], [ 14.2230177, 52.8116882 ], [ 14.436438, 52.6799005 ], [ 14.565063, 52.624497 ], [ 14.728339, 52.6490047 ], [ 14.9256527, 52.8746079 ], [ 15.108737, 52.8418421 ], [ 15.2756289, 52.8853011 ], [ 15.3109154, 52.9503227 ], [ 15.4237891, 52.9833259 ], [ 15.733394, 52.9961449 ], [ 15.8661458, 53.112247 ], [ 15.9723658, 53.0991587 ], [ 15.9624975, 53.041381 ], [ 16.11762, 53.0153894 ], [ 16.3009852, 53.0450323 ], [ 16.373031, 53.1231942 ], [ 16.5566862, 53.2224062 ], [ 16.6198478, 53.2188176 ], [ 16.6723747, 53.3123963 ], [ 16.4950936, 53.3875464 ], [ 16.4597116, 53.4640078 ], [ 16.6492489, 53.4940833 ], [ 16.7667089, 53.6136206 ], [ 16.892248, 53.655869 ], [ 16.8678506, 53.7419115 ], [ 16.9259705, 53.7906303 ], [ 16.873622, 53.8525963 ], [ 16.9820535, 53.9049095 ], [ 16.8878736, 53.9394549 ], [ 16.841359, 53.992061 ], [ 16.7940788, 53.9859454 ], [ 16.7970762, 54.107336 ], [ 16.7214077, 54.2092621 ] ] ] ] } },
{ "type": "Feature", "properties": { "region": "PL43", "SampSize": 30.0, "F1_wgt_F1_wgt_Direct": 0.57917495280078013, "F1_wgt_F1_wgt_SD": 0.10834713622131904, "F1_wgt_F1_wgt_CV": 18.707151560572992, "F2_wgt_Direct": 0.51077558450409, "F2_wgt_SD": 0.097552906072623166, "F2_wgt_CV": 19.09897595581764, "F3_wgt_Direct": 0.58722657117983157, "F3_wgt_SD": 0.10919547482876492, "F3_wgt_CV": 18.595118168677867, "F4_wgt_Direct": 0.44527032371751107, "F4_wgt_SD": 0.085021173713043227, "F4_wgt_CV": 19.094282548006156, "F5_wgt_Direct": 0.51181493662485023, "F5_wgt_SD": 0.096164539140490127, "F5_wgt_CV": 18.788927844631612 }, "geometry": { "type": "MultiPolygon", "coordinates": [ [ [ [ 15.9624975, 53.041381 ], [ 15.9723658, 53.0991587 ], [ 15.8661458, 53.112247 ], [ 15.733394, 52.9961449 ], [ 15.4237891, 52.9833259 ], [ 15.3109154, 52.9503227 ], [ 15.2756289, 52.8853011 ], [ 15.108737, 52.8418421 ], [ 14.9256527, 52.8746079 ], [ 14.728339, 52.6490047 ], [ 14.565063, 52.624497 ], [ 14.6251561, 52.5762421 ], [ 14.621086, 52.4879758 ], [ 14.534362, 52.395008 ], [ 14.6008915, 52.272052 ], [ 14.7033943, 52.2407478 ], [ 14.6853953, 52.123903 ], [ 14.755227, 52.070025 ], [ 14.716716, 52.001188 ], [ 14.7010605, 51.917865 ], [ 14.5999785, 51.8259609 ], [ 14.7520377, 51.6632588 ], [ 14.759195, 51.6139648 ], [ 14.729862, 51.581777 ], [ 14.7408548, 51.5302216 ], [ 14.952273, 51.4624426 ], [ 14.974183, 51.36395 ], [ 15.1783851, 51.4559448 ], [ 15.3199854, 51.426600199999989 ], [ 15.4004395, 51.5249427 ], [ 15.5010569, 51.5178802 ], [ 15.6037621, 51.4583322 ], [ 15.7140325, 51.517397 ], [ 15.7232137, 51.5495862 ], [ 15.7617001, 51.5651857 ], [ 15.8132893, 51.5769311 ], [ 15.8747721, 51.7126694 ], [ 15.9631435, 51.7450687 ], [ 15.9872684, 51.7950113 ], [ 16.1630945, 51.7591367 ], [ 16.1787895, 51.7147354 ], [ 16.2688699, 51.6848178 ], [ 16.3395144, 51.7095901 ], [ 16.416191, 51.784865 ], [ 16.3857723, 51.8423589 ], [ 16.2984251, 51.8914998 ], [ 16.139081, 51.8959382 ], [ 16.117959, 51.9842951 ], [ 16.0005793, 51.987709 ], [ 15.9728671, 52.0113486 ], [ 15.9747194, 52.0700735 ], [ 15.8596044, 52.0988937 ], [ 15.8558038, 52.2473475 ], [ 15.8808105, 52.2904295 ], [ 15.8878282, 52.3857596 ], [ 15.8171644, 52.4352116 ], [ 15.8857373, 52.4600715 ], [ 15.7832023, 52.6477008 ], [ 15.8056013, 52.7033905 ], [ 15.9167852, 52.7201639 ], [ 15.946907, 52.754896 ], [ 15.8948799, 52.8116882 ], [ 15.9756471, 52.8831272 ], [ 15.9624975, 53.041381 ] ] ] ] } },
{ "type": "Feature", "properties": { "region": "PL51", "SampSize": 70.0, "F1_wgt_F1_wgt_Direct": 0.49841858554834767, "F1_wgt_F1_wgt_SD": 0.061872894915802987, "F1_wgt_F1_wgt_CV": 12.413841840936165, "F2_wgt_Direct": 0.42533543279360209, "F2_wgt_SD": 0.053675084837189677, "F2_wgt_CV": 12.619471762475056, "F3_wgt_Direct": 0.4956262243784868, "F3_wgt_SD": 0.061600452085391479, "F3_wgt_CV": 12.428812087705444, "F4_wgt_Direct": 0.43675586602956717, "F4_wgt_SD": 0.056131675824136008, "F4_wgt_CV": 12.851956937502482, "F5_wgt_Direct": 0.48004826054382965, "F5_wgt_SD": 0.060448043783687989, "F5_wgt_CV": 12.592076412319155 }, "geometry": { "type": "MultiPolygon", "coordinates": [ [ [ [ 16.1630945, 51.7591367 ], [ 15.9872684, 51.7950113 ], [ 15.9631435, 51.7450687 ], [ 15.8747721, 51.7126694 ], [ 15.8132893, 51.5769311 ], [ 15.7617001, 51.5651857 ], [ 15.7232137, 51.5495862 ], [ 15.7140325, 51.517397 ], [ 15.6037621, 51.4583322 ], [ 15.5010569, 51.5178802 ], [ 15.4004395, 51.5249427 ], [ 15.3199854, 51.426600199999989 ], [ 15.1783851, 51.4559448 ], [ 14.974183, 51.36395 ], [ 15.0335507, 51.2694135 ], [ 14.9956891, 51.1251605 ], [ 14.8990892, 50.9495626 ], [ 14.823362, 50.8705505 ], [ 14.9879347, 50.8706731 ], [ 15.0091508, 50.9545012 ], [ 14.9823386, 50.9942554 ], [ 15.0127314, 51.0155939 ], [ 15.1651496, 51.0090602 ], [ 15.2728885, 50.9679011 ], [ 15.2834548, 50.8989215 ], [ 15.3816667, 50.7847212 ], [ 15.4495799, 50.8036824 ], [ 15.5352675, 50.779376 ], [ 15.7617001, 50.743136899999989 ], [ 15.8156054, 50.7452903 ], [ 15.8712211, 50.6771218 ], [ 15.9831183, 50.6815968 ], [ 16.0202465, 50.6066173 ], [ 16.107318, 50.662073 ], [ 16.1920526, 50.6325853 ], [ 16.2466669, 50.665387 ], [ 16.3334895, 50.652607599999989 ], [ 16.4245975, 50.6014393 ], [ 16.3865561, 50.5230662 ], [ 16.2116539, 50.4269922 ], [ 16.4510794, 50.3062959 ], [ 16.5483432, 50.2206545 ], [ 16.58029, 50.142788 ], [ 16.7057912, 50.1027908 ], [ 16.86327, 50.198123 ], [ 17.0169261, 50.2333115 ], [ 17.0041914, 50.2929607 ], [ 16.8726006, 50.4121652 ], [ 16.9079245, 50.449454 ], [ 16.9569964, 50.4800251 ], [ 17.0494393, 50.4772586 ], [ 17.1046805, 50.5842308 ], [ 17.164896, 50.613463 ], [ 17.232509, 50.6234299 ], [ 17.2319041, 50.7090006 ], [ 17.2728339, 50.7412763 ], [ 17.2739094, 50.7814708 ], [ 17.3410834, 50.7969144 ], [ 17.3403318, 50.8469505 ], [ 17.3866095, 50.8786379 ], [ 17.3664361, 50.9128554 ], [ 17.4209727, 50.9193919 ], [ 17.4406779, 50.9623087 ], [ 17.5149898, 50.9948159 ], [ 17.5703178, 51.0839141 ], [ 17.5687336, 51.1583677 ], [ 17.7952695, 51.194146 ], [ 17.7463509, 51.2472001 ], [ 17.7298696, 51.409614 ], [ 17.5496354, 51.4236898 ], [ 17.5254499, 51.47801 ], [ 17.5675506, 51.5469715 ], [ 17.5495162, 51.583834 ], [ 17.4473843, 51.6292167 ], [ 17.257433, 51.642843 ], [ 17.2411624, 51.6339468 ], [ 17.187065, 51.571926 ], [ 16.9670656, 51.5475496 ], [ 16.828372, 51.572188 ], [ 16.7569307, 51.6395275 ], [ 16.6578505, 51.6595306 ], [ 16.6374102, 51.7419711 ], [ 16.416191, 51.784865 ], [ 16.3395144, 51.7095901 ], [ 16.2688699, 51.6848178 ], [ 16.1787895, 51.7147354 ], [ 16.1630945, 51.7591367 ] ] ] ] } },
{ "type": "Feature", "properties": { "region": "PL52", "SampSize": 28.0, "F1_wgt_F1_wgt_Direct": 0.4932867380239167, "F1_wgt_F1_wgt_SD": 0.096678322733763922, "F1_wgt_F1_wgt_CV": 19.598808417402967, "F2_wgt_Direct": 0.44099161872010767, "F2_wgt_SD": 0.086141793491462629, "F2_wgt_CV": 19.53365774648335, "F3_wgt_Direct": 0.45120305209830103, "F3_wgt_SD": 0.087823882762302588, "F3_wgt_CV": 19.464381358654663, "F4_wgt_Direct": 0.382756561836533, "F4_wgt_SD": 0.07769155052869689, "F4_wgt_CV": 20.297901662591812, "F5_wgt_Direct": 0.46807841601817224, "F5_wgt_SD": 0.09185516862820324, "F5_wgt_CV": 19.623884692140376 }, "geometry": { "type": "MultiPolygon", "coordinates": [ [ [ [ 17.8402586, 51.1759621 ], [ 17.7952695, 51.194146 ], [ 17.5687336, 51.1583677 ], [ 17.5703178, 51.0839141 ], [ 17.5149898, 50.9948159 ], [ 17.4406779, 50.9623087 ], [ 17.4209727, 50.9193919 ], [ 17.3664361, 50.9128554 ], [ 17.3866095, 50.8786379 ], [ 17.3403318, 50.8469505 ], [ 17.3410834, 50.7969144 ], [ 17.2739094, 50.7814708 ], [ 17.2728339, 50.7412763 ], [ 17.2319041, 50.7090006 ], [ 17.232509, 50.6234299 ], [ 17.164896, 50.613463 ], [ 17.1046805, 50.5842308 ], [ 17.0494393, 50.4772586 ], [ 16.9569964, 50.4800251 ], [ 16.9079245, 50.449454 ], [ 17.1897739, 50.3810115 ], [ 17.429605, 50.254513 ], [ 17.6157395, 50.2704266 ], [ 17.6948119, 50.3180492 ], [ 17.7267068, 50.3097375 ], [ 17.7547592, 50.2165943 ], [ 17.6110824, 50.1552239 ], [ 17.739429, 50.0829972 ], [ 17.7832792, 50.0259768 ], [ 17.880855, 49.9759325 ], [ 18.0341851, 50.0113921 ], [ 18.0144777, 50.0453779 ], [ 18.035061, 50.065772 ], [ 18.0524924, 50.0829972 ], [ 18.0597805, 50.1746525 ], [ 18.4258665, 50.2489655 ], [ 18.3692368, 50.3540336 ], [ 18.3874074, 50.4725174 ], [ 18.4635843, 50.4760316 ], [ 18.4557592, 50.5467431 ], [ 18.6074735, 50.550011 ], [ 18.5905266, 50.6022974 ], [ 18.5265272, 50.6285683 ], [ 18.4968985, 50.687420599999989 ], [ 18.5442145, 50.7392889 ], [ 18.5355377, 50.7982527 ], [ 18.6158775, 50.8535875 ], [ 18.6454807, 50.9074172 ], [ 18.6250838, 50.9517877 ], [ 18.6850216, 51.0194287 ], [ 18.6729545, 51.0569025 ], [ 18.584624, 51.0860948 ], [ 18.5406009, 51.1352295 ], [ 18.4905686, 51.1001453 ], [ 18.1636815, 51.172517 ], [ 17.939456, 51.108865 ], [ 17.8417087, 51.1161605 ], [ 17.8402586, 51.1759621 ] ] ] ] } },
{ "type": "Feature", "properties": { "region": "PL61", "SampSize": 38.0, "F1_wgt_F1_wgt_Direct": 0.47542157156383535, "F1_wgt_F1_wgt_SD": 0.07981141436830301, "F1_wgt_F1_wgt_CV": 16.78750379495278, "F2_wgt_Direct": 0.46240313058189958, "F2_wgt_SD": 0.079436877744581871, "F2_wgt_CV": 17.179139259852445, "F3_wgt_Direct": 0.48778607959366083, "F3_wgt_SD": 0.082813735656565329, "F3_wgt_CV": 16.977470067524571, "F4_wgt_Direct": 0.41932944780722242, "F4_wgt_SD": 0.072415012245528473, "F4_wgt_CV": 17.269240837771953, "F5_wgt_Direct": 0.47601085385983988, "F5_wgt_SD": 0.08106189212844235, "F5_wgt_CV": 17.029420961966302 }, "geometry": { "type": "MultiPolygon", "coordinates": [ [ [ [ 18.0720365, 53.781075 ], [ 18.0215791, 53.7280263 ], [ 17.9041617, 53.7438936 ], [ 17.8520695, 53.6913059 ], [ 17.7618037, 53.6891775 ], [ 17.6923602, 53.5987547 ], [ 17.4524289, 53.6003415 ], [ 17.390653, 53.490964 ], [ 17.2583164, 53.3751707 ], [ 17.3635527, 53.3123963 ], [ 17.4387935, 53.2675145 ], [ 17.3419725, 53.20466 ], [ 17.3601221, 53.1389941 ], [ 17.3127793, 52.9902651 ], [ 17.4936913, 52.9356119 ], [ 17.5131008, 52.8116882 ], [ 17.4179838, 52.7784 ], [ 17.458523, 52.738948 ], [ 17.5105504, 52.6793443 ], [ 17.6293583, 52.6998605 ], [ 17.6890749, 52.6121508 ], [ 17.7568369, 52.6499906 ], [ 17.8716352, 52.6282893 ], [ 17.9415342, 52.5746046 ], [ 18.2229965, 52.4844988 ], [ 18.3771505, 52.5374635 ], [ 18.3935316, 52.4811998 ], [ 18.5366384, 52.4898051 ], [ 18.6460522, 52.4452678 ], [ 18.7640586, 52.3408233 ], [ 18.9461711, 52.3832036 ], [ 19.04712, 52.332804 ], [ 19.1875316, 52.3484567 ], [ 19.2891845, 52.3927125 ], [ 19.2953101, 52.4365034 ], [ 19.3604508, 52.5008194 ], [ 19.3519909, 52.5619067 ], [ 19.4111633, 52.6005479 ], [ 19.3957469, 52.6309652 ], [ 19.4458887, 52.7126508 ], [ 19.4986655, 52.7347871 ], [ 19.4414603, 52.8116882 ], [ 19.480952, 52.8767603 ], [ 19.444664, 52.9390425 ], [ 19.5318877, 52.9404789 ], [ 19.5997494, 52.9745906 ], [ 19.684806, 52.963039 ], [ 19.6422179, 53.1032848 ], [ 19.7615955, 53.1517965 ], [ 19.7403306, 53.2180583 ], [ 19.6928887, 53.244503 ], [ 19.7181345, 53.2847151 ], [ 19.6949701, 53.3123963 ], [ 19.6765566, 53.3344002 ], [ 19.5348403, 53.3332783 ], [ 19.3626638, 53.4095529 ], [ 19.2647287, 53.400179799999989 ], [ 19.1900525, 53.5656105 ], [ 19.1292765, 53.5882605 ], [ 18.7615775, 53.604882 ], [ 18.7624862, 53.691628 ], [ 18.554504, 53.6630034 ], [ 18.4982255, 53.6956062 ], [ 18.2972358, 53.6984921 ], [ 18.2467205, 53.7402321 ], [ 18.0720365, 53.781075 ] ] ] ] } },
{ "type": "Feature", "properties": { "region": "PL62", "SampSize": 24.0, "F1_wgt_F1_wgt_Direct": 0.51718660917341741, "F1_wgt_F1_wgt_SD": 0.10953802110316532, "F1_wgt_F1_wgt_CV": 21.179593431127724, "F2_wgt_Direct": 0.41369162638401985, "F2_wgt_SD": 0.088254360662976747, "F2_wgt_CV": 21.33336887535944, "F3_wgt_Direct": 0.50158389951036697, "F3_wgt_SD": 0.10639315718398686, "F3_wgt_CV": 21.211437864701217, "F4_wgt_Direct": 0.4573420540352886, "F4_wgt_SD": 0.099672432740467554, "F4_wgt_CV": 21.793848140800279, "F5_wgt_Direct": 0.51174428100833547, "F5_wgt_SD": 0.10937784510753019, "F5_wgt_CV": 21.373535409523924 }, "geometry": { "type": "MultiPolygon", "coordinates": [ [ [ [ 20.313503, 54.402202 ], [ 19.8037685, 54.442410499999987 ], [ 19.6616408, 54.3535736 ], [ 19.5160267, 54.3248723 ], [ 19.4044061, 54.2690724 ], [ 19.256953, 54.2784605 ], [ 19.3166012, 54.2034022 ], [ 19.2176885, 54.1161215 ], [ 19.2799044, 54.0248101 ], [ 19.3694576, 53.9971727 ], [ 19.3880374, 53.9365094 ], [ 19.5355486, 53.9449774 ], [ 19.552914, 53.9065284 ], [ 19.4798576, 53.7955365 ], [ 19.3202464, 53.8043027 ], [ 19.2088714, 53.6508736 ], [ 19.1292765, 53.5882605 ], [ 19.1900525, 53.5656105 ], [ 19.2647287, 53.400179799999989 ], [ 19.3626638, 53.4095529 ], [ 19.5348403, 53.3332783 ], [ 19.6765566, 53.3344002 ], [ 19.6949701, 53.3123963 ], [ 19.7181345, 53.2847151 ], [ 19.6928887, 53.244503 ], [ 19.7403306, 53.2180583 ], [ 19.7615955, 53.1517965 ], [ 19.8274021, 53.1467953 ], [ 19.8458683, 53.1869294 ], [ 19.8976448, 53.2043406 ], [ 19.9809105, 53.1486405 ], [ 20.2944721, 53.1425388 ], [ 20.411137, 53.214165 ], [ 20.675954, 53.2695295 ], [ 20.7267282, 53.3113834 ], [ 20.8133803, 53.3016776 ], [ 20.8415327, 53.2985243 ], [ 20.8675731, 53.3123963 ], [ 20.9557718, 53.3593806 ], [ 21.0690211, 53.3407387 ], [ 21.260597, 53.4189554 ], [ 21.3898215, 53.4237358 ], [ 21.453826, 53.4642695 ], [ 21.55169, 53.478128 ], [ 21.612953, 53.4808335 ], [ 21.6884513, 53.492624 ], [ 21.8676509, 53.4633805 ], [ 21.9498573, 53.5129879 ], [ 22.0299069, 53.5072169 ], [ 22.135728, 53.54454 ], [ 22.694646, 53.7689271 ], [ 22.7718345, 53.8671225 ], [ 22.7695656, 53.9221206 ], [ 22.6075812, 54.058262299999988 ], [ 22.6186093, 54.1219848 ], [ 22.536177, 54.1577246 ], [ 22.5128344, 54.2245815 ], [ 22.7675255, 54.2986703 ], [ 22.7920955, 54.363359 ], [ 21.6884513, 54.3273657 ], [ 21.559322, 54.322504 ], [ 20.8133803, 54.3702237 ], [ 20.313503, 54.402202 ] ] ] ] } },
{ "type": "Feature", "properties": { "region": "PL63", "SampSize": 76.0, "F1_wgt_F1_wgt_Direct": 0.54064812147072339, "F1_wgt_F1_wgt_SD": 0.06367239555289092, "F1_wgt_F1_wgt_CV": 11.777049253344874, "F2_wgt_Direct": 0.48535477261249371, "F2_wgt_SD": 0.057836479890013469, "F2_wgt_CV": 11.916330724162879, "F3_wgt_Direct": 0.52589510796916417, "F3_wgt_SD": 0.061951797955477769, "F3_wgt_CV": 11.780257510802004, "F4_wgt_Direct": 0.45146044550596193, "F4_wgt_SD": 0.055821239148326762, "F4_wgt_CV": 12.364591339949316, "F5_wgt_Direct": 0.49986961017446285, "F5_wgt_SD": 0.060699670275335557, "F5_wgt_CV": 12.143100728638084 }, "geometry": { "type": "MultiPolygon", "coordinates": [ [ [ [ 18.611682, 54.425241 ], [ 18.5612238, 54.4744731 ], [ 18.5417265, 54.58448 ], [ 18.4066691, 54.7293129 ], [ 18.4077799, 54.7957459 ], [ 18.3297891, 54.8313352 ], [ 17.9711662, 54.8301421 ], [ 17.666607, 54.7832315 ], [ 17.2619606, 54.7332619 ], [ 16.9000049, 54.5961799 ], [ 16.699085, 54.569247 ], [ 16.8077415, 54.4744731 ], [ 16.8256564, 54.4588471 ], [ 16.8467275, 54.3869352 ], [ 16.8188652, 54.3352828 ], [ 16.853816, 54.2618645 ], [ 16.7214077, 54.2092621 ], [ 16.7970762, 54.107336 ], [ 16.7940788, 53.9859454 ], [ 16.841359, 53.992061 ], [ 16.8878736, 53.9394549 ], [ 16.9820535, 53.9049095 ], [ 16.873622, 53.8525963 ], [ 16.9259705, 53.7906303 ], [ 16.8678506, 53.7419115 ], [ 16.892248, 53.655869 ], [ 16.9488026, 53.5582004 ], [ 17.0221437, 53.5227349 ], [ 17.2573915, 53.53467 ], [ 17.390653, 53.490964 ], [ 17.4524289, 53.6003415 ], [ 17.6923602, 53.5987547 ], [ 17.7618037, 53.6891775 ], [ 17.8520695, 53.6913059 ], [ 17.9041617, 53.7438936 ], [ 18.0215791, 53.7280263 ], [ 18.0720365, 53.781075 ], [ 18.2467205, 53.7402321 ], [ 18.2972358, 53.6984921 ], [ 18.4982255, 53.6956062 ], [ 18.554504, 53.6630034 ], [ 18.7624862, 53.691628 ], [ 18.7615775, 53.604882 ], [ 19.1292765, 53.5882605 ], [ 19.2088714, 53.6508736 ], [ 19.3202464, 53.8043027 ], [ 19.4798576, 53.7955365 ], [ 19.552914, 53.9065284 ], [ 19.5355486, 53.9449774 ], [ 19.3880374, 53.9365094 ], [ 19.3694576, 53.9971727 ], [ 19.2799044, 54.0248101 ], [ 19.2176885, 54.1161215 ], [ 19.3166012, 54.2034022 ], [ 19.256953, 54.2784605 ], [ 19.2663016, 54.3429833 ], [ 19.6484995, 54.453327 ], [ 19.639032, 54.4582945 ], [ 19.3596575, 54.3723058 ], [ 18.9500295, 54.3583105 ], [ 18.7521445, 54.3750591 ], [ 18.611682, 54.425241 ] ] ], [ [ [ 18.7547999, 54.6690466 ], [ 18.7411152, 54.66157 ], [ 18.7789215, 54.612476 ], [ 18.8160074, 54.5919045 ], [ 18.8252404, 54.624977 ], [ 18.7547999, 54.6690466 ] ] ] ] } },
{ "type": "Feature", "properties": { "region": "PL71", "SampSize": 105.0, "F1_wgt_F1_wgt_Direct": 0.51240178982428541, "F1_wgt_F1_wgt_SD": 0.051506961544140362, "F1_wgt_F1_wgt_CV": 10.052065111209568, "F2_wgt_Direct": 0.45752577080956558, "F2_wgt_SD": 0.046305372441978909, "F2_wgt_CV": 10.120822781205137, "F3_wgt_Direct": 0.48135978132561708, "F3_wgt_SD": 0.048765541199309738, "F3_wgt_CV": 10.130788464506583, "F4_wgt_Direct": 0.46225659246604384, "F4_wgt_SD": 0.047879895867175427, "F4_wgt_CV": 10.357861120324111, "F5_wgt_Direct": 0.52098360333617688, "F5_wgt_SD": 0.053156665088424468, "F5_wgt_CV": 10.203135904475651 }, "geometry": { "type": "MultiPolygon", "coordinates": [ [ [ [ 19.3354511, 52.3503712 ], [ 19.2891845, 52.3927125 ], [ 19.1875316, 52.3484567 ], [ 19.04712, 52.332804 ], [ 19.0516127, 52.2832322 ], [ 19.0957468, 52.2537908 ], [ 19.0711953, 52.2095449 ], [ 18.937071, 52.1952602 ], [ 18.932923, 52.0958029 ], [ 18.827809, 52.064188 ], [ 18.7240897, 52.0596774 ], [ 18.7572, 51.922208 ], [ 18.6811866, 51.8296975 ], [ 18.4719655, 51.8510055 ], [ 18.3708436, 51.6731452 ], [ 18.3731957, 51.4773092 ], [ 18.3188037, 51.4266303 ], [ 18.2216786, 51.4465407 ], [ 18.1938939, 51.3960068 ], [ 18.0873011, 51.3454185 ], [ 18.1723843, 51.2518636 ], [ 18.1636815, 51.172517 ], [ 18.4905686, 51.1001453 ], [ 18.5406009, 51.1352295 ], [ 18.584624, 51.0860948 ], [ 18.6729545, 51.0569025 ], [ 18.9317251, 51.0911239 ], [ 19.2036277, 50.9889611 ], [ 19.2362491, 50.9996589 ], [ 19.2431425, 51.0368445 ], [ 19.3088262, 51.0413871 ], [ 19.3932105, 50.9942381 ], [ 19.4874498, 50.8865168 ], [ 19.5689323, 50.9005028 ], [ 19.7031476, 50.8481608 ], [ 19.74706, 50.86597 ], [ 19.8348258, 50.9326582 ], [ 19.8809641, 51.0352239 ], [ 20.0002219, 50.972022 ], [ 20.0394705, 50.9902065 ], [ 20.0401609, 51.0562855 ], [ 19.987319, 51.0919388 ], [ 20.0089889, 51.1861344 ], [ 20.1967229, 51.1973634 ], [ 20.2689985, 51.2419741 ], [ 20.3677454, 51.2469585 ], [ 20.3777069, 51.3079895 ], [ 20.432815, 51.339405 ], [ 20.4393201, 51.3919717 ], [ 20.5222252, 51.4810107 ], [ 20.4607397, 51.5129177 ], [ 20.4248905, 51.6116195 ], [ 20.385006, 51.64161 ], [ 20.457957, 51.6900735 ], [ 20.5956774, 51.661468 ], [ 20.6460224, 51.6789318 ], [ 20.6482646, 51.7215599 ], [ 20.5853556, 51.7605896 ], [ 20.5740227, 51.8715809 ], [ 20.4545017, 51.9318274 ], [ 20.2551141, 51.9395407 ], [ 20.2600363, 51.9831288 ], [ 20.213426, 52.025186899999987 ], [ 20.2589336, 52.0747163 ], [ 20.2524898, 52.1063738 ], [ 20.0910462, 52.1596925 ], [ 20.0627224, 52.2418602 ], [ 19.936101, 52.2997335 ], [ 19.6519133, 52.2584735 ], [ 19.4743206, 52.3418122 ], [ 19.3354511, 52.3503712 ] ] ] ] } },
{ "type": "Feature", "properties": { "region": "PL72", "SampSize": 47.0, "F1_wgt_F1_wgt_Direct": 0.53678605877511154, "F1_wgt_F1_wgt_SD": 0.080493243589144753, "F1_wgt_F1_wgt_CV": 14.995405017190972, "F2_wgt_Direct": 0.49551269632680367, "F2_wgt_SD": 0.075362676935495004, "F2_wgt_CV": 15.209030463629398, "F3_wgt_Direct": 0.57949655428848035, "F3_wgt_SD": 0.086916808321412672, "F3_wgt_CV": 14.998675605264159, "F4_wgt_Direct": 0.44927433551310769, "F4_wgt_SD": 0.068811770627482796, "F4_wgt_CV": 15.316203305691651, "F5_wgt_Direct": 0.50903159054994929, "F5_wgt_SD": 0.077723965738228595, "F5_wgt_CV": 15.268986676103328 }, "geometry": { "type": "MultiPolygon", "coordinates": [ [ [ [ 20.5360532, 51.2454024 ], [ 20.4944432, 51.3291184 ], [ 20.432815, 51.339405 ], [ 20.3777069, 51.3079895 ], [ 20.3677454, 51.2469585 ], [ 20.2689985, 51.2419741 ], [ 20.1967229, 51.1973634 ], [ 20.0089889, 51.1861344 ], [ 19.987319, 51.0919388 ], [ 20.0401609, 51.0562855 ], [ 20.0394705, 50.9902065 ], [ 20.0002219, 50.972022 ], [ 19.8809641, 51.0352239 ], [ 19.8348258, 50.9326582 ], [ 19.74706, 50.86597 ], [ 19.8159083, 50.8240906 ], [ 19.7129495, 50.729156 ], [ 19.8464987, 50.695926299999989 ], [ 19.8951967, 50.6303376 ], [ 19.8218149, 50.5661379 ], [ 19.9499665, 50.5047825 ], [ 20.2563158, 50.4738172 ], [ 20.4049459, 50.2001409 ], [ 20.681539, 50.2058755 ], [ 20.7946779, 50.2809422 ], [ 20.8133803, 50.2842819 ], [ 21.2088315, 50.3548975 ], [ 21.4674087, 50.4917146 ], [ 21.6085346, 50.5292603 ], [ 21.6884513, 50.6161684 ], [ 21.8150684, 50.695268 ], [ 21.8643035, 50.8027065 ], [ 21.802998, 51.072079 ], [ 21.750864, 51.043374 ], [ 21.6884513, 51.0681014 ], [ 21.6301645, 51.063389 ], [ 21.4601063, 51.0177231 ], [ 21.337191, 51.0825978 ], [ 21.172553, 51.0828274 ], [ 21.0815036, 51.2006746 ], [ 21.0364225, 51.1596214 ], [ 20.9259461, 51.1877357 ], [ 20.8754116, 51.1618427 ], [ 20.8133803, 51.1616289 ], [ 20.7037969, 51.1612511 ], [ 20.6713682, 51.2079541 ], [ 20.5360532, 51.2454024 ] ] ] ] } },
{ "type": "Feature", "properties": { "region": "PL81", "SampSize": 41.0, "F1_wgt_F1_wgt_Direct": 0.53632915993102248, "F1_wgt_F1_wgt_SD": 0.085462567988829632, "F1_wgt_F1_wgt_CV": 15.934723370219327, "F2_wgt_Direct": 0.52263345900942704, "F2_wgt_SD": 0.083808909910868007, "F2_wgt_CV": 16.035886808646957, "F3_wgt_Direct": 0.5103984867410859, "F3_wgt_SD": 0.083095789791926125, "F3_wgt_CV": 16.28057134779062, "F4_wgt_Direct": 0.42033604396987811, "F4_wgt_SD": 0.069760218048064329, "F4_wgt_CV": 16.596296950699628, "F5_wgt_Direct": 0.5073078054609097, "F5_wgt_SD": 0.082852004714034991, "F5_wgt_CV": 16.331703124252265 }, "geometry": { "type": "MultiPolygon", "coordinates": [ [ [ [ 23.2514648, 52.2198601 ], [ 23.2212332, 52.2262267 ], [ 23.178338, 52.283141 ], [ 23.128409, 52.2878415 ], [ 22.8866228, 52.0741203 ], [ 22.6845308, 52.1015903 ], [ 22.6229015, 52.0187445 ], [ 22.4913849, 52.0611133 ], [ 22.3534519, 52.0051015 ], [ 22.2977049, 52.028256 ], [ 22.0344228, 52.0170211 ], [ 21.9064911, 51.9808638 ], [ 21.8753275, 51.9530602 ], [ 21.8999117, 51.8931687 ], [ 21.8717306, 51.8360187 ], [ 21.9424595, 51.7999254 ], [ 21.8491591, 51.7506124 ], [ 21.875512, 51.6836238 ], [ 21.7435942, 51.6219728 ], [ 21.6884513, 51.6449832 ], [ 21.6520439, 51.6508493 ], [ 21.6155425, 51.617562 ], [ 21.6884513, 51.5733442 ], [ 21.8174413, 51.5561279 ], [ 21.8632782, 51.4703258 ], [ 21.8403002, 51.4277819 ], [ 21.7735179, 51.4031949 ], [ 21.840854, 51.3520664 ], [ 21.7881011, 51.1802132 ], [ 21.802998, 51.072079 ], [ 21.8643035, 50.8027065 ], [ 21.9332822, 50.7740137 ], [ 22.054067, 50.814939699999989 ], [ 22.1398999, 50.8010971 ], [ 22.1904325, 50.7463152 ], [ 22.1765071, 50.6692299 ], [ 22.2614605, 50.623265 ], [ 22.519738, 50.5832335 ], [ 22.5439815, 50.479127 ], [ 22.4259574, 50.401519 ], [ 22.5013142, 50.3540719 ], [ 22.6149772, 50.3468299 ], [ 22.638222, 50.3030775 ], [ 23.0180808, 50.2915209 ], [ 23.1737424, 50.3861413 ], [ 23.2514648, 50.3700553 ], [ 23.3545211, 50.3888531 ], [ 23.441505, 50.3048187 ], [ 23.547642, 50.251602 ], [ 23.7289918, 50.3823912 ], [ 24.0033991, 50.421294 ], [ 24.092015, 50.5772864 ], [ 24.0617498, 50.709498 ], [ 23.9679166, 50.8016345 ], [ 23.9945264, 50.8337901 ], [ 24.0927129, 50.8398619 ], [ 24.1212392, 50.8655303 ], [ 23.9848962, 50.9424136 ], [ 23.8504321, 51.1539459 ], [ 23.7459286, 51.2174592 ], [ 23.709221, 51.2776485 ], [ 23.6461405, 51.3075227 ], [ 23.6885334, 51.4057481 ], [ 23.617443, 51.509537 ], [ 23.5452466, 51.606925 ], [ 23.5410631, 51.7362384 ], [ 23.6314767, 51.7927903 ], [ 23.6214728, 51.9306513 ], [ 23.6788421, 51.988754 ], [ 23.6492816, 52.0686234 ], [ 23.4745901, 52.172871 ], [ 23.2514648, 52.2198601 ] ] ] ] } },
{ "type": "Feature", "properties": { "region": "PL82", "SampSize": 74.0, "F1_wgt_F1_wgt_Direct": 0.55710533141618213, "F1_wgt_F1_wgt_SD": 0.067175453457369652, "F1_wgt_F1_wgt_CV": 12.057944821064124, "F2_wgt_Direct": 0.46877643191427626, "F2_wgt_SD": 0.057234995071908927, "F2_wgt_CV": 12.209443814866384, "F3_wgt_Direct": 0.52839310628938352, "F3_wgt_SD": 0.063290245790791705, "F3_wgt_CV": 11.977871216989293, "F4_wgt_Direct": 0.53736101310002327, "F4_wgt_SD": 0.066163382880602875, "F4_wgt_CV": 12.312650391011408, "F5_wgt_Direct": 0.5867264980085396, "F5_wgt_SD": 0.07048429203426175, "F5_wgt_CV": 12.013142797112238 }, "geometry": { "type": "MultiPolygon", "coordinates": [ [ [ [ 22.054067, 50.814939699999989 ], [ 21.9332822, 50.7740137 ], [ 21.8643035, 50.8027065 ], [ 21.8150684, 50.695268 ], [ 21.6884513, 50.6161684 ], [ 21.6085346, 50.5292603 ], [ 21.4674087, 50.4917146 ], [ 21.2088315, 50.3548975 ], [ 21.214109, 50.31623 ], [ 21.1558105, 50.2588359 ], [ 21.1665831, 50.0829972 ], [ 21.1624406, 49.9608973 ], [ 21.2736714, 49.9196556 ], [ 21.2304479, 49.8622092 ], [ 21.2971495, 49.842864 ], [ 21.3337699, 49.8122713 ], [ 21.241772, 49.7761045 ], [ 21.3379347, 49.7025857 ], [ 21.3412354, 49.5925663 ], [ 21.4001298, 49.5024119 ], [ 21.3977125, 49.433794 ], [ 21.4667099, 49.4161342 ], [ 21.6165888, 49.443754 ], [ 21.6884513, 49.4132098 ], [ 21.782328, 49.3663369 ], [ 21.8414672, 49.3846208 ], [ 21.9591727, 49.3415235 ], [ 22.0596226, 49.2147196 ], [ 22.4218867, 49.105004799999989 ], [ 22.56684, 49.0883775 ], [ 22.879771, 49.0146852 ], [ 22.8778897, 49.094967 ], [ 22.7241144, 49.1803702 ], [ 22.7438791, 49.36305 ], [ 22.6999432, 49.479685 ], [ 22.6502476, 49.5236096 ], [ 22.6861495, 49.5731655 ], [ 23.2514648, 50.0670468 ], [ 23.2790963, 50.091186699999987 ], [ 23.547642, 50.251602 ], [ 23.441505, 50.3048187 ], [ 23.3545211, 50.3888531 ], [ 23.2514648, 50.3700553 ], [ 23.1737424, 50.3861413 ], [ 23.0180808, 50.2915209 ], [ 22.638222, 50.3030775 ], [ 22.6149772, 50.3468299 ], [ 22.5013142, 50.3540719 ], [ 22.4259574, 50.401519 ], [ 22.5439815, 50.479127 ], [ 22.519738, 50.5832335 ], [ 22.2614605, 50.623265 ], [ 22.1765071, 50.6692299 ], [ 22.1904325, 50.7463152 ], [ 22.1398999, 50.8010971 ], [ 22.054067, 50.814939699999989 ] ] ] ] } },
{ "type": "Feature", "properties": { "region": "PL84", "SampSize": 25.0, "F1_wgt_F1_wgt_Direct": 0.4318219740338074, "F1_wgt_F1_wgt_SD": 0.089185884677290328, "F1_wgt_F1_wgt_CV": 20.653391916157549, "F2_wgt_Direct": 0.39662811773917622, "F2_wgt_SD": 0.084502656543025342, "F2_wgt_CV": 21.305261216652958, "F3_wgt_Direct": 0.47771876029793248, "F3_wgt_SD": 0.099700244220503761, "F3_wgt_CV": 20.870070951018342, "F4_wgt_Direct": 0.40003036011703202, "F4_wgt_SD": 0.082933250009932555, "F4_wgt_CV": 20.731738957430576, "F5_wgt_Direct": 0.46965393593188925, "F5_wgt_SD": 0.095901132561785354, "F5_wgt_CV": 20.419531323951951 }, "geometry": { "type": "MultiPolygon", "coordinates": [ [ [ [ 23.51465, 53.95656 ], [ 23.491978, 53.9927935 ], [ 23.5214048, 54.0693735 ], [ 23.4750197, 54.1577246 ], [ 23.3214985, 54.253326 ], [ 23.2514648, 54.2685325 ], [ 23.0692952, 54.3080871 ], [ 22.9824048, 54.3849257 ], [ 22.8476335, 54.4016261 ], [ 22.7920955, 54.363359 ], [ 22.7675255, 54.2986703 ], [ 22.5128344, 54.2245815 ], [ 22.536177, 54.1577246 ], [ 22.6186093, 54.1219848 ], [ 22.6075812, 54.058262299999988 ], [ 22.7695656, 53.9221206 ], [ 22.7718345, 53.8671225 ], [ 22.694646, 53.7689271 ], [ 22.135728, 53.54454 ], [ 22.0299069, 53.5072169 ], [ 21.9498573, 53.5129879 ], [ 21.8676509, 53.4633805 ], [ 21.6884513, 53.492624 ], [ 21.612953, 53.4808335 ], [ 21.6884513, 53.3123963 ], [ 21.6538472, 53.2582727 ], [ 21.7185164, 53.1325972 ], [ 21.8958299, 53.0615738 ], [ 21.9022643, 53.011621299999987 ], [ 21.9912137, 52.9611749 ], [ 22.0364859, 52.8666281 ], [ 22.2544482, 52.8786456 ], [ 22.3113459, 52.7609176 ], [ 22.4372193, 52.7762019 ], [ 22.4427237, 52.652638 ], [ 22.408589, 52.60969 ], [ 22.5084784, 52.5365555 ], [ 22.5774712, 52.3994315 ], [ 22.9397999, 52.3689669 ], [ 23.0599336, 52.294375 ], [ 23.128409, 52.2878415 ], [ 23.178338, 52.283141 ], [ 23.2514648, 52.350024 ], [ 23.4674425, 52.5475607 ], [ 23.7666749, 52.6216544 ], [ 23.9186086, 52.7035797 ], [ 23.939467, 52.8116882 ], [ 23.916239, 52.904812 ], [ 23.9381577, 52.9788753 ], [ 23.8813662, 53.0826922 ], [ 23.9056026, 53.1618363 ], [ 23.8018062, 53.2747728 ], [ 23.7827687, 53.3123963 ], [ 23.588702, 53.6959285 ], [ 23.51465, 53.95656 ] ] ] ] } },
{ "type": "Feature", "properties": { "region": "PL91", "SampSize": 97.0, "F1_wgt_F1_wgt_Direct": 0.51747082220896945, "F1_wgt_F1_wgt_SD": 0.054287543148639428, "F1_wgt_F1_wgt_CV": 10.490938004368596, "F2_wgt_Direct": 0.45682951290620466, "F2_wgt_SD": 0.048552469476581962, "F2_wgt_CV": 10.62813765417793, "F3_wgt_Direct": 0.50155522750742831, "F3_wgt_SD": 0.052422749840143841, "F3_wgt_CV": 10.452039369755632, "F4_wgt_Direct": 0.44218470067117732, "F4_wgt_SD": 0.04762884718380523, "F4_wgt_CV": 10.771256244621537, "F5_wgt_Direct": 0.5005026673616283, "F5_wgt_SD": 0.052924622101169709, "F5_wgt_CV": 10.574293715587746 }, "geometry": { "type": "MultiPolygon", "coordinates": [ [ [ [ 20.9304695, 52.55894 ], [ 20.8475077, 52.6346382 ], [ 20.8133803, 52.635561 ], [ 20.7516011, 52.6372316 ], [ 20.6228163, 52.5731687 ], [ 20.5665131, 52.4714844 ], [ 20.404814, 52.3843425 ], [ 20.4130718, 52.3374851 ], [ 20.3410652, 52.250089 ], [ 20.473835, 52.2225974 ], [ 20.4732565, 52.192176 ], [ 20.4066413, 52.1779614 ], [ 20.411539, 52.1388399 ], [ 20.4885798, 52.0444053 ], [ 20.5934365, 52.0464613 ], [ 20.627251, 51.952712 ], [ 20.8133803, 51.9327464 ], [ 20.9742648, 51.9154887 ], [ 21.1059195, 51.9368548 ], [ 21.23911, 51.901631 ], [ 21.2758045, 51.876792 ], [ 21.432884, 51.9064759 ], [ 21.5590357, 52.0307146 ], [ 21.6884513, 52.0130747 ], [ 21.776175, 51.9780406 ], [ 21.8713384, 51.9941378 ], [ 21.8799927, 52.0392878 ], [ 21.9574389, 52.0945277 ], [ 21.9121298, 52.1657874 ], [ 21.9293482, 52.2229393 ], [ 21.8669708, 52.233039 ], [ 21.7504824, 52.3135632 ], [ 21.7669553, 52.3462854 ], [ 21.7150512, 52.4117453 ], [ 21.7219891, 52.4841551 ], [ 21.6884513, 52.5143867 ], [ 21.5968115, 52.5532315 ], [ 21.5234614, 52.4861423 ], [ 21.4254973, 52.466318 ], [ 21.287917, 52.5306104 ], [ 21.149739, 52.5192026 ], [ 21.121797, 52.553588 ], [ 20.9304695, 52.55894 ] ] ] ] } },
{ "type": "Feature", "properties": { "region": "PL92", "SampSize": 65.0, "F1_wgt_F1_wgt_Direct": 0.50943565790514445, "F1_wgt_F1_wgt_SD": 0.065880490773928449, "F1_wgt_F1_wgt_CV": 12.932053293017669, "F2_wgt_Direct": 0.47304285648216821, "F2_wgt_SD": 0.061778305155150252, "F2_wgt_CV": 13.059769174947691, "F3_wgt_Direct": 0.48483303352127993, "F3_wgt_SD": 0.063076498774044087, "F3_wgt_CV": 13.009942477707757, "F4_wgt_Direct": 0.46876320588559661, "F4_wgt_SD": 0.061845560838279863, "F4_wgt_CV": 13.193347955166407, "F5_wgt_Direct": 0.5288923368009727, "F5_wgt_SD": 0.068762869982075051, "F5_wgt_CV": 13.001298222241248 }, "geometry": { "type": "MultiPolygon", "coordinates": [ [ [ [ 21.55169, 53.478128 ], [ 21.453826, 53.4642695 ], [ 21.3898215, 53.4237358 ], [ 21.260597, 53.4189554 ], [ 21.0690211, 53.3407387 ], [ 20.9557718, 53.3593806 ], [ 20.8675731, 53.3123963 ], [ 20.8415327, 53.2985243 ], [ 20.8133803, 53.3016776 ], [ 20.7267282, 53.3113834 ], [ 20.675954, 53.2695295 ], [ 20.411137, 53.214165 ], [ 20.2944721, 53.1425388 ], [ 19.9809105, 53.1486405 ], [ 19.8976448, 53.2043406 ], [ 19.8458683, 53.1869294 ], [ 19.8274021, 53.1467953 ], [ 19.7615955, 53.1517965 ], [ 19.6422179, 53.1032848 ], [ 19.684806, 52.963039 ], [ 19.5997494, 52.9745906 ], [ 19.5318877, 52.9404789 ], [ 19.444664, 52.9390425 ], [ 19.480952, 52.8767603 ], [ 19.4414603, 52.8116882 ], [ 19.4986655, 52.7347871 ], [ 19.4458887, 52.7126508 ], [ 19.3957469, 52.6309652 ], [ 19.4111633, 52.6005479 ], [ 19.3519909, 52.5619067 ], [ 19.3604508, 52.5008194 ], [ 19.2953101, 52.4365034 ], [ 19.2891845, 52.3927125 ], [ 19.3354511, 52.3503712 ], [ 19.4743206, 52.3418122 ], [ 19.6519133, 52.2584735 ], [ 19.936101, 52.2997335 ], [ 20.0627224, 52.2418602 ], [ 20.0910462, 52.1596925 ], [ 20.2524898, 52.1063738 ], [ 20.2589336, 52.0747163 ], [ 20.213426, 52.025186899999987 ], [ 20.2600363, 51.9831288 ], [ 20.2551141, 51.9395407 ], [ 20.4545017, 51.9318274 ], [ 20.5740227, 51.8715809 ], [ 20.5853556, 51.7605896 ], [ 20.6482646, 51.7215599 ], [ 20.6460224, 51.6789318 ], [ 20.5956774, 51.661468 ], [ 20.457957, 51.6900735 ], [ 20.385006, 51.64161 ], [ 20.4248905, 51.6116195 ], [ 20.4607397, 51.5129177 ], [ 20.5222252, 51.4810107 ], [ 20.4393201, 51.3919717 ], [ 20.432815, 51.339405 ], [ 20.4944432, 51.3291184 ], [ 20.5360532, 51.2454024 ], [ 20.6713682, 51.2079541 ], [ 20.7037969, 51.1612511 ], [ 20.8133803, 51.1616289 ], [ 20.8754116, 51.1618427 ], [ 20.9259461, 51.1877357 ], [ 21.0364225, 51.1596214 ], [ 21.0815036, 51.2006746 ], [ 21.172553, 51.0828274 ], [ 21.337191, 51.0825978 ], [ 21.4601063, 51.0177231 ], [ 21.6301645, 51.063389 ], [ 21.6884513, 51.0681014 ], [ 21.750864, 51.043374 ], [ 21.802998, 51.072079 ], [ 21.7881011, 51.1802132 ], [ 21.840854, 51.3520664 ], [ 21.7735179, 51.4031949 ], [ 21.8403002, 51.4277819 ], [ 21.8632782, 51.4703258 ], [ 21.8174413, 51.5561279 ], [ 21.6884513, 51.5733442 ], [ 21.6155425, 51.617562 ], [ 21.6520439, 51.6508493 ], [ 21.6884513, 51.6449832 ], [ 21.7435942, 51.6219728 ], [ 21.875512, 51.6836238 ], [ 21.8491591, 51.7506124 ], [ 21.9424595, 51.7999254 ], [ 21.8717306, 51.8360187 ], [ 21.8999117, 51.8931687 ], [ 21.8753275, 51.9530602 ], [ 21.9064911, 51.9808638 ], [ 22.0344228, 52.0170211 ], [ 22.2977049, 52.028256 ], [ 22.3534519, 52.0051015 ], [ 22.4913849, 52.0611133 ], [ 22.6229015, 52.0187445 ], [ 22.6845308, 52.1015903 ], [ 22.8866228, 52.0741203 ], [ 23.128409, 52.2878415 ], [ 23.0599336, 52.294375 ], [ 22.9397999, 52.3689669 ], [ 22.5774712, 52.3994315 ], [ 22.5084784, 52.5365555 ], [ 22.408589, 52.60969 ], [ 22.4427237, 52.652638 ], [ 22.4372193, 52.7762019 ], [ 22.3113459, 52.7609176 ], [ 22.2544482, 52.8786456 ], [ 22.0364859, 52.8666281 ], [ 21.9912137, 52.9611749 ], [ 21.9022643, 53.011621299999987 ], [ 21.8958299, 53.0615738 ], [ 21.7185164, 53.1325972 ], [ 21.6538472, 53.2582727 ], [ 21.6884513, 53.3123963 ], [ 21.612953, 53.4808335 ], [ 21.55169, 53.478128 ] ], [ [ 20.404814, 52.3843425 ], [ 20.5665131, 52.4714844 ], [ 20.6228163, 52.5731687 ], [ 20.7516011, 52.6372316 ], [ 20.8133803, 52.635561 ], [ 20.8475077, 52.6346382 ], [ 20.9304695, 52.55894 ], [ 21.121797, 52.553588 ], [ 21.149739, 52.5192026 ], [ 21.287917, 52.5306104 ], [ 21.4254973, 52.466318 ], [ 21.5234614, 52.4861423 ], [ 21.5968115, 52.5532315 ], [ 21.6884513, 52.5143867 ], [ 21.7219891, 52.4841551 ], [ 21.7150512, 52.4117453 ], [ 21.7669553, 52.3462854 ], [ 21.7504824, 52.3135632 ], [ 21.8669708, 52.233039 ], [ 21.9293482, 52.2229393 ], [ 21.9121298, 52.1657874 ], [ 21.9574389, 52.0945277 ], [ 21.8799927, 52.0392878 ], [ 21.8713384, 51.9941378 ], [ 21.776175, 51.9780406 ], [ 21.6884513, 52.0130747 ], [ 21.5590357, 52.0307146 ], [ 21.432884, 51.9064759 ], [ 21.2758045, 51.876792 ], [ 21.23911, 51.901631 ], [ 21.1059195, 51.9368548 ], [ 20.9742648, 51.9154887 ], [ 20.8133803, 51.9327464 ], [ 20.627251, 51.952712 ], [ 20.5934365, 52.0464613 ], [ 20.4885798, 52.0444053 ], [ 20.411539, 52.1388399 ], [ 20.4066413, 52.1779614 ], [ 20.4732565, 52.192176 ], [ 20.473835, 52.2225974 ], [ 20.3410652, 52.250089 ], [ 20.4130718, 52.3374851 ], [ 20.404814, 52.3843425 ] ] ] ] } },
{ "type": "Feature", "properties": { "region": "PT11", "SampSize": 400.0, "F1_wgt_F1_wgt_Direct": 0.58709541852509006, "F1_wgt_F1_wgt_SD": 0.032809413746147167, "F1_wgt_F1_wgt_CV": 5.5884295313650156, "F2_wgt_Direct": 0.59647176884957276, "F2_wgt_SD": 0.033910159783782798, "F2_wgt_CV": 5.685124016713484, "F3_wgt_Direct": 0.56774963186790728, "F3_wgt_SD": 0.031668995908829538, "F3_wgt_CV": 5.5779861634851153, "F4_wgt_Direct": 0.45741175715933569, "F4_wgt_SD": 0.02692907260166684, "F4_wgt_CV": 5.887271627844564, "F5_wgt_Direct": 0.50760540871645277, "F5_wgt_SD": 0.029155647507403331, "F5_wgt_CV": 5.7437621835289816 }, "geometry": { "type": "MultiPolygon", "coordinates": [ [ [ [ -8.089049, 42.0392411 ], [ -8.1130852, 42.0730203 ], [ -8.1794846, 42.078938 ], [ -8.1990005, 42.154419 ], [ -8.3540405, 42.0840172 ], [ -8.6255711, 42.0453916 ], [ -8.863186, 41.8720665 ], [ -8.8747256, 41.7466263 ], [ -8.8115745, 41.6115675 ], [ -8.776428, 41.4719715 ], [ -8.781119, 41.4022564 ], [ -8.6644043, 41.1178836 ], [ -8.6531195, 40.9647785 ], [ -8.6078238, 40.9609057 ], [ -8.5438978, 40.8732679 ], [ -8.5229775, 40.773605 ], [ -8.3828801, 40.7901715 ], [ -8.273369, 40.7631735 ], [ -8.2396858, 40.8567866 ], [ -8.116299, 40.8623827 ], [ -8.1268442, 40.9435672 ], [ -8.089172, 40.9875555 ], [ -7.9941386, 40.9698522 ], [ -7.915681, 41.019974 ], [ -7.8332106, 40.9672992 ], [ -7.7756246, 40.9752494 ], [ -7.7027401, 40.9341515 ], [ -7.6919861, 40.8646792 ], [ -7.5928694, 40.8408816 ], [ -7.5254217, 40.8681882 ], [ -7.454204, 40.812608 ], [ -7.4141118, 40.9114099 ], [ -7.336982, 40.9432678 ], [ -7.3632699, 41.0107838 ], [ -7.1939372, 41.0284646 ], [ -7.1740243, 40.9399413 ], [ -7.1489363, 40.9292812 ], [ -6.9299035, 41.0294665 ], [ -6.8094553, 41.0475126 ], [ -6.689786, 41.2052415 ], [ -6.479713, 41.29438 ], [ -6.3252092, 41.3940521 ], [ -6.2039234, 41.5857541 ], [ -6.324108, 41.6681119 ], [ -6.5339066, 41.6785926 ], [ -6.5605461, 41.7463826 ], [ -6.5236096, 41.8597017 ], [ -6.5604611, 41.8879366 ], [ -6.5766783, 41.9548003 ], [ -6.716546, 41.9380214 ], [ -6.7960267, 41.9868559 ], [ -6.834535, 41.9486725 ], [ -6.903809, 41.9416846 ], [ -6.9858005, 41.971447 ], [ -7.047392, 41.9512983 ], [ -7.1613635, 41.9807696 ], [ -7.2004645, 41.8797495 ], [ -7.4181584, 41.8181454 ], [ -7.46925, 41.8627833 ], [ -7.5991673, 41.834857899999989 ], [ -7.6157201, 41.8749665 ], [ -7.7071471, 41.90292 ], [ -7.879459, 41.8604216 ], [ -7.898435, 41.9193541 ], [ -8.0518625, 41.820614 ], [ -8.1650755, 41.818302 ], [ -8.2074005, 41.9194941 ], [ -8.089049, 42.0392411 ] ] ] ] } },
{ "type": "Feature", "properties": { "region": "PT15", "SampSize": 45.0, "F1_wgt_F1_wgt_Direct": 0.49714105230063016, "F1_wgt_F1_wgt_SD": 0.082440213267190171, "F1_wgt_F1_wgt_CV": 16.582861722177206, "F2_wgt_Direct": 0.49844542511831735, "F2_wgt_SD": 0.081450310116871885, "F2_wgt_CV": 16.340868229964759, "F3_wgt_Direct": 0.48016240990834669, "F3_wgt_SD": 0.08040114538145568, "F3_wgt_CV": 16.744573028280708, "F4_wgt_Direct": 0.4671096769293529, "F4_wgt_SD": 0.074921123219366365, "F4_wgt_CV": 16.039300172900866, "F5_wgt_Direct": 0.48704568031626294, "F5_wgt_SD": 0.078201133520589383, "F5_wgt_CV": 16.056221558070181 }, "geometry": { "type": "MultiPolygon", "coordinates": [ [ [ [ -7.4518636, 37.4210772 ], [ -7.5126915, 37.5262565 ], [ -7.7396889, 37.4908683 ], [ -7.9800432, 37.4012328 ], [ -8.0765667, 37.3241025 ], [ -8.1975009, 37.3501899 ], [ -8.297263, 37.4295812 ], [ -8.3779265, 37.427265 ], [ -8.484048, 37.3765827 ], [ -8.57181, 37.4054332 ], [ -8.7165055, 37.3995457 ], [ -8.7963215, 37.442948 ], [ -8.9105694, 37.1786576 ], [ -8.9760039, 37.0489791 ], [ -8.9410989, 37.0121508 ], [ -8.5971858, 37.1195004 ], [ -8.1737493, 37.0861276 ], [ -7.9201798, 36.9747602 ], [ -7.559782, 37.1497721 ], [ -7.4019165, 37.1748275 ], [ -7.4518636, 37.4210772 ] ] ] ] } },
{ "type": "Feature", "properties": { "region": "PT16", "SampSize": 304.0, "F1_wgt_F1_wgt_Direct": 0.4878285914275487, "F1_wgt_F1_wgt_SD": 0.03189569577478784, "F1_wgt_F1_wgt_CV": 6.5382997912136362, "F2_wgt_Direct": 0.5125238388740111, "F2_wgt_SD": 0.033486410645330679, "F2_wgt_CV": 6.5336298734705931, "F3_wgt_Direct": 0.44403484662219761, "F3_wgt_SD": 0.028897641485975709, "F3_wgt_CV": 6.5079670448844222, "F4_wgt_Direct": 0.38837947767127301, "F4_wgt_SD": 0.02569258946186271, "F4_wgt_CV": 6.6153313805136467, "F5_wgt_Direct": 0.43471886806656412, "F5_wgt_SD": 0.028259568337925711, "F5_wgt_CV": 6.5006537359677274 }, "geometry": { "type": "MultiPolygon", "coordinates": [ [ [ [ -7.1489363, 40.9292812 ], [ -7.1740243, 40.9399413 ], [ -7.1939372, 41.0284646 ], [ -7.3632699, 41.0107838 ], [ -7.336982, 40.9432678 ], [ -7.4141118, 40.9114099 ], [ -7.454204, 40.812608 ], [ -7.5254217, 40.8681882 ], [ -7.5928694, 40.8408816 ], [ -7.6919861, 40.8646792 ], [ -7.7027401, 40.9341515 ], [ -7.7756246, 40.9752494 ], [ -7.8332106, 40.9672992 ], [ -7.915681, 41.019974 ], [ -7.9941386, 40.9698522 ], [ -8.089172, 40.9875555 ], [ -8.1268442, 40.9435672 ], [ -8.116299, 40.8623827 ], [ -8.2396858, 40.8567866 ], [ -8.273369, 40.7631735 ], [ -8.3828801, 40.7901715 ], [ -8.5229775, 40.773605 ], [ -8.5438978, 40.8732679 ], [ -8.6078238, 40.9609057 ], [ -8.6531195, 40.9647785 ], [ -8.6999128, 40.7984133 ], [ -8.6868054, 40.7502773 ], [ -8.7269349, 40.7265182 ], [ -8.7361632, 40.6208068 ], [ -8.784029, 40.520365 ], [ -8.9000854, 40.2024647 ], [ -8.8695183, 40.1296166 ], [ -8.894933, 40.045503 ], [ -9.0402605, 39.741423 ], [ -9.0969548, 39.5682269 ], [ -9.3540496, 39.3567148 ], [ -9.3413868, 39.2297128 ], [ -9.416455, 39.054697 ], [ -9.2222338, 39.0093479 ], [ -9.1957142, 38.9647268 ], [ -9.107355, 38.9289754 ], [ -9.0364592, 38.9659175 ], [ -9.0226979, 39.0078121 ], [ -8.930277, 39.018025 ], [ -8.9529622, 39.0492601 ], [ -8.9311105, 39.1197621 ], [ -8.9926445, 39.1900007 ], [ -8.9947002, 39.346716 ], [ -8.903421, 39.4660075 ], [ -8.7593815, 39.4757415 ], [ -8.7320698, 39.4492138 ], [ -8.7520863, 39.4128952 ], [ -8.6979377, 39.4058621 ], [ -8.6280342, 39.423611199999989 ], [ -8.5431361, 39.4016844 ], [ -8.4673885, 39.4426008 ], [ -8.3464727, 39.4573407 ], [ -8.2553197, 39.2894183 ], [ -8.1725995, 39.2333135 ], [ -7.9540927, 39.3998817 ], [ -8.0015645, 39.4724132 ], [ -7.9596102, 39.5515928 ], [ -7.8553662, 39.5188162 ], [ -7.825104, 39.537365 ], [ -7.6917725, 39.6371895 ], [ -7.542929, 39.662815 ], [ -7.343952, 39.6435408 ], [ -7.0176157, 39.678922 ], [ -6.9747416, 39.8130846 ], [ -6.9105014, 39.8732767 ], [ -6.8733572, 40.0075709 ], [ -7.0187494, 40.1586785 ], [ -7.0139876, 40.2130647 ], [ -6.9512985, 40.257446 ], [ -6.865144, 40.2706945 ], [ -6.7890649, 40.3515104 ], [ -6.8428672, 40.4428031 ], [ -6.8012227, 40.5194588 ], [ -6.8376748, 40.5801117 ], [ -6.8007339, 40.6618358 ], [ -6.8259286, 40.7496055 ], [ -6.8082084, 40.8596123 ], [ -6.9299035, 41.0294665 ], [ -7.1489363, 40.9292812 ] ] ] ] } },
{ "type": "Feature", "properties": { "region": "PT17", "SampSize": 293.0, "F1_wgt_F1_wgt_Direct": 0.52334890334520145, "F1_wgt_F1_wgt_SD": 0.034897608354764527, "F1_wgt_F1_wgt_CV": 6.6681344188746747, "F2_wgt_Direct": 0.52566393716476034, "F2_wgt_SD": 0.03521577984295745, "F2_wgt_CV": 6.6992953773657238, "F3_wgt_Direct": 0.49764490860202754, "F3_wgt_SD": 0.032566990817623168, "F3_wgt_CV": 6.5442226484562269, "F4_wgt_Direct": 0.47107934236792681, "F4_wgt_SD": 0.032314981310805423, "F4_wgt_CV": 6.8597746503531614, "F5_wgt_Direct": 0.50394524396191021, "F5_wgt_SD": 0.033338683596217063, "F5_wgt_CV": 6.6155369051834745 }, "geometry": { "type": "MultiPolygon", "coordinates": [ [ [ [ -9.0226979, 39.0078121 ], [ -9.0364592, 38.9659175 ], [ -9.107355, 38.9289754 ], [ -9.1957142, 38.9647268 ], [ -9.2222338, 39.0093479 ], [ -9.416455, 39.054697 ], [ -9.423519, 38.9381879 ], [ -9.4909986, 38.7882386 ], [ -9.4773095, 38.7159051 ], [ -9.3314388, 38.6817957 ], [ -9.2345595, 38.6892804 ], [ -9.2468262, 38.6551483 ], [ -9.1873068, 38.530294 ], [ -9.2113805, 38.421556 ], [ -9.0466481, 38.442953 ], [ -8.8937195, 38.5122666 ], [ -8.8073273, 38.4918584 ], [ -8.7775616, 38.5340139 ], [ -8.735063, 38.5156725 ], [ -8.639114, 38.549491 ], [ -8.6447235, 38.613229 ], [ -8.504706, 38.7251268 ], [ -8.5467975, 38.763436 ], [ -8.5999631, 38.7830632 ], [ -8.6145271, 38.8195673 ], [ -8.69223, 38.8309612 ], [ -8.7697547, 38.7421372 ], [ -8.924881, 38.758674 ], [ -8.968466, 38.827765 ], [ -8.8519501, 39.001402 ], [ -8.8729821, 39.0244419 ], [ -8.930277, 39.018025 ], [ -9.0226979, 39.0078121 ] ] ] ] } },
{ "type": "Feature", "properties": { "region": "PT18", "SampSize": 62.0, "F1_wgt_F1_wgt_Direct": 0.46758591399586247, "F1_wgt_F1_wgt_SD": 0.068211711101914013, "F1_wgt_F1_wgt_CV": 14.588059447513126, "F2_wgt_Direct": 0.44663641629272571, "F2_wgt_SD": 0.064178596624980128, "F2_wgt_CV": 14.369315685830117, "F3_wgt_Direct": 0.3967602301283995, "F3_wgt_SD": 0.05934433152246766, "F3_wgt_CV": 14.957227820757804, "F4_wgt_Direct": 0.33839810354438815, "F4_wgt_SD": 0.050796243044209682, "F4_wgt_CV": 15.010794242688972, "F5_wgt_Direct": 0.39255576886795968, "F5_wgt_SD": 0.056593494260930258, "F5_wgt_CV": 14.416676240456956 }, "geometry": { "type": "MultiPolygon", "coordinates": [ [ [ [ -7.542929, 39.662815 ], [ -7.6917725, 39.6371895 ], [ -7.825104, 39.537365 ], [ -7.8553662, 39.5188162 ], [ -7.9596102, 39.5515928 ], [ -8.0015645, 39.4724132 ], [ -7.9540927, 39.3998817 ], [ -8.1725995, 39.2333135 ], [ -8.2553197, 39.2894183 ], [ -8.3464727, 39.4573407 ], [ -8.4673885, 39.4426008 ], [ -8.5431361, 39.4016844 ], [ -8.6280342, 39.423611199999989 ], [ -8.6979377, 39.4058621 ], [ -8.7520863, 39.4128952 ], [ -8.7320698, 39.4492138 ], [ -8.7593815, 39.4757415 ], [ -8.903421, 39.4660075 ], [ -8.9947002, 39.346716 ], [ -8.9926445, 39.1900007 ], [ -8.9311105, 39.1197621 ], [ -8.9529622, 39.0492601 ], [ -8.930277, 39.018025 ], [ -8.8729821, 39.0244419 ], [ -8.8519501, 39.001402 ], [ -8.968466, 38.827765 ], [ -8.924881, 38.758674 ], [ -8.7697547, 38.7421372 ], [ -8.69223, 38.8309612 ], [ -8.6145271, 38.8195673 ], [ -8.5999631, 38.7830632 ], [ -8.5467975, 38.763436 ], [ -8.504706, 38.7251268 ], [ -8.6447235, 38.613229 ], [ -8.639114, 38.549491 ], [ -8.735063, 38.5156725 ], [ -8.7059456, 38.4197013 ], [ -8.8189901, 38.4193578 ], [ -8.7811333, 38.1917704 ], [ -8.8746174, 37.966004399999989 ], [ -8.8129978, 37.9185543 ], [ -8.7956421, 37.858118 ], [ -8.7963215, 37.442948 ], [ -8.7165055, 37.3995457 ], [ -8.57181, 37.4054332 ], [ -8.484048, 37.3765827 ], [ -8.3779265, 37.427265 ], [ -8.297263, 37.4295812 ], [ -8.1975009, 37.3501899 ], [ -8.0765667, 37.3241025 ], [ -7.9800432, 37.4012328 ], [ -7.7396889, 37.4908683 ], [ -7.5126915, 37.5262565 ], [ -7.5009498, 37.6033003 ], [ -7.4189033, 37.7409406 ], [ -7.2977808, 37.8536629 ], [ -7.250536, 37.9791389 ], [ -7.1034007, 38.036375 ], [ -7.0132789, 38.0254508 ], [ -6.9317385, 38.208378 ], [ -7.1079525, 38.1881215 ], [ -7.3076747, 38.4456101 ], [ -7.3089854, 38.5210065 ], [ -7.2551027, 38.6158474 ], [ -7.255303, 38.7113644 ], [ -7.203135, 38.7510175 ], [ -7.0493288, 38.869001499999989 ], [ -6.9599753, 39.0307225 ], [ -7.0113663, 39.1008691 ], [ -7.1348588, 39.11305 ], [ -7.1480671, 39.169753899999989 ], [ -7.2371971, 39.213562 ], [ -7.231467, 39.278431 ], [ -7.3127414, 39.3538564 ], [ -7.3088612, 39.4592606 ], [ -7.4970171, 39.5937315 ], [ -7.542929, 39.662815 ] ] ] ] } },
{ "type": "Feature", "properties": { "region": "RS11", "SampSize": 232.0, "F1_wgt_F1_wgt_Direct": 0.51413550848522993, "F1_wgt_F1_wgt_SD": 0.040276574230330368, "F1_wgt_F1_wgt_CV": 7.8338441063903757, "F2_wgt_Direct": 0.54911734198388251, "F2_wgt_SD": 0.042473688668817178, "F2_wgt_CV": 7.734902073091666, "F3_wgt_Direct": 0.49374645378015874, "F3_wgt_SD": 0.039117079806094517, "F3_wgt_CV": 7.9225034441485738, "F4_wgt_Direct": 0.37574228114104102, "F4_wgt_SD": 0.030755949527426919, "F4_wgt_CV": 8.1853842570041166, "F5_wgt_Direct": 0.40641947959345343, "F5_wgt_SD": 0.03321489248321717, "F5_wgt_CV": 8.1725640996446458 }, "geometry": { "type": "MultiPolygon", "coordinates": [ [ [ [ 20.7777071, 44.6601113 ], [ 20.7600017, 44.6671525 ], [ 20.6473656, 44.7509143 ], [ 20.5893433, 44.8407758 ], [ 20.6184382, 44.868543 ], [ 20.611284, 44.9149199 ], [ 20.4496027, 45.0192083 ], [ 20.414361, 45.084168 ], [ 20.334135, 45.07441 ], [ 20.3533634, 45.0219631 ], [ 20.2915259, 44.9455138 ], [ 20.1770166, 44.9023909 ], [ 20.1058914, 44.7975234 ], [ 20.1174551, 44.7124397 ], [ 20.0112548, 44.6671525 ], [ 19.9858495, 44.642281 ], [ 19.9903095, 44.5856475 ], [ 20.0415152, 44.5291966 ], [ 20.1535477, 44.5214604 ], [ 20.2066305, 44.5480033 ], [ 20.2418114, 44.4701493 ], [ 20.2118965, 44.3336308 ], [ 20.2573345, 44.2851104 ], [ 20.3046545, 44.2696529 ], [ 20.400346, 44.3131185 ], [ 20.443081, 44.3773256 ], [ 20.4266353, 44.4190214 ], [ 20.4546681, 44.4350749 ], [ 20.783538, 44.326624 ], [ 20.7597634, 44.4207993 ], [ 20.8133803, 44.4459945 ], [ 20.8441321, 44.4604451 ], [ 20.8133803, 44.4948654 ], [ 20.7659123, 44.547996 ], [ 20.8076748, 44.5871946 ], [ 20.8133803, 44.6211897 ], [ 20.8133803, 44.6582024 ], [ 20.7777071, 44.6601113 ] ] ] ] } },
{ "type": "Feature", "properties": { "region": "RS12", "SampSize": 269.0, "F1_wgt_F1_wgt_Direct": 0.50589560856126137, "F1_wgt_F1_wgt_SD": 0.035943504394827429, "F1_wgt_F1_wgt_CV": 7.1049251637207798, "F2_wgt_Direct": 0.54036198068246244, "F2_wgt_SD": 0.03870447333131876, "F2_wgt_CV": 7.162693659986231, "F3_wgt_Direct": 0.49879270473194326, "F3_wgt_SD": 0.036376274395176759, "F3_wgt_CV": 7.2928641598168067, "F4_wgt_Direct": 0.43483103571222714, "F4_wgt_SD": 0.031728113130607451, "F4_wgt_CV": 7.2966533031936658, "F5_wgt_Direct": 0.47734974841349093, "F5_wgt_SD": 0.034575019785506381, "F5_wgt_CV": 7.2431209821350384 }, "geometry": { "type": "MultiPolygon", "coordinates": [ [ [ [ 19.5463012, 46.1658439 ], [ 19.4238466, 46.0533841 ], [ 19.2995503, 46.0209239 ], [ 19.3027095, 45.9915505 ], [ 19.1657836, 45.9971296 ], [ 19.1111289, 46.034991 ], [ 19.0653615, 45.9668915 ], [ 18.889734, 45.9211805 ], [ 18.8651355, 45.829568 ], [ 18.9062768, 45.7658078 ], [ 18.9644874, 45.7371395 ], [ 18.9144751, 45.7131926 ], [ 18.9450631, 45.66621 ], [ 18.9164042, 45.5780824 ], [ 19.0481978, 45.5238003 ], [ 19.033942, 45.4868215 ], [ 19.0012496, 45.4748686 ], [ 19.005262, 45.4346305 ], [ 18.992138, 45.3664233 ], [ 19.160286, 45.2765635 ], [ 19.4180298, 45.2266881 ], [ 19.4251675, 45.1676925 ], [ 19.3009127, 45.2032433 ], [ 19.2624512, 45.1758806 ], [ 19.197095, 45.1911652 ], [ 19.1503233, 45.1402221 ], [ 19.0896263, 45.1355278 ], [ 19.0919877, 44.9862856 ], [ 19.1448328, 44.9571515 ], [ 19.0693038, 44.9112273 ], [ 19.0052701, 44.9090473 ], [ 19.0220695, 44.855354 ], [ 19.1687365, 44.9137863 ], [ 19.3511615, 44.8890595 ], [ 19.4420745, 44.9230323 ], [ 19.7215607, 44.9126167 ], [ 19.7397368, 44.8923853 ], [ 19.7072039, 44.8149781 ], [ 19.719508, 44.7682953 ], [ 19.9607481, 44.6932997 ], [ 19.9430492, 44.6468699 ], [ 19.9858495, 44.642281 ], [ 20.0112548, 44.6671525 ], [ 20.1174551, 44.7124397 ], [ 20.1058914, 44.7975234 ], [ 20.1770166, 44.9023909 ], [ 20.2915259, 44.9455138 ], [ 20.3533634, 45.0219631 ], [ 20.334135, 45.07441 ], [ 20.414361, 45.084168 ], [ 20.4496027, 45.0192083 ], [ 20.611284, 44.9149199 ], [ 20.6184382, 44.868543 ], [ 20.5893433, 44.8407758 ], [ 20.6473656, 44.7509143 ], [ 20.7600017, 44.6671525 ], [ 20.7777071, 44.6601113 ], [ 20.8133803, 44.6582024 ], [ 21.03748, 44.7181505 ], [ 21.35847, 44.821612 ], [ 21.3960445, 44.8638178 ], [ 21.541856, 44.9036553 ], [ 21.3982685, 45.0124244 ], [ 21.5048896, 45.128014 ], [ 21.4791785, 45.1930275 ], [ 21.2444615, 45.2418583 ], [ 21.1738268, 45.3153152 ], [ 21.016575, 45.3246275 ], [ 20.8523811, 45.4655888 ], [ 20.8133803, 45.4778917 ], [ 20.7776987, 45.4891475 ], [ 20.8133803, 45.5308555 ], [ 20.8133803, 45.5509647 ], [ 20.771413, 45.6059528 ], [ 20.8105017, 45.7738782 ], [ 20.7200237, 45.7535965 ], [ 20.662833, 45.794116 ], [ 20.5678398, 45.8980114 ], [ 20.3669811, 45.9898003 ], [ 20.264296, 46.1263735 ], [ 19.9863913, 46.1760518 ], [ 19.86539, 46.1503345 ], [ 19.7978039, 46.1358802 ], [ 19.698099, 46.187931 ], [ 19.5463012, 46.1658439 ] ] ] ] } },
{ "type": "Feature", "properties": { "region": "RS21", "SampSize": 330.0, "F1_wgt_F1_wgt_Direct": 0.58977945653655195, "F1_wgt_F1_wgt_SD": 0.039039696494069437, "F1_wgt_F1_wgt_CV": 6.6193720485498009, "F2_wgt_Direct": 0.61960182401653263, "F2_wgt_SD": 0.040930755563733968, "F2_wgt_CV": 6.6059772546185771, "F3_wgt_Direct": 0.57534366115273339, "F3_wgt_SD": 0.038949553494545402, "F3_wgt_CV": 6.76978927976851, "F4_wgt_Direct": 0.50431729641027234, "F4_wgt_SD": 0.034252993463389572, "F4_wgt_CV": 6.7919529445454652, "F5_wgt_Direct": 0.55615680153494462, "F5_wgt_SD": 0.036990113515484979, "F5_wgt_CV": 6.6510224119161139 }, "geometry": { "type": "MultiPolygon", "coordinates": [ [ [ [ 19.9903095, 44.5856475 ], [ 19.9858495, 44.642281 ], [ 19.9430492, 44.6468699 ], [ 19.9607481, 44.6932997 ], [ 19.719508, 44.7682953 ], [ 19.7072039, 44.8149781 ], [ 19.7397368, 44.8923853 ], [ 19.7215607, 44.9126167 ], [ 19.4420745, 44.9230323 ], [ 19.3511615, 44.8890595 ], [ 19.2775928, 44.6671525 ], [ 19.1307054, 44.5081966 ], [ 19.1440616, 44.4326713 ], [ 19.1189183, 44.3429345 ], [ 19.1761906, 44.287348099999988 ], [ 19.3190249, 44.2669478 ], [ 19.3676694, 44.187247 ], [ 19.497113, 44.099053 ], [ 19.5840982, 44.0609199 ], [ 19.5894675, 44.0147184 ], [ 19.5038919, 43.9664758 ], [ 19.2849018, 43.9565425 ], [ 19.4936758, 43.7206888 ], [ 19.502302, 43.6322057 ], [ 19.4533657, 43.5867635 ], [ 19.2879633, 43.590944 ], [ 19.2489123, 43.563972 ], [ 19.224069, 43.527541 ], [ 19.2418705, 43.4730656 ], [ 19.4386048, 43.3868919 ], [ 19.5206457, 43.3014629 ], [ 19.6579771, 43.1867594 ], [ 19.7447826, 43.1514666 ], [ 19.8422495, 43.1118393 ], [ 19.9590149, 43.0963502 ], [ 20.0639365, 43.006824 ], [ 20.32958, 42.9114881 ], [ 20.3529285, 42.8333815 ], [ 20.4687795, 42.8532225 ], [ 20.5120948, 42.8871271 ], [ 20.5059772, 42.9562094 ], [ 20.658907, 43.0287307 ], [ 20.6823678, 43.1164925 ], [ 20.652983, 43.1514666 ], [ 20.6183998, 43.1926278 ], [ 20.8197485, 43.2724665 ], [ 20.8738318, 43.1740186 ], [ 20.923564, 43.1460825 ], [ 20.9928457, 43.248218 ], [ 21.1175988, 43.2665291 ], [ 21.2494877, 43.3740886 ], [ 21.3532504, 43.3983269 ], [ 21.480156, 43.378987 ], [ 21.5659408, 43.436876 ], [ 21.5682868, 43.5253945 ], [ 21.5394983, 43.563972 ], [ 21.4725563, 43.6536764 ], [ 21.5119797, 43.718381 ], [ 21.4774845, 43.7662355 ], [ 21.6566135, 43.8188745 ], [ 21.7801225, 44.0259385 ], [ 21.8220175, 44.0825085 ], [ 21.6884513, 44.1118877 ], [ 21.4746947, 44.2063422 ], [ 21.3743563, 44.2099609 ], [ 21.3207877, 44.2852852 ], [ 21.2566852, 44.2674489 ], [ 21.1475695, 44.3151695 ], [ 21.1610085, 44.249230399999988 ], [ 21.134376, 44.214336 ], [ 21.0406563, 44.2300832 ], [ 20.9770276, 44.2734376 ], [ 20.8549667, 44.2830936 ], [ 20.8133803, 44.3084374 ], [ 20.783538, 44.326624 ], [ 20.4546681, 44.4350749 ], [ 20.4266353, 44.4190214 ], [ 20.443081, 44.3773256 ], [ 20.400346, 44.3131185 ], [ 20.3046545, 44.2696529 ], [ 20.2573345, 44.2851104 ], [ 20.2118965, 44.3336308 ], [ 20.2418114, 44.4701493 ], [ 20.2066305, 44.5480033 ], [ 20.1535477, 44.5214604 ], [ 20.0415152, 44.5291966 ], [ 19.9903095, 44.5856475 ] ] ] ] } },
{ "type": "Feature", "properties": { "region": "RS22", "SampSize": 262.0, "F1_wgt_F1_wgt_Direct": 0.53377560712472427, "F1_wgt_F1_wgt_SD": 0.039106780355446319, "F1_wgt_F1_wgt_CV": 7.3264457636237514, "F2_wgt_Direct": 0.55437385972594178, "F2_wgt_SD": 0.040624539207857129, "F2_wgt_CV": 7.3280041068206438, "F3_wgt_Direct": 0.50306548520781935, "F3_wgt_SD": 0.037660903067743202, "F3_wgt_CV": 7.4862824374018144, "F4_wgt_Direct": 0.44010970728709331, "F4_wgt_SD": 0.033566938631043292, "F4_wgt_CV": 7.6269480257445981, "F5_wgt_Direct": 0.49417819933615176, "F5_wgt_SD": 0.0371330717334106, "F5_wgt_CV": 7.5141055965829446 }, "geometry": { "type": "MultiPolygon", "coordinates": [ [ [ [ 21.5811187, 44.7566855 ], [ 21.4068155, 44.7810592 ], [ 21.35847, 44.821612 ], [ 21.03748, 44.7181505 ], [ 20.8133803, 44.6582024 ], [ 20.8133803, 44.6211897 ], [ 20.8076748, 44.5871946 ], [ 20.7659123, 44.547996 ], [ 20.8133803, 44.4948654 ], [ 20.8441321, 44.4604451 ], [ 20.8133803, 44.4459945 ], [ 20.7597634, 44.4207993 ], [ 20.783538, 44.326624 ], [ 20.8133803, 44.3084374 ], [ 20.8549667, 44.2830936 ], [ 20.9770276, 44.2734376 ], [ 21.0406563, 44.2300832 ], [ 21.134376, 44.214336 ], [ 21.1610085, 44.249230399999988 ], [ 21.1475695, 44.3151695 ], [ 21.2566852, 44.2674489 ], [ 21.3207877, 44.2852852 ], [ 21.3743563, 44.2099609 ], [ 21.4746947, 44.2063422 ], [ 21.6884513, 44.1118877 ], [ 21.8220175, 44.0825085 ], [ 21.7801225, 44.0259385 ], [ 21.6566135, 43.8188745 ], [ 21.4774845, 43.7662355 ], [ 21.5119797, 43.718381 ], [ 21.4725563, 43.6536764 ], [ 21.5394983, 43.563972 ], [ 21.5682868, 43.5253945 ], [ 21.5659408, 43.436876 ], [ 21.480156, 43.378987 ], [ 21.3532504, 43.3983269 ], [ 21.2494877, 43.3740886 ], [ 21.1175988, 43.2665291 ], [ 20.9928457, 43.248218 ], [ 20.923564, 43.1460825 ], [ 21.1176683, 43.119844199999989 ], [ 21.1695345, 43.0165076 ], [ 21.2279845, 43.0056221 ], [ 21.2683457, 42.9084869 ], [ 21.4351155, 42.8722755 ], [ 21.4095399, 42.7486535 ], [ 21.5716832, 42.7294224 ], [ 21.6600455, 42.6827613 ], [ 21.753409, 42.7009465 ], [ 21.7782987, 42.6512505 ], [ 21.7099757, 42.5378804 ], [ 21.6884513, 42.5021645 ], [ 21.6508971, 42.4695039 ], [ 21.5624693, 42.3430307 ], [ 21.5869465, 42.2628175 ], [ 21.6884513, 42.238921 ], [ 21.8463207, 42.316315 ], [ 21.9086667, 42.3071383 ], [ 21.9508335, 42.3343263 ], [ 22.0628736, 42.3002793 ], [ 22.2740361, 42.3633843 ], [ 22.3602065, 42.311157 ], [ 22.4538212, 42.3469705 ], [ 22.5429483, 42.4695039 ], [ 22.5276921, 42.5153844 ], [ 22.4568656, 42.5730752 ], [ 22.461472, 42.6484905 ], [ 22.491635, 42.7399662 ], [ 22.4428215, 42.8254565 ], [ 22.5155105, 42.8685385 ], [ 22.7483995, 42.8897875 ], [ 22.774327, 42.9410789 ], [ 22.7937057, 42.9794149 ], [ 22.9757688, 43.114283 ], [ 22.9901706, 43.1514666 ], [ 23.00621, 43.1928785 ], [ 22.8997252, 43.2276791 ], [ 22.8290345, 43.3014629 ], [ 22.747454, 43.386613 ], [ 22.6669755, 43.4027475 ], [ 22.5297637, 43.48583 ], [ 22.5048972, 43.563972 ], [ 22.4795331, 43.6436778 ], [ 22.4110648, 43.7019014 ], [ 22.3659599, 43.8064367 ], [ 22.4172933, 43.9997289 ], [ 22.536145, 44.0455115 ], [ 22.6111789, 44.0671546 ], [ 22.6277869, 44.1702149 ], [ 22.6751615, 44.215663 ], [ 22.6723571, 44.2752142 ], [ 22.5395567, 44.3274246 ], [ 22.4684386, 44.4649341 ], [ 22.5387634, 44.4821622 ], [ 22.6011478, 44.5454109 ], [ 22.7437887, 44.5353079 ], [ 22.7518405, 44.5607976 ], [ 22.7037282, 44.6019053 ], [ 22.4333499, 44.7056561 ], [ 22.3115426, 44.6569869 ], [ 22.1897861, 44.4965635 ], [ 22.144434, 44.4781322 ], [ 22.0508507, 44.5333729 ], [ 22.0161325, 44.5992025 ], [ 22.0123505, 44.6023185 ], [ 21.9650839, 44.6366361 ], [ 21.6884513, 44.6650154 ], [ 21.6410102, 44.6602578 ], [ 21.6235912, 44.6671525 ], [ 21.5811187, 44.7566855 ] ] ] ] } },
{ "type": "Feature", "properties": { "region": "SE11", "SampSize": 219.0, "F1_wgt_F1_wgt_Direct": 0.52556841308110269, "F1_wgt_F1_wgt_SD": 0.036307515096384572, "F1_wgt_F1_wgt_CV": 6.9082376704365993, "F2_wgt_Direct": 0.53054031850805783, "F2_wgt_SD": 0.037101062958231339, "F2_wgt_CV": 6.9930713395287141, "F3_wgt_Direct": 0.51022346509318417, "F3_wgt_SD": 0.035825585511290489, "F3_wgt_CV": 7.0215480004918094, "F4_wgt_Direct": 0.44049250132486539, "F4_wgt_SD": 0.031204000800295138, "F4_wgt_CV": 7.0838892163755682, "F5_wgt_Direct": 0.48901059098638461, "F5_wgt_SD": 0.034121694834403027, "F5_wgt_CV": 6.9777005781359582 }, "geometry": { "type": "MultiPolygon", "coordinates": [ [ [ [ 19.2876901, 59.5550918 ], [ 19.2317796, 59.5186178 ], [ 19.2626458, 59.4990342 ], [ 19.3055493, 59.5226309 ], [ 19.2876901, 59.5550918 ] ] ], [ [ [ 19.2134768, 59.4718619 ], [ 19.1760074, 59.4363863 ], [ 19.2220037, 59.3999284 ], [ 19.2317229, 59.439557 ], [ 19.2134768, 59.4718619 ] ] ], [ [ [ 19.1551694, 59.7756682 ], [ 19.1369295, 59.7878767 ], [ 19.0945298, 59.753981499999988 ], [ 19.1193092, 59.7211346 ], [ 19.160389, 59.7598903 ], [ 19.2086443, 59.7495036 ], [ 19.2176482, 59.7626832 ], [ 19.1905998, 59.8033945 ], [ 19.1551694, 59.7756682 ] ] ], [ [ [ 19.1577506, 59.3956723 ], [ 19.1026342, 59.3576982 ], [ 19.1330109, 59.3327433 ], [ 19.1710429, 59.3686133 ], [ 19.1577506, 59.3956723 ] ] ], [ [ [ 19.1562693, 59.8495954 ], [ 19.1340943, 59.8672629 ], [ 19.1020244, 59.8479264 ], [ 19.1113718, 59.8107735 ], [ 19.1373497, 59.8107735 ], [ 19.1562693, 59.8495954 ] ] ], [ [ [ 18.6829177, 60.1326418 ], [ 18.5132655, 60.148089 ], [ 18.4203823, 60.0393558 ], [ 18.446384, 59.9975599 ], [ 18.369423, 59.8732562 ], [ 18.1562116, 59.8189221 ], [ 18.0373448, 59.7350366 ], [ 17.7978557, 59.681857699999988 ], [ 17.6273485, 59.678317 ], [ 17.5363185, 59.6164939 ], [ 17.5540336, 59.5523444 ], [ 17.4905374, 59.5086052 ], [ 17.4840287, 59.452115 ], [ 17.4161265, 59.38414 ], [ 17.3451797, 59.3449909 ], [ 17.3481231, 59.2869018 ], [ 17.2545085, 59.2134959 ], [ 17.3134472, 59.1388714 ], [ 17.3305755, 59.0396238 ], [ 17.3832045, 58.9866252 ], [ 17.5299872, 58.9836283 ], [ 17.572396, 58.9508525 ], [ 17.6597263, 58.9511219 ], [ 17.7325418, 59.0136336 ], [ 17.7859439, 58.9133709 ], [ 17.899548, 58.8384755 ], [ 18.0018759, 58.9392546 ], [ 18.1352289, 58.998893699999989 ], [ 18.1586399, 59.0573156 ], [ 18.3260945, 59.0954203 ], [ 18.4212667, 59.0720403 ], [ 18.4352973, 59.1208156 ], [ 18.3575422, 59.2154435 ], [ 18.3583168, 59.2792317 ], [ 18.5126233, 59.2402945 ], [ 18.6765076, 59.2580338 ], [ 18.719308, 59.2095992 ], [ 18.7476685, 59.2212602 ], [ 18.7557723, 59.2844007 ], [ 18.6778001, 59.3542013 ], [ 18.5023004, 59.3850746 ], [ 18.3945424, 59.3605842 ], [ 18.332686, 59.4038222 ], [ 18.4680719, 59.466613 ], [ 18.622216, 59.453554 ], [ 18.7814293, 59.6514132 ], [ 19.0383163, 59.733472 ], [ 19.0370178, 59.860645299999987 ], [ 18.9192945, 59.9639661 ], [ 18.7717058, 60.1557214 ], [ 18.6829177, 60.1326418 ] ] ], [ [ [ 18.983768, 59.4963545 ], [ 18.9211494, 59.4713021 ], [ 18.9558128, 59.4485979 ], [ 18.9961628, 59.4551167 ], [ 18.983768, 59.4963545 ] ] ], [ [ [ 18.9539834, 59.654218 ], [ 18.9216075, 59.637645199999987 ], [ 18.8739074, 59.637645199999987 ], [ 18.8370903, 59.5942616 ], [ 18.8899377, 59.5818496 ], [ 18.9737671, 59.637645199999987 ], [ 18.9539834, 59.654218 ] ] ], [ [ [ 18.9220712, 59.4226213 ], [ 18.9072717, 59.4472756 ], [ 18.8515262, 59.4306167 ], [ 18.843841, 59.3902194 ], [ 18.9012489, 59.4049335 ], [ 18.9447169, 59.3645102 ], [ 18.9646509, 59.4008889 ], [ 18.9562544, 59.4216663 ], [ 18.9220712, 59.4226213 ] ] ], [ [ [ 18.8677088, 59.530174499999987 ], [ 18.8086746, 59.5137363 ], [ 18.8347847, 59.4770996 ], [ 18.8694312, 59.4891283 ], [ 18.8677088, 59.530174499999987 ] ] ], [ [ [ 18.7985903, 59.586932499999989 ], [ 18.7542982, 59.5775853 ], [ 18.7300967, 59.5431251 ], [ 18.7401982, 59.5347433 ], [ 18.8272921, 59.5442557 ], [ 18.7985903, 59.586932499999989 ] ] ], [ [ [ 18.7932416, 59.465111 ], [ 18.8073624, 59.491250799999989 ], [ 18.7289685, 59.4919042 ], [ 18.7105747, 59.4683536 ], [ 18.7728068, 59.4583852 ], [ 18.7925494, 59.40485 ], [ 18.820875, 59.4115028 ], [ 18.7932416, 59.465111 ] ] ], [ [ [ 18.7576372, 59.414387399999988 ], [ 18.7093491, 59.3903094 ], [ 18.7575568, 59.363231 ], [ 18.7882167, 59.3869843 ], [ 18.7576372, 59.414387399999988 ] ] ], [ [ [ 18.5529015, 59.0749374 ], [ 18.5039903, 59.059778 ], [ 18.5026102, 59.0205081 ], [ 18.5561085, 59.035955 ], [ 18.5529015, 59.0749374 ] ] ], [ [ [ 18.4299611, 58.9971426 ], [ 18.4258203, 58.9707053 ], [ 18.4724346, 58.9752979 ], [ 18.4908009, 58.9554734 ], [ 18.5110409, 58.9952325 ], [ 18.4299611, 58.9971426 ] ] ], [ [ [ 18.2073778, 58.9393283 ], [ 18.1971382, 58.9210304 ], [ 18.2750736, 58.9163263 ], [ 18.2859815, 58.9667886 ], [ 18.2073778, 58.9393283 ] ] ], [ [ [ 18.1200598, 58.914794 ], [ 18.0881194, 58.8800664 ], [ 18.1357481, 58.8405663 ], [ 18.144555, 58.8702349 ], [ 18.1200598, 58.914794 ] ] ] ] } },
{ "type": "Feature", "properties": { "region": "SE12", "SampSize": 169.0, "F1_wgt_F1_wgt_Direct": 0.5185078564519412, "F1_wgt_F1_wgt_SD": 0.040751482857042713, "F1_wgt_F1_wgt_CV": 7.8593761598711351, "F2_wgt_Direct": 0.51024667577568739, "F2_wgt_SD": 0.040630828192381688, "F2_wgt_CV": 7.9629775403463201, "F3_wgt_Direct": 0.50231553910083016, "F3_wgt_SD": 0.040166522141992969, "F3_wgt_CV": 7.9962730625242164, "F4_wgt_Direct": 0.4461542851972139, "F4_wgt_SD": 0.03598064050900085, "F4_wgt_CV": 8.0646183848926398, "F5_wgt_Direct": 0.49261153873584496, "F5_wgt_SD": 0.038814608364603619, "F5_wgt_CV": 7.8793542806997321 }, "geometry": { "type": "MultiPolygon", "coordinates": [ [ [ [ 17.6055966, 60.5781297 ], [ 17.6284817, 60.6360292 ], [ 17.370218, 60.6544615 ], [ 17.2888072, 60.4591953 ], [ 17.2276907, 60.4325451 ], [ 17.198527, 60.4081377 ], [ 17.1988755, 60.3753021 ], [ 17.1917122, 60.3126113 ], [ 17.1612315, 60.290602699999987 ], [ 17.0751071, 60.2670393 ], [ 16.9433267, 60.2886107 ], [ 16.8618488, 60.2262129 ], [ 16.703831, 60.1957205 ], [ 16.3019573, 60.0755663 ], [ 16.1784597, 60.0870931 ], [ 16.0142617, 60.1759893 ], [ 15.8064179, 60.1708584 ], [ 15.7450143, 60.120677699999987 ], [ 15.7014718, 59.9644376 ], [ 15.5216926, 59.942900599999987 ], [ 15.4430046, 59.8732562 ], [ 15.4220925, 59.854747499999988 ], [ 15.3933859, 59.8732562 ], [ 15.1978091, 59.999355 ], [ 14.9003367, 60.0565802 ], [ 14.81293, 60.1029886 ], [ 14.7476136, 60.0791806 ], [ 14.7382941, 60.0010388 ], [ 14.4371555, 60.026161 ], [ 14.4354862, 59.9781104 ], [ 14.3693954, 59.9381924 ], [ 14.4164434, 59.8732562 ], [ 14.409991, 59.7371313 ], [ 14.4353015, 59.644657 ], [ 14.4699928, 59.5430171 ], [ 14.4030137, 59.5105435 ], [ 14.4563476, 59.4421095 ], [ 14.3112382, 59.2895388 ], [ 14.2948943, 59.1549565 ], [ 14.3306744, 59.0868356 ], [ 14.295995, 59.0127795 ], [ 14.2997782, 58.9343317 ], [ 14.4632774, 58.7763753 ], [ 14.4853039, 58.720012 ], [ 14.5748949, 58.6845138 ], [ 14.6757214, 58.7366982 ], [ 14.7789365, 58.6459925 ], [ 14.6366772, 58.4704588 ], [ 14.4478815, 58.2375039 ], [ 14.41671, 58.1872405 ], [ 14.4770786, 58.131303 ], [ 14.6037759, 58.0991481 ], [ 14.8533112, 58.0894022 ], [ 14.974616, 58.1358637 ], [ 15.0663276, 58.005591499999987 ], [ 15.0161102, 57.977299 ], [ 15.0051892, 57.9003154 ], [ 15.1218087, 57.7287893 ], [ 15.421051, 57.7048795 ], [ 15.6170244, 57.8527891 ], [ 15.8497213, 57.8263184 ], [ 15.9535727, 57.8137701 ], [ 16.0526741, 57.8731441 ], [ 16.0556111, 57.905729 ], [ 16.0299362, 57.9387538 ], [ 16.05616, 57.9788228 ], [ 16.0055489, 58.022354899999989 ], [ 16.0181283, 58.0791954 ], [ 16.1645443, 58.06653 ], [ 16.1853243, 58.103249499999983 ], [ 16.2706184, 58.135352499999989 ], [ 16.5413998, 58.1067976 ], [ 16.58975, 58.0671813 ], [ 16.6666835, 57.9960765 ], [ 16.7719558, 58.036806 ], [ 16.8635578, 58.1243099 ], [ 16.7743968, 58.2573074 ], [ 16.8613911, 58.26678949999998 ], [ 16.8104399, 58.417888399999988 ], [ 16.9198904, 58.5014402 ], [ 16.7481782, 58.5944002 ], [ 16.7506635, 58.626932 ], [ 16.9834653, 58.6252047 ], [ 17.1199632, 58.6721461 ], [ 17.1207562, 58.7303335 ], [ 17.3146882, 58.7260658 ], [ 17.6113741, 58.8929899 ], [ 17.572396, 58.9508525 ], [ 17.5299872, 58.9836283 ], [ 17.3832045, 58.9866252 ], [ 17.3305755, 59.0396238 ], [ 17.3134472, 59.1388714 ], [ 17.2545085, 59.2134959 ], [ 17.3481231, 59.2869018 ], [ 17.3451797, 59.3449909 ], [ 17.4161265, 59.38414 ], [ 17.4840287, 59.452115 ], [ 17.4905374, 59.5086052 ], [ 17.5540336, 59.5523444 ], [ 17.5363185, 59.6164939 ], [ 17.6273485, 59.678317 ], [ 17.7978557, 59.681857699999988 ], [ 18.0373448, 59.7350366 ], [ 18.1562116, 59.8189221 ], [ 18.369423, 59.8732562 ], [ 18.446384, 59.9975599 ], [ 18.4203823, 60.0393558 ], [ 18.5132655, 60.148089 ], [ 18.5611176, 60.1886026 ], [ 18.660638, 60.1948653 ], [ 18.6641317, 60.2177017 ], [ 18.6162278, 60.2263303 ], [ 18.6524668, 60.2795803 ], [ 18.5613374, 60.3685878 ], [ 18.496455, 60.3723458 ], [ 18.4713809, 60.4772501 ], [ 18.4243151, 60.505899199999988 ], [ 18.3949309, 60.501201099999989 ], [ 18.4124542, 60.3541651 ], [ 18.3594698, 60.342754 ], [ 18.2803384, 60.3511563 ], [ 18.1392544, 60.4282454 ], [ 18.0297919, 60.5099163 ], [ 17.9781095, 60.5882561 ], [ 17.8084262, 60.5724342 ], [ 17.6878464, 60.525635099999988 ], [ 17.6387273, 60.5511857 ], [ 17.6055966, 60.5781297 ] ] ], [ [ [ 17.4845075, 58.7624666 ], [ 17.4344892, 58.7313503 ], [ 17.4630889, 58.7010829 ], [ 17.5018234, 58.7324019 ], [ 17.4845075, 58.7624666 ] ] ], [ [ [ 17.1833931, 58.6839878 ], [ 17.144959, 58.6445401 ], [ 17.1574506, 58.6293796 ], [ 17.197169, 58.626766 ], [ 17.1993768, 58.6700529 ], [ 17.1833931, 58.6839878 ] ] ], [ [ [ 16.9757576, 58.4502743 ], [ 16.9487474, 58.408738 ], [ 16.9627564, 58.3694447 ], [ 16.9986654, 58.408738 ], [ 16.9757576, 58.4502743 ] ] ], [ [ [ 16.9317404, 58.2116441 ], [ 16.8916034, 58.1684855 ], [ 16.9408519, 58.1645731 ], [ 16.9702469, 58.2050359 ], [ 16.9317404, 58.2116441 ] ] ], [ [ [ 16.9205303, 58.3587529 ], [ 16.9265033, 58.3979556 ], [ 16.8633036, 58.4219922 ], [ 16.8717973, 58.381057 ], [ 16.9096176, 58.3132913 ], [ 16.9544279, 58.338148 ], [ 16.9205303, 58.3587529 ] ] ] ] } },
{ "type": "Feature", "properties": { "region": "SE21", "SampSize": 95.0, "F1_wgt_F1_wgt_Direct": 0.54760707601061165, "F1_wgt_F1_wgt_SD": 0.057144322107045113, "F1_wgt_F1_wgt_CV": 10.435278251579378, "F2_wgt_Direct": 0.51733952902763047, "F2_wgt_SD": 0.054860963490968459, "F2_wgt_CV": 10.604440684067351, "F3_wgt_Direct": 0.5271283510153365, "F3_wgt_SD": 0.055624758438230962, "F3_wgt_CV": 10.552412582455196, "F4_wgt_Direct": 0.47256038290731323, "F4_wgt_SD": 0.050429300991309538, "F4_wgt_CV": 10.671504174991457, "F5_wgt_Direct": 0.52851148665613179, "F5_wgt_SD": 0.055611314369963312, "F5_wgt_CV": 10.522252736986584 }, "geometry": { "type": "MultiPolygon", "coordinates": [ [ [ [ 19.092145, 57.9691584 ], [ 19.0863683, 57.9344442 ], [ 19.0491437, 57.9088466 ], [ 19.0798829, 57.8690466 ], [ 19.1229912, 57.8428212 ], [ 19.1683783, 57.8925049 ], [ 19.138131, 57.9159639 ], [ 19.2602012, 57.9521978 ], [ 19.3049066, 57.9442086 ], [ 19.3488657, 57.9604959 ], [ 19.3081119, 57.9849353 ], [ 19.2416654, 57.9744676 ], [ 19.1623508, 57.9925548 ], [ 19.092145, 57.9691584 ] ] ], [ [ [ 19.3102117, 58.3723785 ], [ 19.2457049, 58.3929148 ], [ 19.1705313, 58.3962549 ], [ 19.2144624, 58.3372051 ], [ 19.287749, 58.3375713 ], [ 19.3102117, 58.3723785 ] ] ], [ [ [ 18.865421, 57.9221024 ], [ 18.7989704, 57.8552588 ], [ 18.7668856, 57.8985822 ], [ 18.702474, 57.9203081 ], [ 18.595935, 57.8477606 ], [ 18.4710511, 57.8194217 ], [ 18.3233823, 57.6661794 ], [ 18.170671, 57.584282 ], [ 18.1150183, 57.5236939 ], [ 18.1715659, 57.354503899999983 ], [ 18.1024152, 57.2668186 ], [ 18.143555, 57.2321952 ], [ 18.158601, 57.1614007 ], [ 18.211933, 57.1305019 ], [ 18.2072355, 57.0720933 ], [ 18.2603024, 57.0726294 ], [ 18.2653435, 57.0561402 ], [ 18.2084721, 57.0186114 ], [ 18.128388, 56.9124893 ], [ 18.2131615, 56.9124893 ], [ 18.3447128, 56.9735881 ], [ 18.343991, 57.0605515 ], [ 18.4153606, 57.1419915 ], [ 18.6973397, 57.2363349 ], [ 18.6757837, 57.3047179 ], [ 18.7668856, 57.3664157 ], [ 18.8885912, 57.4101152 ], [ 18.8878327, 57.4272691 ], [ 18.8000129, 57.4502886 ], [ 18.7668856, 57.5012621 ], [ 18.7668856, 57.5247474 ], [ 18.7966514, 57.5442596 ], [ 18.8021378, 57.592989100000018 ], [ 18.7668856, 57.6216489 ], [ 18.8144181, 57.7354418 ], [ 18.9377682, 57.7215301 ], [ 18.9588282, 57.778982 ], [ 19.0198654, 57.756831 ], [ 19.0119824, 57.8120462 ], [ 19.0765143, 57.8395268 ], [ 18.9983494, 57.915531 ], [ 18.865421, 57.9221024 ] ] ], [ [ [ 16.7783832, 56.7832909 ], [ 16.8483926, 56.8306119 ], [ 16.8889035, 56.9124668 ], [ 16.9118537, 56.9897804 ], [ 17.0681958, 57.1884641 ], [ 17.0691615, 57.2788138 ], [ 17.1257904, 57.3338131 ], [ 17.0497831, 57.3541361 ], [ 16.978411, 57.3042758 ], [ 16.8944833, 57.1165774 ], [ 16.7281279, 56.9124668 ], [ 16.6107729, 56.850723 ], [ 16.3803953, 56.5359365 ], [ 16.4077062, 56.2068747 ], [ 16.4995806, 56.268555799999987 ], [ 16.7783832, 56.7832909 ] ] ], [ [ [ 14.3113566, 58.1355952 ], [ 14.1349513, 58.1360901 ], [ 14.0963849, 58.0580849 ], [ 14.0384488, 58.0207835 ], [ 13.7810291, 58.0452874 ], [ 13.7201468, 57.9706276 ], [ 13.7802562, 57.9070469 ], [ 13.7401019, 57.8434927 ], [ 13.7461564, 57.776927 ], [ 13.7171995, 57.6601937 ], [ 13.675171, 57.6112729 ], [ 13.6764813, 57.5508113 ], [ 13.4872148, 57.3830234 ], [ 13.2954299, 57.3054103 ], [ 13.1007605, 57.1455155 ], [ 13.088634, 57.097150899999988 ], [ 13.1336433, 57.0348709 ], [ 13.3439998, 57.1093089 ], [ 13.4847747, 57.1041914 ], [ 13.5840938, 57.0662541 ], [ 13.6181464, 57.0018835 ], [ 13.681201, 56.9721145 ], [ 13.6773244, 56.9275137 ], [ 13.6030137, 56.8969201 ], [ 13.3818082, 56.8632275 ], [ 13.3076266, 56.8186191 ], [ 13.3287167, 56.6964494 ], [ 13.4525395, 56.5374296 ], [ 13.4626365, 56.4281885 ], [ 13.5226553, 56.408938 ], [ 13.8708941, 56.4424594 ], [ 14.0136873, 56.4708653 ], [ 14.0853572, 56.5276224 ], [ 14.3489914, 56.4843729 ], [ 14.5146695, 56.460037 ], [ 14.6910433, 56.3890468 ], [ 14.8852904, 56.363413 ], [ 15.025583, 56.4472631 ], [ 15.1854065, 56.4335028 ], [ 15.3635035, 56.482376 ], [ 15.5693242, 56.4956541 ], [ 15.8497213, 56.3211912 ], [ 16.0498715, 56.3218885 ], [ 16.2473133, 56.6073829 ], [ 16.3656681, 56.6912143 ], [ 16.44907, 56.9647984 ], [ 16.5461647, 57.0689395 ], [ 16.531874, 57.1556295 ], [ 16.4809671, 57.183548 ], [ 16.4893227, 57.2626051 ], [ 16.702092, 57.4561641 ], [ 16.7106373, 57.6000145 ], [ 16.6527161, 57.6086731 ], [ 16.7066155, 57.6761566 ], [ 16.7019879, 57.7555956 ], [ 16.7684708, 57.8274122 ], [ 16.7886021, 57.9602899 ], [ 16.6666835, 57.9960765 ], [ 16.58975, 58.0671813 ], [ 16.5413998, 58.1067976 ], [ 16.2706184, 58.135352499999989 ], [ 16.1853243, 58.103249499999983 ], [ 16.1645443, 58.06653 ], [ 16.0181283, 58.0791954 ], [ 16.0055489, 58.022354899999989 ], [ 16.05616, 57.9788228 ], [ 16.0299362, 57.9387538 ], [ 16.0556111, 57.905729 ], [ 16.0526741, 57.8731441 ], [ 15.9535727, 57.8137701 ], [ 15.8497213, 57.8263184 ], [ 15.6170244, 57.8527891 ], [ 15.421051, 57.7048795 ], [ 15.1218087, 57.7287893 ], [ 15.0051892, 57.9003154 ], [ 15.0161102, 57.977299 ], [ 15.0663276, 58.005591499999987 ], [ 14.974616, 58.1358637 ], [ 14.8533112, 58.0894022 ], [ 14.6037759, 58.0991481 ], [ 14.4770786, 58.131303 ], [ 14.41671, 58.1872405 ], [ 14.3113566, 58.1355952 ] ] ], [ [ [ 16.4730354, 56.8088593 ], [ 16.4171207, 56.7751533 ], [ 16.4449061, 56.7547466 ], [ 16.4895204, 56.77099 ], [ 16.4730354, 56.8088593 ] ] ] ] } },
{ "type": "Feature", "properties": { "region": "SE22", "SampSize": 167.0, "F1_wgt_F1_wgt_Direct": 0.517695727003886, "F1_wgt_F1_wgt_SD": 0.041049455901331001, "F1_wgt_F1_wgt_CV": 7.9292630323415576, "F2_wgt_Direct": 0.51785411547282301, "F2_wgt_SD": 0.041380367069343033, "F2_wgt_CV": 7.9907382857353539, "F3_wgt_Direct": 0.50884266343919338, "F3_wgt_SD": 0.040833409537457448, "F3_wgt_CV": 8.0247613793761676, "F4_wgt_Direct": 0.44139957434982713, "F4_wgt_SD": 0.035705746024953709, "F4_wgt_CV": 8.0892117029219097, "F5_wgt_Direct": 0.49032786520120258, "F5_wgt_SD": 0.038977156799942118, "F5_wgt_CV": 7.9492028836558415 }, "geometry": { "type": "MultiPolygon", "coordinates": [ [ [ [ 14.3489914, 56.4843729 ], [ 14.0853572, 56.5276224 ], [ 14.0136873, 56.4708653 ], [ 13.8708941, 56.4424594 ], [ 13.5226553, 56.408938 ], [ 13.4626365, 56.4281885 ], [ 13.194974, 56.3301063 ], [ 12.9714385, 56.3640256 ], [ 12.9564603, 56.429349 ], [ 12.899313, 56.4490045 ], [ 12.7179147, 56.4633366 ], [ 12.6414636, 56.4230705 ], [ 12.807553, 56.281459 ], [ 12.7921184, 56.2362267 ], [ 12.5258231, 56.2593518 ], [ 12.5752092, 56.147466099999988 ], [ 12.7416787, 55.9847027 ], [ 12.8117789, 55.8745461 ], [ 12.9066051, 55.8247438 ], [ 12.9272873, 55.7501177 ], [ 13.0471781, 55.6733169 ], [ 12.9179224, 55.5780934 ], [ 12.9478121, 55.442060299999987 ], [ 12.8545372, 55.4197723 ], [ 12.8546921, 55.3938064 ], [ 13.3385115, 55.342201 ], [ 13.7358254, 55.4263894 ], [ 13.9151109, 55.4302358 ], [ 14.0630364, 55.3849792 ], [ 14.1742358, 55.3883364 ], [ 14.3496657, 55.5477652 ], [ 14.2119577, 55.7114767 ], [ 14.2304894, 55.8349299 ], [ 14.3503788, 55.9587265 ], [ 14.5463995, 56.0613175 ], [ 14.557037, 56.0275955 ], [ 14.6248096, 55.9989244 ], [ 14.7246543, 56.0027447 ], [ 14.7685491, 56.0361674 ], [ 14.6944313, 56.1542172 ], [ 15.0884209, 56.1523414 ], [ 15.3001022, 56.1682193 ], [ 15.3159966, 56.1281751 ], [ 15.4313075, 56.1336714 ], [ 15.5748423, 56.1932228 ], [ 15.5903307, 56.1655253 ], [ 15.7175148, 56.1583633 ], [ 15.7093919, 56.1208769 ], [ 15.6502545, 56.1090133 ], [ 15.679412, 56.0764037 ], [ 15.7930928, 56.0548191 ], [ 15.8053279, 56.0929902 ], [ 15.8497213, 56.0788287 ], [ 16.0522734, 56.2631618 ], [ 16.0498715, 56.3218885 ], [ 15.8497213, 56.3211912 ], [ 15.5693242, 56.4956541 ], [ 15.3635035, 56.482376 ], [ 15.1854065, 56.4335028 ], [ 15.025583, 56.4472631 ], [ 14.8852904, 56.363413 ], [ 14.6910433, 56.3890468 ], [ 14.5146695, 56.460037 ], [ 14.3489914, 56.4843729 ] ] ], [ [ [ 15.4666823, 56.1033774 ], [ 15.4755173, 56.093287 ], [ 15.5583957, 56.0913191 ], [ 15.5721817, 56.1104475 ], [ 15.6278153, 56.0846752 ], [ 15.6506722, 56.101775 ], [ 15.6422885, 56.1364155 ], [ 15.5789947, 56.1226185 ], [ 15.5266851, 56.1383884 ], [ 15.4666823, 56.1033774 ] ] ], [ [ [ 12.7376291, 55.9117189 ], [ 12.6729717, 55.9285435 ], [ 12.6653488, 55.9145285 ], [ 12.6963712, 55.8830386 ], [ 12.727876, 55.8852703 ], [ 12.7376291, 55.9117189 ] ] ] ] } },
{ "type": "Feature", "properties": { "region": "SE23", "SampSize": 232.0, "F1_wgt_F1_wgt_Direct": 0.51927160133081429, "F1_wgt_F1_wgt_SD": 0.034938410422944738, "F1_wgt_F1_wgt_CV": 6.7283499296712748, "F2_wgt_Direct": 0.51727952722147097, "F2_wgt_SD": 0.035242911982599573, "F2_wgt_CV": 6.813127163934805, "F3_wgt_Direct": 0.49740984342944722, "F3_wgt_SD": 0.03375559206057277, "F3_wgt_CV": 6.7862734335615684, "F4_wgt_Direct": 0.44513116423501842, "F4_wgt_SD": 0.030737371555719439, "F4_wgt_CV": 6.9052391801286817, "F5_wgt_Direct": 0.4904550142099347, "F5_wgt_SD": 0.033126497334339519, "F5_wgt_CV": 6.7542376720732298 }, "geometry": { "type": "MultiPolygon", "coordinates": [ [ [ [ 12.2755303, 59.198515 ], [ 12.2223748, 59.251783 ], [ 12.0967612, 59.2532025 ], [ 12.0805805, 59.1851109 ], [ 12.0591281, 59.1947394 ], [ 11.9546209, 59.2416449 ], [ 11.8261965, 59.23785 ], [ 11.7882549, 59.2031568 ], [ 11.7722318, 59.094078 ], [ 11.6836949, 58.9517019 ], [ 11.6353646, 58.9037594 ], [ 11.507084, 58.8829868 ], [ 11.463374, 58.8966653 ], [ 11.4600463, 58.9517019 ], [ 11.460827, 58.9886585 ], [ 11.3696213, 59.0830903 ], [ 11.3154538, 59.0991283 ], [ 11.1942858, 59.0727157 ], [ 11.1296106, 59.0079473 ], [ 11.1249797, 58.9165613 ], [ 11.2273145, 58.8190596 ], [ 11.1919582, 58.7217597 ], [ 11.2685636, 58.6500985 ], [ 11.2381434, 58.5547756 ], [ 11.2957649, 58.4704588 ], [ 11.239855, 58.4214098 ], [ 11.2346428, 58.3760227 ], [ 11.3859661, 58.3332434 ], [ 11.4665825, 58.271672900000013 ], [ 11.4000491, 58.2210052 ], [ 11.3919054, 58.1429908 ], [ 11.4965826, 58.0636984 ], [ 11.5675499, 57.9438441 ], [ 11.7380998, 58.0062324 ], [ 11.7627858, 58.0494021 ], [ 11.7196075, 58.0884711 ], [ 11.8038166, 58.1077881 ], [ 11.8097491, 58.0239441 ], [ 11.7702438, 57.9178208 ], [ 11.6980817, 57.8899465 ], [ 11.6939552, 57.8601457 ], [ 11.7146232, 57.8090414 ], [ 11.7913833, 57.7798912 ], [ 11.732162, 57.7074544 ], [ 11.8328288, 57.6837228 ], [ 11.9229005, 57.562223 ], [ 11.9367165, 57.4108394 ], [ 12.0487101, 57.360221 ], [ 12.0668472, 57.3873112 ], [ 12.0468608, 57.4265772 ], [ 12.0913173, 57.4179145 ], [ 12.1388139, 57.2367388 ], [ 12.2076408, 57.1773911 ], [ 12.3715812, 56.9351284 ], [ 12.58189, 56.824119 ], [ 12.7243791, 56.665126 ], [ 12.8453081, 56.6518594 ], [ 12.9030703, 56.6130385 ], [ 12.9292107, 56.5503241 ], [ 12.899313, 56.4490045 ], [ 12.9564603, 56.429349 ], [ 12.9714385, 56.3640256 ], [ 13.194974, 56.3301063 ], [ 13.4626365, 56.4281885 ], [ 13.4525395, 56.5374296 ], [ 13.3287167, 56.6964494 ], [ 13.3076266, 56.8186191 ], [ 13.3818082, 56.8632275 ], [ 13.6030137, 56.8969201 ], [ 13.6773244, 56.9275137 ], [ 13.681201, 56.9721145 ], [ 13.6181464, 57.0018835 ], [ 13.5840938, 57.0662541 ], [ 13.4847747, 57.1041914 ], [ 13.3439998, 57.1093089 ], [ 13.1336433, 57.0348709 ], [ 13.088634, 57.097150899999988 ], [ 13.1007605, 57.1455155 ], [ 13.2954299, 57.3054103 ], [ 13.4872148, 57.3830234 ], [ 13.6764813, 57.5508113 ], [ 13.675171, 57.6112729 ], [ 13.7171995, 57.6601937 ], [ 13.7461564, 57.776927 ], [ 13.7401019, 57.8434927 ], [ 13.7802562, 57.9070469 ], [ 13.7201468, 57.9706276 ], [ 13.7810291, 58.0452874 ], [ 14.0384488, 58.0207835 ], [ 14.0963849, 58.0580849 ], [ 14.1349513, 58.1360901 ], [ 14.3113566, 58.1355952 ], [ 14.41671, 58.1872405 ], [ 14.4478815, 58.2375039 ], [ 14.6366772, 58.4704588 ], [ 14.7789365, 58.6459925 ], [ 14.6757214, 58.7366982 ], [ 14.5748949, 58.6845138 ], [ 14.4853039, 58.720012 ], [ 14.4632774, 58.7763753 ], [ 14.2997782, 58.9343317 ], [ 14.295995, 59.0127795 ], [ 14.1657391, 59.0496914 ], [ 14.0103746, 59.029903 ], [ 13.5879113, 59.0543202 ], [ 13.4083795, 58.9319355 ], [ 13.3470719, 58.8197093 ], [ 13.3953864, 58.7475046 ], [ 13.2587277, 58.728741 ], [ 12.9029434, 58.8184331 ], [ 12.7819076, 59.0222639 ], [ 12.761147, 59.1085777 ], [ 12.6604242, 59.1794505 ], [ 12.5801812, 59.120607199999988 ], [ 12.4891118, 59.1302406 ], [ 12.4453545, 59.1890124 ], [ 12.2755303, 59.198515 ] ] ], [ [ [ 11.7723587, 57.6586875 ], [ 11.7496642, 57.6301787 ], [ 11.7819093, 57.587452199999987 ], [ 11.8071844, 57.6236215 ], [ 11.7723587, 57.6586875 ] ] ], [ [ [ 11.7102264, 57.7379112 ], [ 11.6907807, 57.7651675 ], [ 11.6529716, 57.7556361 ], [ 11.6537882, 57.7334788 ], [ 11.6152684, 57.7201402 ], [ 11.6464651, 57.6944077 ], [ 11.6794373, 57.7042754 ], [ 11.7102264, 57.7379112 ] ] ], [ [ [ 11.5972972, 57.9127106 ], [ 11.5785798, 57.8936482 ], [ 11.6152794, 57.8490376 ], [ 11.6572456, 57.8936482 ], [ 11.5972972, 57.9127106 ] ] ], [ [ [ 11.5999883, 57.6546746 ], [ 11.5664115, 57.614378 ], [ 11.618133, 57.6090113 ], [ 11.6417724, 57.6470943 ], [ 11.5999883, 57.6546746 ] ] ], [ [ [ 11.2973593, 58.2323597 ], [ 11.2698303, 58.2201171 ], [ 11.3200707, 58.1812695 ], [ 11.3524973, 58.2118116 ], [ 11.2973593, 58.2323597 ] ] ], [ [ [ 11.1757213, 58.3653952 ], [ 11.194425, 58.3261422 ], [ 11.2394481, 58.3249213 ], [ 11.2153621, 58.3761596 ], [ 11.1757213, 58.3653952 ] ] ], [ [ [ 11.1451551, 58.8126047 ], [ 11.1501425, 58.7692878 ], [ 11.1829259, 58.7628708 ], [ 11.1920091, 58.8209856 ], [ 11.1451551, 58.8126047 ] ] ], [ [ [ 11.0170183, 58.9182534 ], [ 10.9804365, 58.8819295 ], [ 11.0413281, 58.8549797 ], [ 11.0514828, 58.8738385 ], [ 11.0170183, 58.9182534 ] ] ] ] } },
{ "type": "Feature", "properties": { "region": "SE31", "SampSize": 91.0, "F1_wgt_F1_wgt_Direct": 0.5181631101007903, "F1_wgt_F1_wgt_SD": 0.055313448923912399, "F1_wgt_F1_wgt_CV": 10.674910630583703, "F2_wgt_Direct": 0.51252397623084633, "F2_wgt_SD": 0.05536043233308189, "F2_wgt_CV": 10.801530250391048, "F3_wgt_Direct": 0.49486828561136686, "F3_wgt_SD": 0.053725513962279627, "F3_wgt_CV": 10.856527994293756, "F4_wgt_Direct": 0.43624621495549903, "F4_wgt_SD": 0.047752320111738231, "F4_wgt_CV": 10.946185542632016, "F5_wgt_Direct": 0.48778524840532056, "F5_wgt_SD": 0.05255268046221475, "F5_wgt_CV": 10.773733038057475 }, "geometry": { "type": "MultiPolygon", "coordinates": [ [ [ [ 17.4892995, 62.1369505 ], [ 17.2189112, 62.1509704 ], [ 16.5110776, 62.2328059 ], [ 16.1821188, 62.2400071 ], [ 15.7175822, 62.3211682 ], [ 15.5165996, 62.3376014 ], [ 15.3273395, 62.2720835 ], [ 15.4040906, 62.1806925 ], [ 15.4114215, 62.129721 ], [ 15.1170551, 61.9985167 ], [ 15.0854743, 61.833619199999987 ], [ 14.9502716, 61.872274 ], [ 14.8955128, 61.8215831 ], [ 14.7961096, 61.8673692 ], [ 14.7657338, 61.8287427 ], [ 14.6571678, 61.8758516 ], [ 14.5373089, 61.7821071 ], [ 14.4977482, 61.6468499 ], [ 14.4475615, 61.594948 ], [ 14.3910263, 61.5712226 ], [ 14.2155341, 61.6147985 ], [ 13.5498626, 61.6528443 ], [ 13.3815352, 61.832191 ], [ 13.2386731, 61.9300282 ], [ 13.3503017, 61.9928815 ], [ 13.2812832, 62.048416599999989 ], [ 13.160601, 62.0253074 ], [ 13.0187992, 62.0646582 ], [ 12.7961541, 62.2170357 ], [ 12.5995377, 62.2167559 ], [ 12.29937, 62.267494 ], [ 12.1454016, 61.7303169 ], [ 12.4158172, 61.569139 ], [ 12.5790724, 61.5596813 ], [ 12.8563304, 61.3641996 ], [ 12.826031, 61.2488116 ], [ 12.7149281, 61.1446983 ], [ 12.6937073, 61.0945495 ], [ 12.6701765, 61.0559765 ], [ 12.2354091, 61.0096387 ], [ 12.3249591, 60.8949388 ], [ 12.3948308, 60.7397743 ], [ 12.6029219, 60.5104225 ], [ 12.5998049, 60.4063426 ], [ 12.5041075, 60.3119125 ], [ 12.5357165, 60.1898456 ], [ 12.4938309, 60.0929697 ], [ 12.3432821, 59.9706327 ], [ 12.1758299, 59.895472 ], [ 12.0591281, 59.8953397 ], [ 11.9705235, 59.8952391 ], [ 11.9177396, 59.8732562 ], [ 11.839729, 59.840767 ], [ 11.9269705, 59.790476 ], [ 11.9303014, 59.701733 ], [ 11.8018621, 59.644657 ], [ 11.7223856, 59.6207573 ], [ 11.6990403, 59.581165 ], [ 11.8139509, 59.3380739 ], [ 11.8261965, 59.23785 ], [ 11.9546209, 59.2416449 ], [ 12.0591281, 59.1947394 ], [ 12.0805805, 59.1851109 ], [ 12.0967612, 59.2532025 ], [ 12.2223748, 59.251783 ], [ 12.2755303, 59.198515 ], [ 12.4453545, 59.1890124 ], [ 12.4891118, 59.1302406 ], [ 12.5801812, 59.120607199999988 ], [ 12.6604242, 59.1794505 ], [ 12.761147, 59.1085777 ], [ 12.7819076, 59.0222639 ], [ 12.9029434, 58.8184331 ], [ 13.2587277, 58.728741 ], [ 13.3953864, 58.7475046 ], [ 13.3470719, 58.8197093 ], [ 13.4083795, 58.9319355 ], [ 13.5879113, 59.0543202 ], [ 14.0103746, 59.029903 ], [ 14.1657391, 59.0496914 ], [ 14.295995, 59.0127795 ], [ 14.3306744, 59.0868356 ], [ 14.2948943, 59.1549565 ], [ 14.3112382, 59.2895388 ], [ 14.4563476, 59.4421095 ], [ 14.4030137, 59.5105435 ], [ 14.4699928, 59.5430171 ], [ 14.4353015, 59.644657 ], [ 14.409991, 59.7371313 ], [ 14.4164434, 59.8732562 ], [ 14.3693954, 59.9381924 ], [ 14.4354862, 59.9781104 ], [ 14.4371555, 60.026161 ], [ 14.7382941, 60.0010388 ], [ 14.7476136, 60.0791806 ], [ 14.81293, 60.1029886 ], [ 14.9003367, 60.0565802 ], [ 15.1978091, 59.999355 ], [ 15.3933859, 59.8732562 ], [ 15.4220925, 59.854747499999988 ], [ 15.4430046, 59.8732562 ], [ 15.5216926, 59.942900599999987 ], [ 15.7014718, 59.9644376 ], [ 15.7450143, 60.120677699999987 ], [ 15.8064179, 60.1708584 ], [ 16.0142617, 60.1759893 ], [ 16.1784597, 60.0870931 ], [ 16.3019573, 60.0755663 ], [ 16.703831, 60.1957205 ], [ 16.8618488, 60.2262129 ], [ 16.9433267, 60.2886107 ], [ 17.0751071, 60.2670393 ], [ 17.1612315, 60.290602699999987 ], [ 17.1917122, 60.3126113 ], [ 17.1988755, 60.3753021 ], [ 17.198527, 60.4081377 ], [ 17.2276907, 60.4325451 ], [ 17.2888072, 60.4591953 ], [ 17.370218, 60.6544615 ], [ 17.2772941, 60.6975459 ], [ 17.3266231, 60.8099055 ], [ 17.1747756, 60.9467253 ], [ 17.223099, 61.0110756 ], [ 17.1880816, 61.0400726 ], [ 17.1725984, 61.1855295 ], [ 17.2069555, 61.307460899999988 ], [ 17.1408288, 61.3866958 ], [ 17.163244, 61.4389348 ], [ 17.1310327, 61.5476218 ], [ 17.2053105, 61.597513899999988 ], [ 17.238777, 61.7037484 ], [ 17.4846054, 61.6614586 ], [ 17.4886196, 61.6997288 ], [ 17.400117, 61.7454137 ], [ 17.3423574, 61.8655992 ], [ 17.4892995, 62.1369505 ] ] ], [ [ [ 17.4234669, 61.5601357 ], [ 17.350285, 61.5633459 ], [ 17.3712059, 61.5231277 ], [ 17.4200579, 61.535549 ], [ 17.4234669, 61.5601357 ] ] ], [ [ [ 17.3363642, 61.1765174 ], [ 17.3124708, 61.1830457 ], [ 17.2884802, 61.169449799999988 ], [ 17.292938, 61.1486876 ], [ 17.3252796, 61.1241337 ], [ 17.342194, 61.1534255 ], [ 17.3363642, 61.1765174 ] ] ] ] } },
{ "type": "Feature", "properties": { "region": "SE32", "SampSize": 45.0, "F1_wgt_F1_wgt_Direct": 0.52869451424322444, "F1_wgt_F1_wgt_SD": 0.080062353393630797, "F1_wgt_F1_wgt_CV": 15.14340535729454, "F2_wgt_Direct": 0.54260157756305394, "F2_wgt_SD": 0.083451610541267943, "F2_wgt_CV": 15.379905623582584, "F3_wgt_Direct": 0.51727876411654983, "F3_wgt_SD": 0.078848125945119127, "F3_wgt_CV": 15.242869302740909, "F4_wgt_Direct": 0.47377493767517065, "F4_wgt_SD": 0.072720690169305782, "F4_wgt_CV": 15.349205790865303, "F5_wgt_Direct": 0.49302801138115282, "F5_wgt_SD": 0.07484611881641054, "F5_wgt_CV": 15.180905970583504 }, "geometry": { "type": "MultiPolygon", "coordinates": [ [ [ [ 15.3270798, 64.6147356 ], [ 15.286013, 64.6881693 ], [ 15.0559644, 64.7628844 ], [ 14.9743019, 64.838046 ], [ 14.845569, 64.8834644 ], [ 14.6805611, 64.9911651 ], [ 14.4683364, 65.0676279 ], [ 14.325985, 65.118916 ], [ 13.6665859, 64.5889541 ], [ 14.1116674, 64.4537681 ], [ 14.1301545, 64.3322924 ], [ 14.1365275, 64.2904168 ], [ 14.1411861, 64.2598058 ], [ 14.1506214, 64.1978078 ], [ 14.047886, 64.0929146 ], [ 13.996105, 64.040046 ], [ 13.9773315, 64.0208782 ], [ 13.7768776, 64.040046 ], [ 13.2239856, 64.0929146 ], [ 13.2146082, 64.0938113 ], [ 13.2096547, 64.0929146 ], [ 12.917599, 64.040046 ], [ 12.8274986, 64.0237358 ], [ 12.68163, 63.9705267 ], [ 12.5307612, 63.8574769 ], [ 12.4555241, 63.8038982 ], [ 12.1608113, 63.594024 ], [ 12.1996753, 63.4693741 ], [ 12.0591281, 63.3391806 ], [ 11.9855276, 63.2710021 ], [ 12.0524555, 63.1834445 ], [ 12.196679, 63.0071299 ], [ 12.0919226, 62.9006583 ], [ 12.1250524, 62.7487236 ], [ 12.0730571, 62.6017179 ], [ 12.2546595, 62.3310245 ], [ 12.29937, 62.267494 ], [ 12.5995377, 62.2167559 ], [ 12.7961541, 62.2170357 ], [ 13.0187992, 62.0646582 ], [ 13.160601, 62.0253074 ], [ 13.2812832, 62.048416599999989 ], [ 13.3503017, 61.9928815 ], [ 13.2386731, 61.9300282 ], [ 13.3815352, 61.832191 ], [ 13.5498626, 61.6528443 ], [ 14.2155341, 61.6147985 ], [ 14.3910263, 61.5712226 ], [ 14.4475615, 61.594948 ], [ 14.4977482, 61.6468499 ], [ 14.5373089, 61.7821071 ], [ 14.6571678, 61.8758516 ], [ 14.7657338, 61.8287427 ], [ 14.7961096, 61.8673692 ], [ 14.8955128, 61.8215831 ], [ 14.9502716, 61.872274 ], [ 15.0854743, 61.833619199999987 ], [ 15.1170551, 61.9985167 ], [ 15.4114215, 62.129721 ], [ 15.4040906, 62.1806925 ], [ 15.3273395, 62.2720835 ], [ 15.5165996, 62.3376014 ], [ 15.7175822, 62.3211682 ], [ 16.1821188, 62.2400071 ], [ 16.5110776, 62.2328059 ], [ 17.2189112, 62.1509704 ], [ 17.4892995, 62.1369505 ], [ 17.5771526, 62.2234953 ], [ 17.414925, 62.3315682 ], [ 17.4228889, 62.369079 ], [ 17.4821277, 62.4035972 ], [ 17.4702351, 62.4692826 ], [ 17.6580185, 62.4367728 ], [ 17.9638086, 62.574708 ], [ 18.0091522, 62.629401 ], [ 17.9824488, 62.7350132 ], [ 18.0269391, 62.7684873 ], [ 17.9641345, 62.7864112 ], [ 17.950129, 62.8232643 ], [ 18.0570082, 62.809202 ], [ 18.0438762, 62.7162661 ], [ 18.0942315, 62.6958327 ], [ 18.2398906, 62.8575474 ], [ 18.3664845, 62.8615286 ], [ 18.446305, 62.8977135 ], [ 18.4619539, 63.0309816 ], [ 18.5903937, 63.1507338 ], [ 18.674588, 63.1369431 ], [ 18.7663664, 63.1848721 ], [ 19.0501074, 63.2198082 ], [ 19.2272801, 63.3508206 ], [ 19.286468, 63.4697195 ], [ 19.1656176, 63.6065582 ], [ 18.9382615, 63.7664077 ], [ 18.7744998, 63.8038982 ], [ 18.7512823, 63.8092135 ], [ 18.5729875, 63.8265597 ], [ 18.4802022, 63.8574769 ], [ 18.4316698, 63.912565799999989 ], [ 18.4646224, 63.961788399999989 ], [ 18.4016073, 63.9919654 ], [ 17.7171426, 63.8813639 ], [ 17.5662331, 63.8936829 ], [ 16.8996315, 63.9480985 ], [ 16.718954, 64.027878 ], [ 16.6927453, 64.040046 ], [ 16.5788716, 64.0929146 ], [ 16.2357669, 64.2522092 ], [ 16.0430721, 64.2598058 ], [ 16.0291572, 64.2904168 ], [ 16.0101218, 64.3322924 ], [ 15.7542356, 64.4125127 ], [ 15.6903887, 64.5216705 ], [ 15.6524657, 64.5109364 ], [ 15.6255516, 64.4556794 ], [ 15.5904541, 64.4549356 ], [ 15.5202846, 64.5236252 ], [ 15.3270798, 64.6147356 ] ] ], [ [ [ 18.8749904, 63.1788544 ], [ 18.8246606, 63.1569915 ], [ 18.8429399, 63.1274123 ], [ 18.8883238, 63.1332825 ], [ 18.8749904, 63.1788544 ] ] ], [ [ [ 18.5935601, 63.0761156 ], [ 18.6103964, 63.0418691 ], [ 18.6168357, 62.974376 ], [ 18.6535453, 62.9846213 ], [ 18.6847222, 63.0776514 ], [ 18.6506276, 63.0685566 ], [ 18.6244688, 63.088259099999988 ], [ 18.5935601, 63.0761156 ] ] ], [ [ [ 17.6922286, 62.2317034 ], [ 17.6733077, 62.2085708 ], [ 17.7068811, 62.1823418 ], [ 17.751398, 62.2208683 ], [ 17.6922286, 62.2317034 ] ] ], [ [ [ 17.5626512, 62.4154268 ], [ 17.5394132, 62.3907743 ], [ 17.5484446, 62.3772979 ], [ 17.6071335, 62.3699404 ], [ 17.5887131, 62.4147818 ], [ 17.5626512, 62.4154268 ] ] ] ] } },
{ "type": "Feature", "properties": { "region": "SE33", "SampSize": 99.0, "F1_wgt_F1_wgt_Direct": 0.52659284428133724, "F1_wgt_F1_wgt_SD": 0.053999480640938027, "F1_wgt_F1_wgt_CV": 10.254503308838791, "F2_wgt_Direct": 0.4981256116588762, "F2_wgt_SD": 0.05185349261874015, "F2_wgt_CV": 10.409722247779181, "F3_wgt_Direct": 0.51515749480643147, "F3_wgt_SD": 0.053214895627678713, "F3_wgt_CV": 10.329830423543388, "F4_wgt_Direct": 0.44069725020116718, "F4_wgt_SD": 0.046486735557886807, "F4_wgt_CV": 10.548451467910631, "F5_wgt_Direct": 0.48499610303815943, "F5_wgt_SD": 0.05007718815468068, "F5_wgt_CV": 10.325276397270477 }, "geometry": { "type": "MultiPolygon", "coordinates": [ [ [ [ 22.0496521, 68.4874981 ], [ 21.9124574, 68.5697101 ], [ 21.4550422, 68.6912865 ], [ 21.3805119, 68.7542568 ], [ 21.1096689, 68.8569394 ], [ 21.0415504, 68.8702547 ], [ 20.9051924, 68.8969089 ], [ 20.8766947, 68.9270148 ], [ 20.8829872, 68.973511 ], [ 20.7852169, 69.023616 ], [ 20.5486365, 69.0599685 ], [ 20.1970447, 69.0240517 ], [ 20.2877607, 68.9142024 ], [ 20.3066373, 68.8018074 ], [ 20.1940191, 68.6721917 ], [ 20.0263154, 68.5692817 ], [ 20.1265513, 68.4619276 ], [ 19.9401881, 68.3773965 ], [ 19.4756487, 68.4437748 ], [ 19.0289176, 68.5076083 ], [ 18.6280331, 68.5130267 ], [ 18.4089503, 68.5715807 ], [ 18.125925, 68.536516 ], [ 18.1042293, 68.403603 ], [ 18.1428797, 68.1969628 ], [ 17.9081854, 67.980084500000018 ], [ 17.5662331, 68.0560618 ], [ 17.3127186, 68.1123894 ], [ 17.2719474, 68.1124542 ], [ 17.1694537, 68.0475056 ], [ 16.7719366, 67.9253322 ], [ 16.5548894, 67.6722894 ], [ 16.4786842, 67.5834463 ], [ 16.3977382, 67.5353013 ], [ 16.1667856, 67.516311 ], [ 16.1019876, 67.4458452 ], [ 16.391626, 67.2115647 ], [ 16.3805644, 67.0498066 ], [ 16.0509717, 66.9172335 ], [ 15.8695371, 66.780487900000011 ], [ 15.6295651, 66.601556 ], [ 15.5518354, 66.5665626 ], [ 15.5230823, 66.5536181 ], [ 15.3873791, 66.4810182 ], [ 15.4539945, 66.3452335 ], [ 15.460317, 66.2768246 ], [ 15.04726, 66.1579307 ], [ 15.0214568, 66.1565245 ], [ 14.5315521, 66.1298269 ], [ 14.5875627, 65.8946454 ], [ 14.6179134, 65.8134875 ], [ 14.5428131, 65.6961366 ], [ 14.5074033, 65.5573262 ], [ 14.5028156, 65.3209091 ], [ 14.4683364, 65.2941411 ], [ 14.3652601, 65.2141173 ], [ 14.325985, 65.118916 ], [ 14.4683364, 65.0676279 ], [ 14.6805611, 64.9911651 ], [ 14.845569, 64.8834644 ], [ 14.9743019, 64.838046 ], [ 15.0559644, 64.7628844 ], [ 15.286013, 64.6881693 ], [ 15.3270798, 64.6147356 ], [ 15.5202846, 64.5236252 ], [ 15.5904541, 64.4549356 ], [ 15.6255516, 64.4556794 ], [ 15.6524657, 64.5109364 ], [ 15.6903887, 64.5216705 ], [ 15.7542356, 64.4125127 ], [ 16.0101218, 64.3322924 ], [ 16.0291572, 64.2904168 ], [ 16.0430721, 64.2598058 ], [ 16.2357669, 64.2522092 ], [ 16.5788716, 64.0929146 ], [ 16.6927453, 64.040046 ], [ 16.718954, 64.027878 ], [ 16.8996315, 63.9480985 ], [ 17.5662331, 63.8936829 ], [ 17.7171426, 63.8813639 ], [ 18.4016073, 63.9919654 ], [ 18.4646224, 63.961788399999989 ], [ 18.4316698, 63.912565799999989 ], [ 18.4802022, 63.8574769 ], [ 18.5729875, 63.8265597 ], [ 18.7512823, 63.8092135 ], [ 18.7744998, 63.8038982 ], [ 18.9382615, 63.7664077 ], [ 19.1656176, 63.6065582 ], [ 19.286468, 63.4697195 ], [ 19.4727459, 63.4327177 ], [ 19.4533773, 63.5280485 ], [ 19.4807379, 63.557432 ], [ 19.5717922, 63.5194855 ], [ 19.6403358, 63.448831 ], [ 19.7197736, 63.4485999 ], [ 19.7571804, 63.5329175 ], [ 19.882071, 63.6004279 ], [ 19.9859524, 63.6186476 ], [ 20.0497206, 63.6636271 ], [ 20.2862214, 63.6658314 ], [ 20.3265398, 63.727269 ], [ 20.413247, 63.6852408 ], [ 20.4953145, 63.7917523 ], [ 20.5621762, 63.759971 ], [ 20.6671116, 63.8082016 ], [ 20.8133803, 63.9343945 ], [ 20.9034375, 64.0028834 ], [ 20.9276559, 64.040046 ], [ 20.9621097, 64.0929146 ], [ 21.0000529, 64.1511377 ], [ 21.2156416, 64.2598058 ], [ 21.2763714, 64.2904168 ], [ 21.3594492, 64.3322924 ], [ 21.5500748, 64.4283778 ], [ 21.5020144, 64.4705805 ], [ 21.4720153, 64.5551715 ], [ 21.2394442, 64.6413122 ], [ 21.2597227, 64.6977643 ], [ 21.2427017, 64.7567063 ], [ 21.1247421, 64.8180107 ], [ 21.2531131, 64.8826978 ], [ 21.2844629, 64.9517978 ], [ 21.4880914, 65.0184705 ], [ 21.5436045, 65.063059 ], [ 21.5481544, 65.1190916 ], [ 21.5607681, 65.2143765 ], [ 21.6455014, 65.2905292 ], [ 21.6176347, 65.3488944 ], [ 21.560519, 65.3590838 ], [ 21.573518, 65.3860889 ], [ 21.7788027, 65.3684808 ], [ 21.9779935, 65.4415793 ], [ 21.9390315, 65.514552 ], [ 22.0822995, 65.5048939 ], [ 22.1655863, 65.5529242 ], [ 22.2176182, 65.5334124 ], [ 22.2590987, 65.5579648 ], [ 22.329633, 65.5085004 ], [ 22.3614443, 65.6148817 ], [ 22.3387845, 65.7473951 ], [ 22.3903522, 65.8466417 ], [ 22.6704232, 65.7729508 ], [ 22.7084814, 65.8738354 ], [ 22.926544, 65.791801800000016 ], [ 23.1087817, 65.7232453 ], [ 23.2535215, 65.7322702 ], [ 23.2394339, 65.8132493 ], [ 23.4103422, 65.7686962 ], [ 23.6876494, 65.820595 ], [ 23.8096547, 65.7827469 ], [ 24.155129, 65.816027 ], [ 24.0848281, 65.9350282 ], [ 23.9463126, 66.0771638 ], [ 23.9153772, 66.1537798 ], [ 23.7332605, 66.1973502 ], [ 23.6521396, 66.2957927 ], [ 23.6753804, 66.3772174 ], [ 23.6535323, 66.446861 ], [ 23.8584476, 66.5638931 ], [ 23.8792773, 66.6209686 ], [ 23.8899919, 66.7559372 ], [ 23.9782421, 66.796335 ], [ 23.9827501, 66.8311294 ], [ 23.5630504, 67.1726827 ], [ 23.5836398, 67.2078468 ], [ 23.5691982, 67.2585003 ], [ 23.711354, 67.2839255 ], [ 23.7587794, 67.3230786 ], [ 23.7484787, 67.4278922 ], [ 23.4781321, 67.4514989 ], [ 23.4124192, 67.4835096 ], [ 23.550274, 67.6061432 ], [ 23.4852328, 67.6958544 ], [ 23.4876894, 67.8484634 ], [ 23.6413206, 67.9207577 ], [ 23.6454577, 67.9550474 ], [ 23.3899386, 68.0513872 ], [ 23.2973899, 68.1475896 ], [ 23.161984, 68.1436508 ], [ 23.1419063, 68.2369229 ], [ 23.0870684, 68.277751 ], [ 23.0539175, 68.3024326 ], [ 22.926544, 68.3482606 ], [ 22.3055095, 68.4791241 ], [ 22.0496521, 68.4874981 ] ] ], [ [ [ 24.1242995, 65.754625 ], [ 24.0884849, 65.7036658 ], [ 24.1312088, 65.6789862 ], [ 24.1419088, 65.7027868 ], [ 24.1242995, 65.754625 ] ] ], [ [ [ 23.7801937, 65.7546863 ], [ 23.7455701, 65.7370919 ], [ 23.6813627, 65.737619 ], [ 23.6766205, 65.7185865 ], [ 23.7431631, 65.6965688 ], [ 23.7895261, 65.7171244 ], [ 23.8085074, 65.7460737 ], [ 23.7801937, 65.7546863 ] ] ], [ [ [ 23.480214, 65.7558965 ], [ 23.4688273, 65.7173286 ], [ 23.5069312, 65.7052407 ], [ 23.5317859, 65.7489799 ], [ 23.480214, 65.7558965 ] ] ], [ [ [ 22.9264404, 65.7405852 ], [ 22.8727989, 65.7099259 ], [ 22.9566407, 65.6699361 ], [ 22.9855431, 65.7005514 ], [ 22.9264404, 65.7405852 ] ] ], [ [ [ 22.7540301, 65.7669395 ], [ 22.7343113, 65.7669395 ], [ 22.7258785, 65.7510342 ], [ 22.7432345, 65.7144632 ], [ 22.8051497, 65.7059754 ], [ 22.830331, 65.7178343 ], [ 22.7540301, 65.7669395 ] ] ], [ [ [ 22.756326, 65.5741276 ], [ 22.7371591, 65.5547893 ], [ 22.8232521, 65.5280833 ], [ 22.8179646, 65.5594843 ], [ 22.756326, 65.5741276 ] ] ], [ [ [ 22.7317611, 65.6887217 ], [ 22.6975332, 65.6953122 ], [ 22.6686697, 65.6775861 ], [ 22.6912431, 65.6498486 ], [ 22.7357681, 65.6620479 ], [ 22.7317611, 65.6887217 ] ] ], [ [ [ 22.6985976, 65.5687317 ], [ 22.6572239, 65.577217 ], [ 22.6417527, 65.5540942 ], [ 22.685329, 65.52183 ], [ 22.664777, 65.4919876 ], [ 22.7187679, 65.4750639 ], [ 22.7152939, 65.5314638 ], [ 22.6985976, 65.5687317 ] ] ], [ [ [ 22.6320703, 65.6778562 ], [ 22.5866775, 65.6664177 ], [ 22.6162561, 65.6278583 ], [ 22.6400005, 65.6267509 ], [ 22.6486531, 65.6644959 ], [ 22.6320703, 65.6778562 ] ] ], [ [ [ 22.5812114, 65.597977 ], [ 22.5477324, 65.5719547 ], [ 22.6087973, 65.5463548 ], [ 22.641727, 65.5859753 ], [ 22.5812114, 65.597977 ] ] ], [ [ [ 22.6033523, 65.5479779 ], [ 22.5794878, 65.5241226 ], [ 22.5879563, 65.5113804 ], [ 22.615113, 65.5007737 ], [ 22.6313563, 65.5137219 ], [ 22.6033523, 65.5479779 ] ] ], [ [ [ 22.5706747, 65.5114534 ], [ 22.4907276, 65.5051052 ], [ 22.5147012, 65.4727392 ], [ 22.5675252, 65.4732114 ], [ 22.5706747, 65.5114534 ] ] ], [ [ [ 22.3679442, 65.4738643 ], [ 22.3386809, 65.4370288 ], [ 22.4067207, 65.4321735 ], [ 22.4121718, 65.4620688 ], [ 22.3679442, 65.4738643 ] ] ], [ [ [ 22.2969656, 65.4815245 ], [ 22.26683, 65.4293668 ], [ 22.3174847, 65.4243197 ], [ 22.3290947, 65.4524192 ], [ 22.2969656, 65.4815245 ] ] ], [ [ [ 22.1909362, 65.4675661 ], [ 22.1584492, 65.4728416 ], [ 22.1426905, 65.4535841 ], [ 22.1473181, 65.4352211 ], [ 22.230163, 65.4205712 ], [ 22.2345689, 65.4366692 ], [ 22.1909362, 65.4675661 ] ] ], [ [ [ 21.9893409, 65.4075088 ], [ 21.9520212, 65.3959442 ], [ 22.0061276, 65.3594835 ], [ 22.0414929, 65.3803336 ], [ 21.9893409, 65.4075088 ] ] ], [ [ [ 21.7692705, 65.2834588 ], [ 21.7583958, 65.2744543 ], [ 21.7702865, 65.2163553 ], [ 21.8340861, 65.1957191 ], [ 21.8298288, 65.2682464 ], [ 21.7692705, 65.2834588 ] ] ], [ [ [ 21.6881418, 65.2527442 ], [ 21.6607838, 65.2216293 ], [ 21.7224646, 65.1965962 ], [ 21.7334865, 65.2202524 ], [ 21.6881418, 65.2527442 ] ] ], [ [ [ 21.7204173, 65.3140883 ], [ 21.6568249, 65.3337707 ], [ 21.6720341, 65.280931 ], [ 21.7136418, 65.289314 ], [ 21.7204173, 65.3140883 ] ] ], [ [ [ 20.8950061, 63.8187044 ], [ 20.8348653, 63.7757242 ], [ 20.8762793, 63.6759849 ], [ 20.9401341, 63.7481511 ], [ 20.8950061, 63.8187044 ] ] ], [ [ [ 20.7968072, 63.6328553 ], [ 20.7549273, 63.6224733 ], [ 20.7449456, 63.6020112 ], [ 20.7603606, 63.5891347 ], [ 20.8098575, 63.5898416 ], [ 20.7968072, 63.6328553 ] ] ] ] } },
{ "type": "Feature", "properties": { "region": "SI031", "SampSize": 61.0, "F1_wgt_F1_wgt_Direct": 0.5131368874592378, "F1_wgt_F1_wgt_SD": 0.067364588996147765, "F1_wgt_F1_wgt_CV": 13.127995792642956, "F2_wgt_Direct": 0.46618583066335262, "F2_wgt_SD": 0.062736908682948053, "F2_wgt_CV": 13.457489386512981, "F3_wgt_Direct": 0.5038369172564231, "F3_wgt_SD": 0.066835621572578219, "F3_wgt_CV": 13.265328379770722, "F4_wgt_Direct": 0.48410431012647043, "F4_wgt_SD": 0.065980644038132988, "F4_wgt_CV": 13.629427100307328, "F5_wgt_Direct": 0.52320404948332622, "F5_wgt_SD": 0.069835114328519243, "F5_wgt_CV": 13.347586739338643 }, "geometry": { "type": "MultiPolygon", "coordinates": [ [ [ [ 16.3199604, 46.7668236 ], [ 16.3414732, 46.8267323 ], [ 16.3170977, 46.8575304 ], [ 16.113849, 46.869068 ], [ 15.996236, 46.8353985 ], [ 16.0084256, 46.6812887 ], [ 15.786422, 46.7074695 ], [ 15.8875416, 46.658532799999989 ], [ 16.0147351, 46.5147375 ], [ 16.1999711, 46.4742953 ], [ 16.2421485, 46.4900755 ], [ 16.3798317, 46.5403109 ], [ 16.596805, 46.4759025 ], [ 16.4027545, 46.6342476 ], [ 16.4201813, 46.6846442 ], [ 16.3707935, 46.7222435 ], [ 16.3199604, 46.7668236 ] ] ] ] } },
{ "type": "Feature", "properties": { "region": "SI032", "SampSize": 143.0, "F1_wgt_F1_wgt_Direct": 0.51347743165924986, "F1_wgt_F1_wgt_SD": 0.044481513740715149, "F1_wgt_F1_wgt_CV": 8.6627982065302636, "F2_wgt_Direct": 0.49934268185801933, "F2_wgt_SD": 0.043499527230804177, "F2_wgt_CV": 8.7113577130930366, "F3_wgt_Direct": 0.50784936922063628, "F3_wgt_SD": 0.044051580512552237, "F3_wgt_CV": 8.674143000345822, "F4_wgt_Direct": 0.46512919347989412, "F4_wgt_SD": 0.041112858008873127, "F4_wgt_CV": 8.8390190478659534, "F5_wgt_Direct": 0.5082495492297282, "F5_wgt_SD": 0.04423892366227463, "F5_wgt_CV": 8.7041737133501496 }, "geometry": { "type": "MultiPolygon", "coordinates": [ [ [ [ 16.1999711, 46.4742953 ], [ 16.0147351, 46.5147375 ], [ 15.8875416, 46.658532799999989 ], [ 15.786422, 46.7074695 ], [ 15.649988, 46.705757 ], [ 15.4979118, 46.6180109 ], [ 15.4019795, 46.6535485 ], [ 15.4387418, 46.5825569 ], [ 15.3617687, 46.5698428 ], [ 15.3141415, 46.479626 ], [ 15.4111581, 46.4211608 ], [ 15.4364803, 46.365359 ], [ 15.529948, 46.3448613 ], [ 15.5685, 46.2883372 ], [ 15.7707183, 46.2548905 ], [ 15.7914755, 46.2593275 ], [ 15.8734945, 46.2793195 ], [ 16.005315, 46.3122077 ], [ 16.1085894, 46.3966444 ], [ 16.301549, 46.378288 ], [ 16.2421485, 46.4900755 ], [ 16.1999711, 46.4742953 ] ] ] ] } },
{ "type": "Feature", "properties": { "region": "SI033", "SampSize": 28.0, "F1_wgt_F1_wgt_Direct": 0.50608846598945612, "F1_wgt_F1_wgt_SD": 0.10071144359955332, "F1_wgt_F1_wgt_CV": 19.899968161228855, "F2_wgt_Direct": 0.4907662451483662, "F2_wgt_SD": 0.095250036269148686, "F2_wgt_CV": 19.408432672534989, "F3_wgt_Direct": 0.53190240577588177, "F3_wgt_SD": 0.10897409527430878, "F3_wgt_CV": 20.487610902106965, "F4_wgt_Direct": 0.44085583388943078, "F4_wgt_SD": 0.088259313995178043, "F4_wgt_CV": 20.019994567501627, "F5_wgt_Direct": 0.49386790762135752, "F5_wgt_SD": 0.096973239985955043, "F5_wgt_CV": 19.635460917679879 }, "geometry": { "type": "MultiPolygon", "coordinates": [ [ [ [ 15.3617687, 46.5698428 ], [ 15.4387418, 46.5825569 ], [ 15.4019795, 46.6535485 ], [ 15.0651205, 46.6521125 ], [ 14.8747311, 46.601569 ], [ 14.8131773, 46.5151785 ], [ 14.7250223, 46.496642 ], [ 14.6745805, 46.4506875 ], [ 14.843307, 46.4202063 ], [ 14.9719079, 46.4483108 ], [ 15.2092495, 46.3894565 ], [ 15.3141415, 46.479626 ], [ 15.3617687, 46.5698428 ] ] ] ] } },
{ "type": "Feature", "properties": { "region": "SI034", "SampSize": 140.0, "F1_wgt_F1_wgt_Direct": 0.4978005657708629, "F1_wgt_F1_wgt_SD": 0.043493756232247709, "F1_wgt_F1_wgt_CV": 8.737184973845098, "F2_wgt_Direct": 0.49358175785651687, "F2_wgt_SD": 0.042933557253958692, "F2_wgt_CV": 8.6983679138399967, "F3_wgt_Direct": 0.45771211470981754, "F3_wgt_SD": 0.040278493673302697, "F3_wgt_CV": 8.7999623297798539, "F4_wgt_Direct": 0.43985229197679782, "F4_wgt_SD": 0.038976670150467962, "F4_wgt_CV": 8.8613088669602682, "F5_wgt_Direct": 0.47752302894897186, "F5_wgt_SD": 0.041974835354193767, "F5_wgt_CV": 8.7901175041924944 }, "geometry": { "type": "MultiPolygon", "coordinates": [ [ [ [ 15.7707183, 46.2548905 ], [ 15.5685, 46.2883372 ], [ 15.529948, 46.3448613 ], [ 15.4364803, 46.365359 ], [ 15.4111581, 46.4211608 ], [ 15.3141415, 46.479626 ], [ 15.2092495, 46.3894565 ], [ 14.9719079, 46.4483108 ], [ 14.843307, 46.4202063 ], [ 14.6745805, 46.4506875 ], [ 14.5973837, 46.4275161 ], [ 14.5651755, 46.3724535 ], [ 14.565212, 46.367697 ], [ 14.6318572, 46.355340399999989 ], [ 14.7052671, 46.2624631 ], [ 14.8577664, 46.2464011 ], [ 14.9087645, 46.207566 ], [ 15.1096513, 46.1814056 ], [ 15.1735853, 46.1241181 ], [ 15.1549005, 46.0934105 ], [ 15.4715835, 46.0681025 ], [ 15.6026406, 46.0129321 ], [ 15.627262, 46.0859535 ], [ 15.6046659, 46.1429831 ], [ 15.6552788, 46.2143948 ], [ 15.7707183, 46.2102334 ], [ 15.7946262, 46.2337548 ], [ 15.7914755, 46.2593275 ], [ 15.7707183, 46.2548905 ] ] ] ] } },
{ "type": "Feature", "properties": { "region": "SI035", "SampSize": 22.0, "F1_wgt_F1_wgt_Direct": 0.51704852303412163, "F1_wgt_F1_wgt_SD": 0.11380465140621468, "F1_wgt_F1_wgt_CV": 22.010439317840262, "F2_wgt_Direct": 0.51333559078957858, "F2_wgt_SD": 0.11319763598461932, "F2_wgt_CV": 22.051390555349229, "F3_wgt_Direct": 0.48781104917348073, "F3_wgt_SD": 0.1054764921712182, "F3_wgt_CV": 21.622407354226919, "F4_wgt_Direct": 0.42156110149282983, "F4_wgt_SD": 0.094242556640209238, "F4_wgt_CV": 22.355610208455673, "F5_wgt_Direct": 0.451154515802839, "F5_wgt_SD": 0.10080893873575646, "F5_wgt_CV": 22.344659136651845 }, "geometry": { "type": "MultiPolygon", "coordinates": [ [ [ [ 15.1735853, 46.1241181 ], [ 15.1096513, 46.1814056 ], [ 14.9087645, 46.207566 ], [ 14.7351932, 46.0801294 ], [ 14.7947717, 46.0487708 ], [ 14.8814512, 46.0617633 ], [ 14.9265986, 46.0208959 ], [ 14.948575, 45.9786105 ], [ 15.0977043, 46.0208959 ], [ 15.0811367, 46.0735235 ], [ 15.1549005, 46.0934105 ], [ 15.1735853, 46.1241181 ] ] ] ] } },
{ "type": "Feature", "properties": { "region": "SI036", "SampSize": 41.0, "F1_wgt_F1_wgt_Direct": 0.51107769313516715, "F1_wgt_F1_wgt_SD": 0.082560722634641287, "F1_wgt_F1_wgt_CV": 16.154241075985691, "F2_wgt_Direct": 0.43181526688185379, "F2_wgt_SD": 0.072210549265716933, "F2_wgt_CV": 16.722555871437962, "F3_wgt_Direct": 0.40866480762351359, "F3_wgt_SD": 0.067613216088229552, "F3_wgt_CV": 16.544907911551533, "F4_wgt_Direct": 0.39247653435930691, "F4_wgt_SD": 0.066872442379875621, "F4_wgt_CV": 17.038583590491758, "F5_wgt_Direct": 0.45592641926251992, "F5_wgt_SD": 0.075186538306146064, "F5_wgt_CV": 16.49093694279955 }, "geometry": { "type": "MultiPolygon", "coordinates": [ [ [ [ 15.6026406, 46.0129321 ], [ 15.4715835, 46.0681025 ], [ 15.1549005, 46.0934105 ], [ 15.0811367, 46.0735235 ], [ 15.0977043, 46.0208959 ], [ 15.2093969, 45.9375051 ], [ 15.3333802, 45.9479222 ], [ 15.404425, 45.792717 ], [ 15.571014, 45.8460259 ], [ 15.6728968, 45.8361353 ], [ 15.7064075, 45.975262 ], [ 15.7154713, 46.0208959 ], [ 15.7037062, 46.0586396 ], [ 15.627262, 46.0859535 ], [ 15.6026406, 46.0129321 ] ] ] ] } },
{ "type": "Feature", "properties": { "region": "SI037", "SampSize": 84.0, "F1_wgt_F1_wgt_Direct": 0.50890446187475891, "F1_wgt_F1_wgt_SD": 0.057962288340807758, "F1_wgt_F1_wgt_CV": 11.389620780151905, "F2_wgt_Direct": 0.45030987855264809, "F2_wgt_SD": 0.051990977590974062, "F2_wgt_CV": 11.545600056139014, "F3_wgt_Direct": 0.49618391268859552, "F3_wgt_SD": 0.056930977648135532, "F3_wgt_CV": 11.473765310054571, "F4_wgt_Direct": 0.46998571257464539, "F4_wgt_SD": 0.054142721985696529, "F4_wgt_CV": 11.520078278357731, "F5_wgt_Direct": 0.50979103692995131, "F5_wgt_SD": 0.05768889291658804, "F5_wgt_CV": 11.316184227953556 }, "geometry": { "type": "MultiPolygon", "coordinates": [ [ [ [ 15.3333802, 45.9479222 ], [ 15.2093969, 45.9375051 ], [ 15.0977043, 46.0208959 ], [ 14.948575, 45.9786105 ], [ 14.8909966, 45.9316355 ], [ 14.8029239, 45.7573175 ], [ 14.6880924, 45.8073074 ], [ 14.5648075, 45.791462 ], [ 14.5712081, 45.7472521 ], [ 14.5465933, 45.7284834 ], [ 14.5700125, 45.6729445 ], [ 14.7001256, 45.533547 ], [ 14.8195703, 45.4691172 ], [ 14.896416, 45.4806507 ], [ 14.9384583, 45.5206971 ], [ 15.1558527, 45.4295847 ], [ 15.2264375, 45.427088 ], [ 15.3468136, 45.48382 ], [ 15.2975668, 45.5982327 ], [ 15.3823627, 45.6610871 ], [ 15.2953051, 45.7234852 ], [ 15.3312905, 45.762855 ], [ 15.404425, 45.792717 ], [ 15.3333802, 45.9479222 ] ] ] ] } },
{ "type": "Feature", "properties": { "region": "SI038", "SampSize": 18.0, "F1_wgt_F1_wgt_Direct": 0.47657265726572662, "F1_wgt_F1_wgt_SD": 0.11837930763075218, "F1_wgt_F1_wgt_CV": 24.839718734586661, "F2_wgt_Direct": 0.47957444736585847, "F2_wgt_SD": 0.11686775825842546, "F2_wgt_CV": 24.369054460749702, "F3_wgt_Direct": 0.41406510769472427, "F3_wgt_SD": 0.10456071777489352, "F3_wgt_CV": 25.25224073021446, "F4_wgt_Direct": 0.3836038248093584, "F4_wgt_SD": 0.095669396438269119, "F4_wgt_CV": 24.939635699882412, "F5_wgt_Direct": 0.42283460176744447, "F5_wgt_SD": 0.10671704306438506, "F5_wgt_CV": 25.238483941075039 }, "geometry": { "type": "MultiPolygon", "coordinates": [ [ [ [ 14.4828624, 45.874677899999988 ], [ 14.4004427, 45.8619094 ], [ 14.3188101, 45.8936507 ], [ 14.2707243, 45.8525459 ], [ 14.1295775, 45.869499 ], [ 14.0622761, 45.8358273 ], [ 14.0423715, 45.761359 ], [ 14.0895459, 45.7264518 ], [ 14.0752108, 45.6679262 ], [ 14.1181965, 45.481239 ], [ 14.3188101, 45.476458 ], [ 14.4744538, 45.5328642 ], [ 14.5700125, 45.6729445 ], [ 14.5465933, 45.7284834 ], [ 14.5712081, 45.7472521 ], [ 14.5648075, 45.791462 ], [ 14.4828624, 45.874677899999988 ] ] ] ] } },
{ "type": "Feature", "properties": { "region": "SI041", "SampSize": 234.0, "F1_wgt_F1_wgt_Direct": 0.52823051535922827, "F1_wgt_F1_wgt_SD": 0.0355976160455313, "F1_wgt_F1_wgt_CV": 6.739030595633575, "F2_wgt_Direct": 0.51403121418458841, "F2_wgt_SD": 0.034892997795374942, "F2_wgt_CV": 6.7881087436929226, "F3_wgt_Direct": 0.53629986573086064, "F3_wgt_SD": 0.036463933830331037, "F3_wgt_CV": 6.7991689277487675, "F4_wgt_Direct": 0.43942042805679166, "F4_wgt_SD": 0.030453410346040339, "F4_wgt_CV": 6.9303583542330154, "F5_wgt_Direct": 0.49692523565568641, "F5_wgt_SD": 0.034029537068970973, "F5_wgt_CV": 6.8480195062078986 }, "geometry": { "type": "MultiPolygon", "coordinates": [ [ [ [ 14.8577664, 46.2464011 ], [ 14.7052671, 46.2624631 ], [ 14.6318572, 46.355340399999989 ], [ 14.565212, 46.367697 ], [ 14.5356941, 46.2374122 ], [ 14.3206949, 46.1079634 ], [ 14.2358481, 46.090379 ], [ 14.1401115, 46.0046585 ], [ 14.1049746, 45.9331325 ], [ 14.1295775, 45.869499 ], [ 14.2707243, 45.8525459 ], [ 14.3188101, 45.8936507 ], [ 14.4004427, 45.8619094 ], [ 14.4828624, 45.874677899999988 ], [ 14.5648075, 45.791462 ], [ 14.6880924, 45.8073074 ], [ 14.8029239, 45.7573175 ], [ 14.8909966, 45.9316355 ], [ 14.948575, 45.9786105 ], [ 14.9265986, 46.0208959 ], [ 14.8814512, 46.0617633 ], [ 14.7947717, 46.0487708 ], [ 14.7351932, 46.0801294 ], [ 14.9087645, 46.207566 ], [ 14.8577664, 46.2464011 ] ] ] ] } },
{ "type": "Feature", "properties": { "region": "SI042", "SampSize": 97.0, "F1_wgt_F1_wgt_Direct": 0.53466645633635534, "F1_wgt_F1_wgt_SD": 0.055845221792162197, "F1_wgt_F1_wgt_CV": 10.444871027598245, "F2_wgt_Direct": 0.51166683231385024, "F2_wgt_SD": 0.053880592964007289, "F2_wgt_CV": 10.530405639222201, "F3_wgt_Direct": 0.51519976390131228, "F3_wgt_SD": 0.055049619323583439, "F3_wgt_CV": 10.685101815017198, "F4_wgt_Direct": 0.46004830506277061, "F4_wgt_SD": 0.049532852597450168, "F4_wgt_CV": 10.766880793244468, "F5_wgt_Direct": 0.5091595398976918, "F5_wgt_SD": 0.054122614520364203, "F5_wgt_CV": 10.62979484411494 }, "geometry": { "type": "MultiPolygon", "coordinates": [ [ [ [ 13.9149187, 46.5164981 ], [ 13.714185, 46.5227035 ], [ 13.684032, 46.4374725 ], [ 13.8096811, 46.3839574 ], [ 13.7472151, 46.3185377 ], [ 13.7546347, 46.2754458 ], [ 13.9842168, 46.2218892 ], [ 14.0519774, 46.1531798 ], [ 14.041744, 46.0728553 ], [ 14.1401115, 46.0046585 ], [ 14.2358481, 46.090379 ], [ 14.3206949, 46.1079634 ], [ 14.5356941, 46.2374122 ], [ 14.565212, 46.367697 ], [ 14.5651755, 46.3724535 ], [ 14.5263335, 46.4149557 ], [ 14.4345005, 46.4429435 ], [ 14.1678442, 46.4400095 ], [ 14.1017617, 46.4793177 ], [ 13.9149187, 46.5164981 ] ] ] ] } },
{ "type": "Feature", "properties": { "region": "SI043", "SampSize": 79.0, "F1_wgt_F1_wgt_Direct": 0.53164215155692784, "F1_wgt_F1_wgt_SD": 0.061316017029857922, "F1_wgt_F1_wgt_CV": 11.533324972501216, "F2_wgt_Direct": 0.49610046705643501, "F2_wgt_SD": 0.058522583041236378, "F2_wgt_CV": 11.796518432742982, "F3_wgt_Direct": 0.51695294378172107, "F3_wgt_SD": 0.060003816306733918, "F3_wgt_CV": 11.607210487628061, "F4_wgt_Direct": 0.46803376740335761, "F4_wgt_SD": 0.055661332699600927, "F4_wgt_CV": 11.892589077153332, "F5_wgt_Direct": 0.52679591320374797, "F5_wgt_SD": 0.061371762496127039, "F5_wgt_CV": 11.650007328813576 }, "geometry": { "type": "MultiPolygon", "coordinates": [ [ [ [ 14.041744, 46.0728553 ], [ 14.0519774, 46.1531798 ], [ 13.9842168, 46.2218892 ], [ 13.7546347, 46.2754458 ], [ 13.7472151, 46.3185377 ], [ 13.8096811, 46.3839574 ], [ 13.684032, 46.4374725 ], [ 13.6035233, 46.4358594 ], [ 13.4519981, 46.3565473 ], [ 13.3980524, 46.2943814 ], [ 13.4363706, 46.2321735 ], [ 13.6553013, 46.1732587 ], [ 13.6309786, 46.1311161 ], [ 13.496939, 46.051335 ], [ 13.4995688, 46.0208959 ], [ 13.4901897, 46.0005797 ], [ 13.528696, 45.972578 ], [ 13.6353476, 45.9748107 ], [ 13.5836187, 45.8627722 ], [ 13.597145, 45.8195225 ], [ 13.6794683, 45.8204933 ], [ 13.7299697, 45.855407 ], [ 13.8759545, 45.8313301 ], [ 14.0423715, 45.761359 ], [ 14.0622761, 45.8358273 ], [ 14.1295775, 45.869499 ], [ 14.1049746, 45.9331325 ], [ 14.1401115, 46.0046585 ], [ 14.041744, 46.0728553 ] ] ] ] } },
{ "type": "Feature", "properties": { "region": "SI044", "SampSize": 58.0, "F1_wgt_F1_wgt_Direct": 0.48923150935783238, "F1_wgt_F1_wgt_SD": 0.066855658043435587, "F1_wgt_F1_wgt_CV": 13.665444020805332, "F2_wgt_Direct": 0.48620765208981842, "F2_wgt_SD": 0.067208452091563092, "F2_wgt_CV": 13.822993489034497, "F3_wgt_Direct": 0.48008817202990661, "F3_wgt_SD": 0.066846960735701511, "F3_wgt_CV": 13.923892449393096, "F4_wgt_Direct": 0.4299301795383299, "F4_wgt_SD": 0.061536905669973489, "F4_wgt_CV": 14.313232380209596, "F5_wgt_Direct": 0.49255089357554221, "F5_wgt_SD": 0.068402666497164616, "F5_wgt_CV": 13.887431205456489 }, "geometry": { "type": "MultiPolygon", "coordinates": [ [ [ [ 13.8759545, 45.8313301 ], [ 13.7299697, 45.855407 ], [ 13.6794683, 45.8204933 ], [ 13.597145, 45.8195225 ], [ 13.596243, 45.8079375 ], [ 13.7966932, 45.7383567 ], [ 13.9059968, 45.6338498 ], [ 13.8373352, 45.5868138 ], [ 13.7224819, 45.5948449 ], [ 13.7220307, 45.5916083 ], [ 13.7213335, 45.5889265 ], [ 13.7214834, 45.5863556 ], [ 13.7223579, 45.5839335 ], [ 13.723885, 45.5818598 ], [ 13.7259401, 45.5803046 ], [ 13.7455156, 45.5694965 ], [ 13.7459092, 45.5655342 ], [ 13.7360861, 45.5642747 ], [ 13.7337093, 45.5614348 ], [ 13.7339044, 45.5593761 ], [ 13.7411745, 45.557877 ], [ 13.732468, 45.556256 ], [ 13.7325978, 45.5512147 ], [ 13.7191143, 45.5436039 ], [ 13.7081593, 45.5467516 ], [ 13.693405, 45.547912499999988 ], [ 13.6799706, 45.5455146 ], [ 13.6738526, 45.5419832 ], [ 13.6692642, 45.5393345 ], [ 13.6572688, 45.5415873 ], [ 13.6566714, 45.5354829 ], [ 13.6463525, 45.533212 ], [ 13.639831, 45.53306 ], [ 13.6291495, 45.5338462 ], [ 13.6156475, 45.5398855 ], [ 13.6021797, 45.5363729 ], [ 13.6014269, 45.5326033 ], [ 13.6064232, 45.5310844 ], [ 13.6063402, 45.5285167 ], [ 13.5992433, 45.5257751 ], [ 13.5972769, 45.5254065 ], [ 13.5948435, 45.5241606 ], [ 13.5928987, 45.522239299999988 ], [ 13.5916234, 45.5198211 ], [ 13.5911362, 45.517131 ], [ 13.5914824, 45.5144192 ], [ 13.5922781, 45.5126353 ], [ 13.5947865, 45.5071175 ], [ 13.594336, 45.50282 ], [ 13.587113, 45.500128 ], [ 13.5855281, 45.4976789 ], [ 13.5923973, 45.4863048 ], [ 13.5872671, 45.4773644 ], [ 13.6013104, 45.4678244 ], [ 13.6023974, 45.4674058 ], [ 13.613984, 45.464669 ], [ 13.6209915, 45.463236 ], [ 13.6418188, 45.4595875 ], [ 13.647752, 45.457359 ], [ 13.651296, 45.454055 ], [ 13.7759742, 45.4622519 ], [ 13.869664, 45.4292142 ], [ 13.9753756, 45.4566249 ], [ 14.0041637, 45.5126326 ], [ 14.1112845, 45.4823355 ], [ 14.1181965, 45.481239 ], [ 14.0752108, 45.6679262 ], [ 14.0895459, 45.7264518 ], [ 14.0423715, 45.761359 ], [ 13.8759545, 45.8313301 ] ] ] ] } },
{ "type": "Feature", "properties": { "region": "SK010", "SampSize": 86.0, "F1_wgt_F1_wgt_Direct": 0.56696093556050486, "F1_wgt_F1_wgt_SD": 0.068434441538439833, "F1_wgt_F1_wgt_CV": 12.070398019712711, "F2_wgt_Direct": 0.56621330826794125, "F2_wgt_SD": 0.070024599371203644, "F2_wgt_CV": 12.367176530239179, "F3_wgt_Direct": 0.63008274915405382, "F3_wgt_SD": 0.077023155355908174, "F3_wgt_CV": 12.224292040897661, "F4_wgt_Direct": 0.69331815542800335, "F4_wgt_SD": 0.085015823682147829, "F4_wgt_CV": 12.262166080111568, "F5_wgt_Direct": 0.72120210292040665, "F5_wgt_SD": 0.085862409001788945, "F5_wgt_CV": 11.905457382071017 }, "geometry": { "type": "MultiPolygon", "coordinates": [ [ [ [ 17.3206085, 48.0695148 ], [ 17.316183, 48.1168189 ], [ 17.40004, 48.1617941 ], [ 17.4787357, 48.1612064 ], [ 17.5157517, 48.1969072 ], [ 17.4641383, 48.3548421 ], [ 17.3155952, 48.4667238 ], [ 17.3337584, 48.5041355 ], [ 17.3044392, 48.552297499999987 ], [ 17.3635, 48.628836 ], [ 17.3302208, 48.6450323 ], [ 17.2019986, 48.5617662 ], [ 16.949778, 48.535792 ], [ 16.851106, 48.438635 ], [ 16.8555712, 48.3528659 ], [ 16.9461936, 48.2614154 ], [ 16.976203, 48.1722445 ], [ 17.066741, 48.1186815 ], [ 17.0772068, 48.0377765 ], [ 17.1607975, 48.0066565 ], [ 17.2474275, 48.012009 ], [ 17.3206085, 48.0695148 ] ] ] ] } },
{ "type": "Feature", "properties": { "region": "SK021", "SampSize": 154.0, "F1_wgt_F1_wgt_Direct": 0.48956038927437545, "F1_wgt_F1_wgt_SD": 0.044438271011709579, "F1_wgt_F1_wgt_CV": 9.0771786250059598, "F2_wgt_Direct": 0.51781470810183028, "F2_wgt_SD": 0.04724525754237939, "F2_wgt_CV": 9.123969791350234, "F3_wgt_Direct": 0.49609755669044597, "F3_wgt_SD": 0.044268271606592149, "F3_wgt_CV": 8.9232996634600603, "F4_wgt_Direct": 0.45467978985152191, "F4_wgt_SD": 0.040573611131319201, "F4_wgt_CV": 8.9235572015568856, "F5_wgt_Direct": 0.4973639252914393, "F5_wgt_SD": 0.044948306277472663, "F5_wgt_CV": 9.0373072898550877 }, "geometry": { "type": "MultiPolygon", "coordinates": [ [ [ [ 17.1852027, 48.8660304 ], [ 17.0402535, 48.7567756 ], [ 16.940278, 48.6172455 ], [ 16.949778, 48.535792 ], [ 17.2019986, 48.5617662 ], [ 17.3302208, 48.6450323 ], [ 17.3635, 48.628836 ], [ 17.3044392, 48.552297499999987 ], [ 17.3337584, 48.5041355 ], [ 17.3155952, 48.4667238 ], [ 17.4641383, 48.3548421 ], [ 17.5157517, 48.1969072 ], [ 17.4787357, 48.1612064 ], [ 17.40004, 48.1617941 ], [ 17.316183, 48.1168189 ], [ 17.3206085, 48.0695148 ], [ 17.2474275, 48.012009 ], [ 17.3474269, 47.9822284 ], [ 17.459599, 47.8886162 ], [ 17.7054365, 47.7589925 ], [ 17.8812916, 47.9232001 ], [ 17.8734059, 48.0407919 ], [ 17.7835671, 48.1417446 ], [ 17.8650604, 48.1979924 ], [ 17.8486174, 48.3237421 ], [ 17.9526138, 48.4632622 ], [ 17.8666176, 48.5396761 ], [ 17.8988285, 48.5841341 ], [ 17.979113, 48.612531 ], [ 17.6927624, 48.6762584 ], [ 17.530245, 48.6366556 ], [ 17.4797784, 48.688876 ], [ 17.4768181, 48.750282 ], [ 17.3836203, 48.7796217 ], [ 17.3967255, 48.81335 ], [ 17.1852027, 48.8660304 ] ] ] ] } },
{ "type": "Feature", "properties": { "region": "SK022", "SampSize": 163.0, "F1_wgt_F1_wgt_Direct": 0.53348103350393439, "F1_wgt_F1_wgt_SD": 0.047884204402426918, "F1_wgt_F1_wgt_CV": 8.9758025862551651, "F2_wgt_Direct": 0.54149882978086705, "F2_wgt_SD": 0.048567808306530187, "F2_wgt_CV": 8.9691437239457272, "F3_wgt_Direct": 0.5111551460813385, "F3_wgt_SD": 0.048874296640620429, "F3_wgt_CV": 9.5615386082493288, "F4_wgt_Direct": 0.48841651489426929, "F4_wgt_SD": 0.047575321149322593, "F4_wgt_CV": 9.7407273706994797, "F5_wgt_Direct": 0.51432337736750444, "F5_wgt_SD": 0.049896960169016909, "F5_wgt_CV": 9.7014762238511985 }, "geometry": { "type": "MultiPolygon", "coordinates": [ [ [ [ 18.682854, 48.9404337 ], [ 18.5402091, 48.9619979 ], [ 18.5826394, 49.0408239 ], [ 18.5708746, 49.1204999 ], [ 18.3938635, 49.2881977 ], [ 18.322436, 49.315059 ], [ 18.1657047, 49.2655383 ], [ 18.0672223, 49.0407278 ], [ 17.9316688, 49.0148793 ], [ 17.877828, 48.9325155 ], [ 17.7866973, 48.9213734 ], [ 17.64693, 48.854266 ], [ 17.5474815, 48.8187541 ], [ 17.4537696, 48.8391464 ], [ 17.3967255, 48.81335 ], [ 17.3836203, 48.7796217 ], [ 17.4768181, 48.750282 ], [ 17.4797784, 48.688876 ], [ 17.530245, 48.6366556 ], [ 17.6927624, 48.6762584 ], [ 17.979113, 48.612531 ], [ 18.0126424, 48.6395998 ], [ 18.001554, 48.698809 ], [ 18.0923379, 48.6926932 ], [ 18.2378905, 48.6193416 ], [ 18.2303038, 48.5627054 ], [ 18.3190975, 48.5015564 ], [ 18.478677, 48.548604 ], [ 18.7072777, 48.6336707 ], [ 18.826351, 48.744059 ], [ 18.7207112, 48.8452518 ], [ 18.682854, 48.9404337 ] ] ] ] } },
{ "type": "Feature", "properties": { "region": "SK023", "SampSize": 172.0, "F1_wgt_F1_wgt_Direct": 0.60856161907638218, "F1_wgt_F1_wgt_SD": 0.053588375825840487, "F1_wgt_F1_wgt_CV": 8.8057436003229892, "F2_wgt_Direct": 0.55273481634184618, "F2_wgt_SD": 0.0490462482862868, "F2_wgt_CV": 8.8733777638413684, "F3_wgt_Direct": 0.56549795089593347, "F3_wgt_SD": 0.050051112687855601, "F3_wgt_CV": 8.8508035455404031, "F4_wgt_Direct": 0.51446876182584889, "F4_wgt_SD": 0.045805057868149021, "F4_wgt_CV": 8.9033700910405003, "F5_wgt_Direct": 0.55182292927402654, "F5_wgt_SD": 0.048312516131867642, "F5_wgt_CV": 8.755075871063779 }, "geometry": { "type": "MultiPolygon", "coordinates": [ [ [ [ 18.3190975, 48.5015564 ], [ 18.2303038, 48.5627054 ], [ 18.2378905, 48.6193416 ], [ 18.0923379, 48.6926932 ], [ 18.001554, 48.698809 ], [ 18.0126424, 48.6395998 ], [ 17.979113, 48.612531 ], [ 17.8988285, 48.5841341 ], [ 17.8666176, 48.5396761 ], [ 17.9526138, 48.4632622 ], [ 17.8486174, 48.3237421 ], [ 17.8650604, 48.1979924 ], [ 17.7835671, 48.1417446 ], [ 17.8734059, 48.0407919 ], [ 17.8812916, 47.9232001 ], [ 17.7054365, 47.7589925 ], [ 17.893923, 47.739457 ], [ 18.638923, 47.7600593 ], [ 18.7597057, 47.8132993 ], [ 18.848478, 47.818228 ], [ 18.767812, 47.8800948 ], [ 18.7668566, 47.973322 ], [ 18.8374653, 48.0456873 ], [ 18.928392, 48.0568325 ], [ 19.0143225, 48.0777365 ], [ 19.0610179, 48.1875179 ], [ 18.9168714, 48.164106499999988 ], [ 18.8136117, 48.1866797 ], [ 18.8466991, 48.2999432 ], [ 18.8146979, 48.3592874 ], [ 18.7328771, 48.4067733 ], [ 18.6504004, 48.350615 ], [ 18.5798572, 48.3565275 ], [ 18.5286729, 48.496171 ], [ 18.478677, 48.548604 ], [ 18.3190975, 48.5015564 ] ], [ [ 18.5698033, 48.3588136 ], [ 18.5747931, 48.316819 ], [ 18.536416, 48.3093361 ], [ 18.5151503, 48.349282699999989 ], [ 18.5698033, 48.3588136 ] ] ] ] } },
{ "type": "Feature", "properties": { "region": "SK031", "SampSize": 187.0, "F1_wgt_F1_wgt_Direct": 0.62431434182904555, "F1_wgt_F1_wgt_SD": 0.053084157917177431, "F1_wgt_F1_wgt_CV": 8.5027932822522487, "F2_wgt_Direct": 0.56793013990424956, "F2_wgt_SD": 0.048206364380292549, "F2_wgt_CV": 8.4880799579363622, "F3_wgt_Direct": 0.54407161112227176, "F3_wgt_SD": 0.046902736114807941, "F3_wgt_CV": 8.6206916802845779, "F4_wgt_Direct": 0.51903027400672241, "F4_wgt_SD": 0.045415693933312178, "F4_wgt_CV": 8.7501049953637118, "F5_wgt_Direct": 0.55858008543815429, "F5_wgt_SD": 0.048596647346647377, "F5_wgt_CV": 8.700032209083826 }, "geometry": { "type": "MultiPolygon", "coordinates": [ [ [ [ 19.6485523, 49.4082734 ], [ 19.4673865, 49.613767 ], [ 19.3520752, 49.5399798 ], [ 19.2509323, 49.520771 ], [ 19.163184, 49.4079838 ], [ 18.9950142, 49.3977802 ], [ 18.9593376, 49.5059138 ], [ 18.851551, 49.517189 ], [ 18.7518667, 49.4931665 ], [ 18.5664932, 49.5028445 ], [ 18.4588328, 49.405388699999989 ], [ 18.4035955, 49.3967455 ], [ 18.3916734, 49.3453327 ], [ 18.322436, 49.315059 ], [ 18.3938635, 49.2881977 ], [ 18.5708746, 49.1204999 ], [ 18.5826394, 49.0408239 ], [ 18.5402091, 48.9619979 ], [ 18.682854, 48.9404337 ], [ 18.7207112, 48.8452518 ], [ 18.826351, 48.744059 ], [ 18.9839883, 48.7517632 ], [ 19.0000388, 48.8417449 ], [ 19.0429972, 48.875924 ], [ 19.2357542, 48.8911572 ], [ 19.2817798, 48.8615946 ], [ 19.3844752, 48.9219546 ], [ 19.4947256, 48.9412543 ], [ 19.744107, 48.9021762 ], [ 19.9922545, 48.9075 ], [ 20.0352992, 48.9296263 ], [ 19.9946211, 48.9983958 ], [ 20.0308096, 49.0979837 ], [ 19.9591703, 49.115912 ], [ 19.8839295, 49.204177 ], [ 19.7720507, 49.2126362 ], [ 19.8100531, 49.2792959 ], [ 19.788192, 49.3981649 ], [ 19.6485523, 49.4082734 ] ] ] ] } },
{ "type": "Feature", "properties": { "region": "SK032", "SampSize": 149.0, "F1_wgt_F1_wgt_Direct": 0.4696323690172588, "F1_wgt_F1_wgt_SD": 0.048802731033834208, "F1_wgt_F1_wgt_CV": 10.391688106157931, "F2_wgt_Direct": 0.48564065349102842, "F2_wgt_SD": 0.049573714437782558, "F2_wgt_CV": 10.207900446847242, "F3_wgt_Direct": 0.46808760963618268, "F3_wgt_SD": 0.048584526335479383, "F3_wgt_CV": 10.379366027919712, "F4_wgt_Direct": 0.37603989192586462, "F4_wgt_SD": 0.039775724722504339, "F4_wgt_CV": 10.577527963534791, "F5_wgt_Direct": 0.42556026376801265, "F5_wgt_SD": 0.044802346276398328, "F5_wgt_CV": 10.5278500111142 }, "geometry": { "type": "MultiPolygon", "coordinates": [ [ [ [ 19.3844752, 48.9219546 ], [ 19.2817798, 48.8615946 ], [ 19.2357542, 48.8911572 ], [ 19.0429972, 48.875924 ], [ 19.0000388, 48.8417449 ], [ 18.9839883, 48.7517632 ], [ 18.826351, 48.744059 ], [ 18.7072777, 48.6336707 ], [ 18.478677, 48.548604 ], [ 18.5286729, 48.496171 ], [ 18.5798572, 48.3565275 ], [ 18.6504004, 48.350615 ], [ 18.7328771, 48.4067733 ], [ 18.8146979, 48.3592874 ], [ 18.8466991, 48.2999432 ], [ 18.8136117, 48.1866797 ], [ 18.9168714, 48.164106499999988 ], [ 19.0610179, 48.1875179 ], [ 19.0143225, 48.0777365 ], [ 19.2337379, 48.0582724 ], [ 19.471523, 48.101945 ], [ 19.5257494, 48.1960246 ], [ 19.635997, 48.2445682 ], [ 19.9229751, 48.136278 ], [ 20.051879, 48.167704 ], [ 20.1505326, 48.2462007 ], [ 20.3199347, 48.2771578 ], [ 20.463937, 48.463967 ], [ 20.3162466, 48.478521 ], [ 20.3468735, 48.5924661 ], [ 20.1882837, 48.7342808 ], [ 20.2074758, 48.8204552 ], [ 20.2674505, 48.874073 ], [ 19.9922545, 48.9075 ], [ 19.744107, 48.9021762 ], [ 19.4947256, 48.9412543 ], [ 19.3844752, 48.9219546 ] ] ], [ [ [ 18.5698033, 48.3588136 ], [ 18.5151503, 48.349282699999989 ], [ 18.536416, 48.3093361 ], [ 18.5747931, 48.316819 ], [ 18.5698033, 48.3588136 ] ] ] ] } },
{ "type": "Feature", "properties": { "region": "SK041", "SampSize": 139.0, "F1_wgt_F1_wgt_Direct": 0.49984342451879504, "F1_wgt_F1_wgt_SD": 0.051412766163776741, "F1_wgt_F1_wgt_CV": 10.285774232855497, "F2_wgt_Direct": 0.5000767874590949, "F2_wgt_SD": 0.051392785127528789, "F2_wgt_CV": 10.276978739336627, "F3_wgt_Direct": 0.50371852265853967, "F3_wgt_SD": 0.0532121842058857, "F3_wgt_CV": 10.563872840141148, "F4_wgt_Direct": 0.39500036614912742, "F4_wgt_SD": 0.04132951322628009, "F4_wgt_CV": 10.463158206460156, "F5_wgt_Direct": 0.46288157470507929, "F5_wgt_SD": 0.049101641184098287, "F5_wgt_CV": 10.607819335946337 }, "geometry": { "type": "MultiPolygon", "coordinates": [ [ [ [ 21.2870372, 49.4557973 ], [ 21.1949348, 49.4054171 ], [ 21.0754941, 49.4236981 ], [ 21.0896293, 49.3720552 ], [ 20.9379364, 49.3003698 ], [ 20.8133803, 49.3673195 ], [ 20.725619, 49.4144918 ], [ 20.6149395, 49.417833 ], [ 20.5657892, 49.3823767 ], [ 20.4604659, 49.4141292 ], [ 20.3596829, 49.4029668 ], [ 20.3119869, 49.355283 ], [ 20.2152436, 49.3448791 ], [ 20.1430226, 49.3042076 ], [ 20.0783365, 49.1872145 ], [ 19.9627469, 49.2303075 ], [ 19.8839295, 49.204177 ], [ 19.9591703, 49.115912 ], [ 20.0308096, 49.0979837 ], [ 19.9946211, 48.9983958 ], [ 20.0352992, 48.9296263 ], [ 19.9922545, 48.9075 ], [ 20.2674505, 48.874073 ], [ 20.3281887, 48.9174724 ], [ 20.3286147, 48.9567637 ], [ 20.4178673, 48.9964355 ], [ 20.5210927, 49.0055716 ], [ 20.6472065, 48.9566074 ], [ 20.7885809, 48.9901425 ], [ 20.8133803, 48.9851602 ], [ 20.9814247, 48.9513995 ], [ 21.0394581, 48.9044524 ], [ 21.2190875, 48.8759307 ], [ 21.2725052, 48.819299 ], [ 21.3864227, 48.8749108 ], [ 21.4747694, 48.8750968 ], [ 21.5514772, 48.7941363 ], [ 21.6884513, 48.7629138 ], [ 21.7932532, 48.798625 ], [ 21.8078134, 48.8937292 ], [ 21.9874676, 48.8428219 ], [ 22.1004461, 48.8439397 ], [ 22.2110698, 48.9258116 ], [ 22.2651078, 48.8717551 ], [ 22.3828175, 48.862264 ], [ 22.4676295, 48.9772884 ], [ 22.540465, 49.0160545 ], [ 22.56684, 49.0883775 ], [ 22.4218867, 49.105004799999989 ], [ 22.0596226, 49.2147196 ], [ 21.9591727, 49.3415235 ], [ 21.8414672, 49.3846208 ], [ 21.782328, 49.3663369 ], [ 21.6884513, 49.4132098 ], [ 21.6165888, 49.443754 ], [ 21.4667099, 49.4161342 ], [ 21.3977125, 49.433794 ], [ 21.2870372, 49.4557973 ] ] ] ] } },
{ "type": "Feature", "properties": { "region": "SK042", "SampSize": 131.0, "F1_wgt_F1_wgt_Direct": 0.42279565566974942, "F1_wgt_F1_wgt_SD": 0.045934992619941092, "F1_wgt_F1_wgt_CV": 10.86458481868164, "F2_wgt_Direct": 0.44241719831920578, "F2_wgt_SD": 0.046371056062259032, "F2_wgt_CV": 10.481295989041126, "F3_wgt_Direct": 0.41367992961865113, "F3_wgt_SD": 0.042891518885387628, "F3_wgt_CV": 10.368286159042569, "F4_wgt_Direct": 0.35548292809673915, "F4_wgt_SD": 0.039294560926361771, "F4_wgt_CV": 11.053853172850079, "F5_wgt_Direct": 0.39857966865980959, "F5_wgt_SD": 0.0427348136747406, "F5_wgt_CV": 10.721774599901895 }, "geometry": { "type": "MultiPolygon", "coordinates": [ [ [ [ 22.2651078, 48.8717551 ], [ 22.2110698, 48.9258116 ], [ 22.1004461, 48.8439397 ], [ 21.9874676, 48.8428219 ], [ 21.8078134, 48.8937292 ], [ 21.7932532, 48.798625 ], [ 21.6884513, 48.7629138 ], [ 21.5514772, 48.7941363 ], [ 21.4747694, 48.8750968 ], [ 21.3864227, 48.8749108 ], [ 21.2725052, 48.819299 ], [ 21.2190875, 48.8759307 ], [ 21.0394581, 48.9044524 ], [ 20.9814247, 48.9513995 ], [ 20.8133803, 48.9851602 ], [ 20.7885809, 48.9901425 ], [ 20.6472065, 48.9566074 ], [ 20.5210927, 49.0055716 ], [ 20.4178673, 48.9964355 ], [ 20.3286147, 48.9567637 ], [ 20.3281887, 48.9174724 ], [ 20.2674505, 48.874073 ], [ 20.2074758, 48.8204552 ], [ 20.1882837, 48.7342808 ], [ 20.3468735, 48.5924661 ], [ 20.3162466, 48.478521 ], [ 20.463937, 48.463967 ], [ 20.5217503, 48.5319376 ], [ 20.7363163, 48.5722899 ], [ 20.8133803, 48.5776014 ], [ 21.1272753, 48.5065412 ], [ 21.4477071, 48.572207299999988 ], [ 21.5988754, 48.5040328 ], [ 21.6917152, 48.3897634 ], [ 21.7880426, 48.3445579 ], [ 22.0024126, 48.3850175 ], [ 22.1210775, 48.378311499999988 ], [ 22.155306, 48.4033965 ], [ 22.1668271, 48.5726791 ], [ 22.3395007, 48.6940118 ], [ 22.3828175, 48.862264 ], [ 22.2651078, 48.8717551 ] ] ] ] } }
]
}
